曲名,拼音,英文意译,标签,把握
平沙落雁,Pingsha Luoyan,Wild Geese Landing on the Sandbank,平静;苍茫;秋;飞鸟,高
梅花三弄,Meihua Sannong,Three Variations on Plum Blossom,清雅;冬雪;灵动,高
长门怨,Changmen Yuan,Lament of Changmen Palace,忧伤;孤寂;宫廷,高
潇湘水云,Xiaoxiang Shuiyun,Clouds over the Xiao and Xiang Rivers,苍茫;云;江河;忧伤,高
渔樵问答,Yu Qiao Wenda,Dialogue of the Fisherman and the Woodcutter,洒脱;恬淡;渔樵;高山,高
忆故人,Yi Guren,Remembering an Old Friend,思念;忧伤;夜,高
良宵引,Liangxiao Yin,Prelude to a Fine Night,平静;恬淡;月夜,高
流水,Liushui,Flowing Water,灵动;雄浑;流水;高山,高
醉渔唱晚,Zuiyu Changwan,Drunken Fisherman Singing at Dusk,醉;洒脱;渔樵;江河,高
关山月,Guanshan Yue,Moon over the Mountain Pass,思念;苍茫;塞外大漠;月夜,高
高山,Gaoshan,High Mountains,雄浑;庄严;高山,高
鸥鹭忘机,Oulu Wangji,Gulls and Egrets Free of Scheming,恬淡;洒脱;飞鸟;江河,高
酒狂,Jiukuang,Wine Madness,醉;洒脱;悲愤,高
胡笳十八拍,Hujia Shiba Pai,Eighteen Songs of a Nomad Flute,悲愤;思念;离别;塞外大漠,高
阳关三叠,Yangguan Sandie,Three Refrains of Yang Pass,离别;忧伤;塞外大漠,高
玉楼春晓,Yulou Chunxiao,Spring Dawn at the Jade Pavilion,清雅;思念;春,中
普庵咒,Pu'an Zhou,Pu'an Mantra,禅意;庄严;平静,高
风雷引,Fenglei Yin,Prelude of Wind and Thunder,激昂;雄浑;风,中
幽兰,Youlan,Solitary Orchid,孤寂;清雅;忧伤,高
水仙操,Shuixian Cao,The Water Immortal,苍茫;孤寂;仙境;江河,中
梧叶舞秋风,Wuye Wu Qiufeng,Parasol Leaves Dancing in the Autumn Wind,灵动;秋;风,高
龙翔操,Longxiang Cao,Soaring Dragon,雄浑;激昂;庄严,中
归去来辞,Guiqulai Ci,Returning Home,洒脱;恬淡;田园,高
捣衣,Daoyi,Pounding Clothes,思念;忧伤;秋;月夜,高
秋江夜泊,Qiujiang Yebo,Night Mooring on the Autumn River,孤寂;秋;江河;夜,高
广陵散,Guangling San,Guangling Melody,悲愤;激昂;雄浑,高
秋塞吟,Qiusai Yin,Autumn Frontier Chant,忧伤;苍茫;秋;塞外大漠,中
秋塞,Qiusai,Autumn Frontier,忧伤;苍茫;秋;塞外大漠,低
搔首问天,Saoshou Wentian,Scratching the Head and Asking Heaven,悲愤;忧伤,中
白雪,Baixue,White Snow,清雅;冬雪,中
渔歌,Yuge,Fisherman's Song,洒脱;渔樵;江河,高
阳春,Yangchun,Bright Spring,欢快;灵动;春,中
乌夜啼,Wuye Ti,Crows Cawing at Night,灵动;飞鸟;夜,低
墨子悲丝,Mozi Beisi,Mozi Lamenting the Silk,忧伤;孤寂,中
秋风词,Qiufeng Ci,Autumn Wind Lyric,思念;忧伤;秋;风,高
秋鸿,Qiuhong,Autumn Swan Goose,苍茫;秋;飞鸟,中
静观吟,Jingguan Yin,Chant of Quiet Contemplation,平静;禅意;恬淡,中
春山听杜鹃,Chunshan Ting Dujuan,Hearing the Cuckoo in Spring Mountains,灵动;春;高山;飞鸟,中
天风环珮,Tianfeng Huanpei,Heavenly Wind and Jade Pendants,清雅;仙境;风,中
孤馆遇神,Guguan Yushen,Meeting a Spirit in a Lonely Inn,孤寂;仙境;夜,中
楚歌,Chuge,Songs of Chu,悲愤;离别;激昂,中
沧海龙吟,Canghai Longyin,Dragon's Chant over the Vast Sea,雄浑;苍茫;江河,中
樵歌,Qiaoge,Woodcutter's Song,洒脱;渔樵;高山,高
石上流泉,Shishang Liuquan,Spring Flowing over the Rocks,灵动;清雅;流水,高
佩兰,Peilan,Wearing Orchids,清雅;恬淡,低
欸乃,Ai'nai,Boatman's Chant,洒脱;渔樵;江河,高
湘江怨,Xiangjiang Yuan,Lament by the Xiang River,忧伤;思念;江河,中
古琴吟,Guqin Yin,Chant of the Guqin,平静;清雅,低
凤求凰,Feng Qiu Huang,The Phoenix Seeks His Mate,思念;清雅,中
秋水,Qiushui,Autumn Waters,洒脱;恬淡;秋;江河,中
跃进歌声,Yuejin Gesheng,Songs of the Great Leap Forward,欢快;激昂,高
大胡笳,Da Hujia,Great Nomad Flute,悲愤;苍茫;塞外大漠,中
离骚,Lisao,Encountering Sorrow,悲愤;忧伤;庄严,高
获麟,Huolin,Capture of the Qilin,忧伤;悲愤,中
长清,Changqing,Long Clarity,清雅;平静;冬雪,中
孔子读易,Kongzi Du Yi,Confucius Reading the Book of Changes,庄严;禅意;平静,中
客窗夜话,Kechuang Yehua,Night Talk by a Guest's Window,思念;平静;夜,中
列子御风,Liezi Yufeng,Liezi Riding the Wind,洒脱;仙境;风,高
高山流水,Gaoshan Liushui,High Mountains and Flowing Water,雄浑;高山;流水,高
山居吟,Shanju Yin,Chant of Mountain Dwelling,恬淡;平静;高山,中
午夜焚修,Wuye Fenxiu,Midnight Incense and Devotion,禅意;庄严;夜,中
孤鸿,Guhong,Lone Swan Goose,孤寂;苍茫;飞鸟,中
月下吟,Yuexia Yin,Chant under the Moon,平静;清雅;月夜,中
碧云深,Biyun Shen,Deep Azure Clouds,恬淡;云,低
长安一片月,Chang'an Yipian Yue,A Sheet of Moonlight over Chang'an,思念;秋;月夜,中
风入松,Feng Ru Song,Wind through the Pines,清雅;风;高山,中
华胥引,Huaxu Yin,Dream of Huaxu,恬淡;平静;仙境,中
太古引,Taigu Yin,Prelude of High Antiquity,庄严;平静,低
西泠话雨,Xiling Huayu,Talking of Rain at Xiling,恬淡;雨,低
公社之春,Gongshe zhi Chun,Spring in the Commune,欢快;春,高
挟仙游,Xiexian You,Roaming with the Immortals,洒脱;灵动;仙境,中
伐檀,Fatan,Felling Sandalwood,悲愤,低
鹿鸣操,Luming Cao,Deer Calls,欢快;庄严,中
广寒秋,Guanghan Qiu,Autumn in the Moon Palace,仙境;秋;月夜,中
清夜吟,Qingye Yin,Clear Night Chant,平静;清雅;夜,中
古交行,Gujiao Xing,Ballad of Old Friendship,思念;忧伤,低
四大景,Si Da Jing,Four Great Scenes,欢快;灵动,低
广寒游,Guanghan You,Roaming the Moon Palace,灵动;仙境;月夜,中
岳阳三醉,Yueyang Sanzui,Three Times Drunk at Yueyang,醉;洒脱;仙境,中
韦编三绝,Weibian Sanjue,Leather Bindings Broken Thrice,庄严;平静,低
欢乐的除夕,Huanle de Chuxi,Joyful New Year's Eve,欢快,高
古怨,Guyuan,Ancient Lament,忧伤;孤寂,中
古风操,Gufeng Cao,Ancient Style,庄严;平静,低
小胡笳,Xiao Hujia,Little Nomad Flute,忧伤;思念;塞外大漠,中
忘忧,Wangyou,Forgetting Sorrow,恬淡;平静,低
秋宵步月,Qiuxiao Buyue,Strolling under the Moon on an Autumn Night,恬淡;秋;月夜,中
桃源春晓,Taoyuan Chunxiao,Spring Dawn in the Peach Blossom Land,恬淡;春;田园;仙境,中
凯歌,Kaige,Victory Song,激昂;欢快,高
洞庭秋思,Dongting Qiusi,Autumn Thoughts by Dongting Lake,思念;秋;江河,中
回忆,Huiyi,Memories,思念;忧伤,低
春晓吟,Chunxiao Yin,Spring Dawn Chant,灵动;恬淡;春,中
汉宫秋月,Hangong Qiuyue,Autumn Moon over the Han Palace,忧伤;宫廷;秋;月夜,高
长侧,Changce,Changce,平静,低
春闺怨,Chungui Yuan,Spring Boudoir Lament,思念;忧伤;春,中
电影李时珍,Li Shizhen film music,Film Score for Li Shizhen,平静,低
苏门长啸,Sumen Changxiao,Long Whistle at Sumen,洒脱;激昂;高山,中
飞鸣吟,Feiming Yin,Chant of Flying and Calling,灵动;飞鸟,中
怀古,Huaigu,Pondering the Past,忧伤;苍茫,中
玉树临风,Yushu Linfeng,Jade Tree in the Wind,清雅;洒脱;风,低
碧涧流泉,Bijian Liuquan,Spring in a Jade Ravine,灵动;流水;高山,中
慨古吟,Kaigu Yin,Lamenting the Ancients,悲愤;忧伤,中
精忠词,Jingzhong Ci,Song of Loyalty,激昂;悲愤;庄严,高
听泉吟,Tingquan Yin,Listening to the Spring,平静;恬淡;流水,中
极乐吟,Jile Yin,Chant of Bliss,禅意;平静,低
秋夜长,Qiuye Chang,The Long Autumn Night,思念;孤寂;秋;夜,中
凤鸣朝阳,Fengming Chaoyang,Phoenix Singing to the Morning Sun,欢快;庄严;飞鸟,中
双鹤听泉,Shuanghe Tingquan,Two Cranes Listening to the Spring,恬淡;飞鸟;流水,中
风云际会,Fengyun Jihui,Gathering of Wind and Clouds,雄浑;激昂;风;云,中
