曲名,拼音,英文意译,标签,故事,story_en,依据,把握
平沙落雁,Pingsha Luoyan,Wild Geese Landing on the Sandbank,平静;苍茫;秋;飞鸟;隐逸,秋高气爽、风静沙平，雁群在万里云天中飞鸣落下；借鸿鹄之远志，写逸士之心胸。,"Crisp autumn air, calm wind and level sand; wild geese call across a vast sky and settle on the shore, a recluse's broad heart spoken through the birds.",天闻阁琴谱解题；百首简介,高
梅花三弄,Meihua Sannong,Three Variations on Plum Blossom,清雅;冬雪;灵动,相传源自晋代桓伊的笛曲，以梅花在寒冬中洁白芬芳、坚贞不阿比喻高洁品格，泛音主题三次出现。,"Adapted from a Jin-dynasty flute piece by Huan Yi; plum blossoms in winter snow, pure and unbending, their theme returning three times in harmonics.",百首简介,高
长门怨,Changmen Yuan,Lament of Changmen Palace,忧伤;孤寂;宫廷;夜,汉武帝陈皇后被冷落于长门宫的哀怨，诸城派代表曲。,"Empress Chen, abandoned by Emperor Wu of Han, grieves alone in the Changmen Palace.",百首简介,高
潇湘水云,Xiaoxiang Shuiyun,Clouds over the Xiao and Xiang Rivers,苍茫;云;江河;忧伤,南宋郭楚望所作，眼见九嶷山为云水所蔽，寄托故国之思与忧时之情。,"Guo Chuwang, late Southern Song: mist and clouds over the Xiao and Xiang rivers hide Mount Jiuyi, a veiled grief for a fading homeland.",百首简介；维基,高
渔樵问答,Yu Qiao Wenda,Dialogue of the Fisherman and the Woodcutter,洒脱;恬淡;渔樵;隐逸,古今兴废若反掌，青山绿水依旧；渔夫与樵夫一问一答，上行曲调为问、下行为答。,"A fisherman and a woodcutter trade questions and answers: dynasties rise and fall, while green hills and clear waters remain.",杏庄太音续谱解题；百首简介,高
忆故人,Yi Guren,Remembering an Old Friend,思念;忧伤;夜;知音,近代彭祉卿传曲，空山月夜怀念故人，曲调委婉深情。,"A tune passed down by Peng Zhiqing: on a moonlit night in empty hills, longing for an old friend, tender and lingering.",百首简介,高
良宵引,Liangxiao Yin,Prelude to a Fine Night,平静;恬淡;月夜,虞山派代表小曲，赞美良宵佳夜，起承转合井井有条。,"A short Yushan-school piece praising a fine, peaceful night, calm and well-ordered.",百首简介,高
流水,Liushui,Flowing Water,灵动;雄浑;流水;高山;知音,源自伯牙鼓琴、子期知音的故事；七十二滚拂描绘江河奔流，1977 年随旅行者号金唱片飞向太空。,"From the tale of Boya and his true listener Ziqi; torrents and streams rush through the mountains. Guan Pinghu's version flew on the Voyager Golden Record.",列子；维基；百首简介,高
醉渔唱晚,Zuiyu Changwan,Drunken Fisherman Singing at Dusk,醉;洒脱;渔樵;江河,渔翁醉态与晚歌，豪放不羁，切分节奏与滑音描摹醉意。,"An old fisherman, tipsy at dusk, sings on the river, free and unrestrained, his sway drawn in syncopation and slides.",百首简介,高
关山月,Guanshan Yue,Moon over the Mountain Pass,思念;苍茫;塞外大漠;月夜,借李白乐府诗意，边关明月下征人戍守思乡；梅庵琴谱刊载，诸城派流行曲。,"Moonlight over a frontier pass; soldiers far from home keep watch and think of those they left behind.",百首简介,高
高山,Gaoshan,High Mountains,雄浑;庄严;高山;知音,传为伯牙所作，以飞吟表现空山回响、瞻望白云。,"Attributed to Boya: echoes in empty mountains, eyes lifted to white clouds, grand and still.",百首简介,高
鸥鹭忘机,Oulu Wangji,Gulls and Egrets Free of Scheming,恬淡;洒脱;飞鸟;江河,取《列子》海翁与鸥鹭相亲的寓言：人无机心，鸥鸟便来相伴。,"From the Liezi: gulls play freely with a man who has no scheming heart; innocence and ease by the water.",百首简介,高
酒狂,Jiukuang,Wine Madness,醉;洒脱;悲愤,传为阮籍所作，以醉酒之态抒发内心郁闷，借酒避祸。,"Attributed to Ruan Ji: a staggering drunken dance that hides frustration and protects him from a dangerous court.",百首简介,高
胡笳十八拍,Hujia Shiba Pai,Eighteen Songs of a Nomad Flute,悲愤;思念;离别;塞外大漠,蔡文姬流落匈奴十二年、归汉时与子别离的悲怆，以胡笳音色入琴。,"Cai Wenji, twelve years captive among the Xiongnu, returns to Han and must leave her children; nomad-flute colours in the qin.",百首简介；维基,高
阳关三叠,Yangguan Sandie,Three Refrains of Yang Pass,离别;忧伤;塞外大漠,据王维《送元二使安西》谱写，西出阳关无故人，三叠惜别。,"Set to Wang Wei's farewell poem: beyond Yang Pass no old friends remain; the parting refrain is sung three times.",百首简介,高
玉楼春晓,Yulou Chunxiao,Spring Dawn at the Jade Pavilion,清雅;春;欢快,仅见于梅庵琴谱，春晨晓风中的精美楼台，曲意绮丽、轻松愉快。,"Spring dawn around an elegant pavilion, soft breezes and bright scenery, graceful and light-hearted.",维基,高
普庵咒,Pu'an Zhou,Pu'an Mantra,禅意;庄严;平静,又名《释谈章》，源自佛教咒语，可能为学习梵文发音的曲调。,"Also called Shitan Zhang, from a Buddhist mantra; steady chant-like repetitions.",百首简介,高
风雷引,Fenglei Yin,Prelude of Wind and Thunder,激昂;雄浑;风,表现面对风雷的警醒与敬畏，古人借风雷省察己过。,"Wind and thunder as a warning; awe and self-reflection before the forces of heaven.",百首简介,中
幽兰,Youlan,Solitary Orchid,孤寂;清雅;忧伤,现存唯一文字谱琴曲，唐人手钞本存日本；以空谷幽兰自比，怀才不遇。,"The only qin piece surviving in the old prose notation, kept in Japan; an orchid in a lonely valley, a talent unrecognised.",百首简介,高
水仙操,Shuixian Cao,The Water Immortal,苍茫;孤寂;江河;仙境,伯牙学琴三年未成，成连带其至蓬莱，海水汩没、群鸟悲号，伯牙由此移情。又名秋塞吟、搔首问天。,"Boya, stuck in his study, is taken to Penglai; the roaring sea and crying birds move him, and his playing is transformed.",百首简介,中
梧叶舞秋风,Wuye Wu Qiufeng,Parasol Leaves Dancing in the Autumn Wind,灵动;秋;风,清初庄臻凤作，上下滑音描写风吹落叶飞舞，尾句八度下行，余韵沉思。,"By Zhuang Zhenfeng: parasol leaves whirl in the autumn wind, drawn with rising and falling slides, ending in a thoughtful descent.",百首简介,高
龙翔操,Longxiang Cao,Soaring Dragon,雄浑;激昂;云,广陵派老三曲之一，翔龙穿云入雾；一说写昭君出塞。,"One of the Guangling school's three old pieces: a dragon soaring through cloud and mist.",维基；百首简介,中
归去来辞,Guiqulai Ci,Returning Home,洒脱;恬淡;田园;隐逸,据陶渊明《归去来兮辞》，辞官归隐、回到田园的欣然与自在。,"From Tao Yuanming's poem: leaving office to return to fields and garden, glad and free.",维基,高
捣衣,Daoyi,Pounding Clothes,思念;忧伤;秋;月夜,秋夜月下妇人捣衣，为远方亲人赶制冬衣，凄婉思念。,"On an autumn night under the moon, women pound cloth for winter clothes to send to men far away.",百首简介,高
秋江夜泊,Qiujiang Yebo,Night Mooring on the Autumn River,孤寂;秋;江河;夜,初见松弦馆琴谱，摹张继《枫桥夜泊》诗意：月落乌啼、江枫渔火、客船夜泊。,"After Zhang Ji's poem: moon setting, crows calling, a traveller's boat moored by maples and fishing lights on an autumn river.",维基,高
广陵散,Guangling San,Guangling Melody,悲愤;激昂;雄浑,聂政为父报仇刺韩王的故事；嵇康临刑前奏此曲，叹广陵散于今绝矣。,"The tale of Nie Zheng avenging his father; Ji Kang played it before his execution. Fierce, proud and tragic.",百首简介；维基,高
秋塞吟,Qiusai Yin,Autumn Frontier Chant,苍茫;孤寂;江河;仙境,即《水仙操》的别名，伯牙于蓬莱海上移情的故事。,"Another name for The Water Immortal: Boya transformed by the sea at Penglai.",百首简介,中
秋塞,Qiusai,Autumn Frontier,苍茫;孤寂;江河;仙境,应为《秋塞吟》简称，同《水仙操》。,"Probably short for Autumn Frontier Chant, i.e. The Water Immortal.",推断,低
搔首问天,Saoshou Wentian,Scratching the Head and Asking Heaven,苍茫;孤寂;江河;仙境,《水仙操》别名之一，伯牙海上移情的故事。,"Another name for The Water Immortal.",百首简介,中
白雪,Baixue,White Snow,清雅;冬雪;灵动,出自《阳春白雪》，相传师旷所作，曲高和寡；以白雪象征高洁。,"From Yangchun Baixue, attributed to Shi Kuang: snow as purity, music too refined for the crowd.",百首简介,中
渔歌,Yuge,Fisherman's Song,洒脱;渔樵;江河;隐逸,西麓堂琴统所载十八段大曲，渔翁满载而归、饮酒高歌，取柳宗元《渔翁》诗意。,"A large piece: a fisherman returns with a full catch, drinks and sings, after Liu Zongyuan's poem The Old Fisherman.",百首简介,高
阳春,Yangchun,Bright Spring,欢快;灵动;春,出自《阳春白雪》，万物知春、和风淡荡。,"From Yangchun Baixue: spring returns, warm breezes and everything coming alive.",百首简介,中
乌夜啼,Wuye Ti,Crows Cawing at Night,忧伤;飞鸟;夜,南北朝西曲，神奇秘谱引宋临川王刘义庆事，乌鸦夜啼报喜，亦写宫廷倾轧中的忧惧。,"A Southern Dynasties song: crows cawing at night, linked to Liu Yiqing's fear and relief amid court intrigue.",百首简介,中
墨子悲丝,Mozi Beisi,Mozi Lamenting the Silk,忧伤;悲愤;庄严,取墨子见白丝被染而悲的故事，叹人为习俗所移；广陵派四大操之一，凄清与激扬交替。,"Mozi weeps at white silk being dyed: people are coloured by their surroundings. Alternates between desolate and stirring passages.",维基；百首简介,高
秋风词,Qiufeng Ci,Autumn Wind Lyric,思念;忧伤;秋;风,梅庵琴谱琴歌，词取李白《秋风词》：秋风清、秋月明，相思相见知何日。,"A qin song from the Mei'an handbook on Li Bai's lyric: clear autumn wind, bright autumn moon, longing without end.",百首简介,高
秋鸿,Qiuhong,Autumn Swan Goose,苍茫;秋;飞鸟;隐逸,三十余段大曲，借秋鸿高飞寄托远大志向，指法高古。,"A grand piece of thirty sections: an autumn swan goose soaring high, a lofty spirit far above the world.",百首简介,中
静观吟,Jingguan Yin,Chant of Quiet Contemplation,平静;禅意;恬淡,取程颢万物静观皆自得之意，三段小曲，音疏韵足。,"From the line 'observe all things in stillness and each finds its own': a short, sparse, contemplative piece.",百首简介,高
春山听杜鹃,Chunshan Ting Dujuan,Hearing the Cuckoo in Spring Mountains,思念;春;高山;飞鸟,春山中杜鹃啼鸣，声声似唤不如归去，引动思归之情。,"Cuckoos call in spring mountains, their cry sounding like 'better go home', stirring homesickness.",曲名推断（维基仅列曲名）,低
天风环珮,Tianfeng Huanpei,Heavenly Wind and Jade Pendants,清雅;仙境;风,又名碧天秋思，琴音如神仙乘风而去、佩玉铿锵。,"Immortals ride the heavenly wind, their jade pendants chiming.",百首简介,中
孤馆遇神,Guguan Yushen,Meeting Spirits in a Lonely Inn,幽冥;夜;孤寂,仅见西麓堂琴统：嵇康夜半抚琴，忽见八鬼，自称被刺死于此的周朝伶官，求迁葬；次日掘得尸骨安葬，夜梦八鬼叩谢而去。,"Ji Kang plays at midnight in a lonely inn; eight ghosts appear, court musicians of Zhou slain there, asking for reburial. Eerie, then grateful.",维基；西麓堂琴统题记,高
楚歌,Chuge,Songs of Chu,悲愤;离别;激昂,楚汉相争，项羽兵败垓下、四面楚歌而自刎的悲剧。,"Xiang Yu, surrounded at Gaixia by the songs of Chu, bids farewell and dies: tragic and stirring.",百首简介,高
沧海龙吟,Canghai Longyin,Dragon's Chant over the Vast Sea,雄浑;苍茫;江河;夜,又名《苍江夜雨》，初见伯牙心法琴谱，龙吟飘忽动荡。,"Also called Night Rain on a Grey River: a dragon's roar drifting and surging over vast waters.",维基；百首简介,中
樵歌,Qiaoge,Woodcutter's Song,洒脱;渔樵;高山;隐逸,宋末毛敏仲作，元兵入临安后隐逸山林，以樵夫之歌寄高洁之志。,"By Mao Minzhong after the fall of Lin'an: withdrawing to the mountains as a woodcutter, keeping one's integrity.",百首简介,高
石上流泉,Shishang Liuquan,Spring Flowing over the Rocks,灵动;清雅;流水;隐逸,初见琴谱正传，碧涧泠泠、枕流漱石的隐逸意趣。,"Clear water trickling over stones in a green ravine; the hermit's delight of pillowing on streams and rinsing with rocks.",百首简介,高
佩兰,Peilan,Wearing Orchids,清雅;恬淡,宋末毛敏仲作，取《离骚》纫秋兰以为佩，音韵醇和如九霄环佩。,"By Mao Minzhong, after Qu Yuan's line 'I string autumn orchids to wear': mellow and pure.",百首简介,中
欸乃,Ai'nai,Boatman's Chant,洒脱;渔樵;江河;隐逸,取柳宗元诗意，欸乃声、拍水声、船夫号子交织，描绘渔歌意境。,"After Liu Zongyuan: the creak of oars, splashing water and boatmen's calls on a misty river.",百首简介,高
湘江怨,Xiangjiang Yuan,Lament by the Xiang River,忧伤;思念;江河,即《湘妃怨》：舜南巡不返，娥皇女英追思痛哭，泪染斑竹。,"The Lament of the Xiang Consorts: Shun never returns from the south; Ehuang and Nüying weep until their tears stain the bamboo.",维基,高
古琴吟,Guqin Yin,Chant of the Guqin,孤寂;忧伤,原名《相思曲》，借无人弹奏的古琴比喻被弃女子，抒发寂寞怨恨。,"Originally 'Song of Longing': an untouched qin stands for an abandoned woman, lonely and resentful.",百首简介,中
凤求凰,Feng Qiu Huang,The Phoenix Seeks His Mate,思念;清雅;欢快,相传司马相如以琴声向卓文君求爱。,"Sima Xiangru woos Zhuo Wenjun with his qin: a courtship song.",百首简介,高
秋水,Qiushui,Autumn Waters,洒脱;恬淡;秋;江河,又名《神化引》，取庄子《秋水》，表现道家天人合一，飘逸出尘。,"Also 'Shenhua Yin', after Zhuangzi's Autumn Floods: Daoist freedom, floating beyond the dusty world.",百首简介,中
跃进歌声,Yuejin Gesheng,Songs of the Great Leap Forward,欢快;激昂,二十世纪五十年代末的新创琴曲，歌颂大跃进的热烈气氛。,"A late-1950s composition celebrating the Great Leap Forward: bright and energetic.",曲名推断,低
大胡笳,Da Hujia,Great Nomad Flute,悲愤;苍茫;塞外大漠,晋刘琨作胡笳五弄，唐董庭兰传谱；与小胡笳并称二胡笳，写蔡文姬塞外悲思。,"The long version of the nomad-flute music, handed down from the Tang: sorrow and wide frontier desolation.",百首简介,中
离骚,Lisao,Encountering Sorrow,悲愤;忧伤;庄严,据屈原《离骚》，表现政治理想不得实现的苦闷与忠愤。,"From Qu Yuan's poem: an idealist rejected by his king, sorrowful and indignant.",百首简介,高
获麟,Huolin,Capture of the Qilin,忧伤;悲愤,据《左传》西狩获麟，孔子见麟被杀而伤时叹道穷。,"Confucius sees a captured qilin, symbol of peace, and mourns that the Way has failed.",百首简介,高
长清,Changqing,Long Clarity,清雅;平静;冬雪,嵇康所作嵇氏四弄之一，以雪的洁白无尘自比，志在高古。,"One of Ji Kang's four pieces: pure as untrodden snow, aloof and noble.",百首简介,高
孔子读易,Kongzi Du Yi,Confucius Reading the Book of Changes,庄严;平静;秋;夜,一名《秋夜读易》，取孔子读易韦编三绝的典故，勤学深思。,"Also 'Reading the Yi on an Autumn Night': Confucius studies until the leather bindings break three times.",维基,高
客窗夜话,Kechuang Yehua,Night Talk by a Guest's Window,思念;平静;夜,太古正音琴谱称刘伯温作：功成身退后于蓬窗下怀今忆古。,"Attributed to Liu Bowen: after success and retirement, musing on past and present by a humble window at night.",维基,高
列子御风,Liezi Yufeng,Liezi Riding the Wind,洒脱;仙境;风,传为毛敏仲作，列子乘风神游宇宙的逍遥。,"Liezi rides the wind across the cosmos, carefree and weightless.",百首简介,高
高山流水,Gaoshan Liushui,High Mountains and Flowing Water,雄浑;高山;流水;知音,伯牙鼓琴、钟子期知音；唐代分为《高山》《流水》两曲。,"Boya plays and Zhong Ziqi understands: mountains and waters, the archetype of true friendship.",维基,高
山居吟,Shanju Yin,Chant of Mountain Dwelling,恬淡;平静;高山;隐逸,宋末毛敏仲作，常作《樵歌》序曲，山居隐逸的意趣。,"By Mao Minzhong, often a prelude to Woodcutter's Song: the quiet pleasure of living in the mountains.",百首简介,高
午夜焚修,Wuye Fenxiu,Midnight Incense and Devotion,禅意;庄严;夜,午夜焚香修行，佛道清修的静穆。,"Burning incense for midnight devotion: stillness of religious practice.",曲名推断,低
孤鸿,Guhong,Lone Swan Goose,孤寂;苍茫;飞鸟,孤雁独飞，寄托孤高或离群之感。,"A lone swan goose flying apart from the flock: solitary and aloof.",曲名推断,低
月下吟,Yuexia Yin,Chant under the Moon,平静;清雅;月夜,月下吟咏的小曲。,"A small piece chanted under the moon.",曲名推断,低
碧云深,Biyun Shen,Deep Azure Clouds,恬淡;云,碧云深处，悠远闲适。,"Deep among azure clouds, distant and at ease.",曲名推断,低
长安一片月,Chang'an Yipian Yue,A Sheet of Moonlight over Chang'an,思念;秋;月夜,取李白《子夜吴歌·秋歌》：长安一片月，万户捣衣声，思妇念征人。,"From Li Bai: moonlight over Chang'an, the sound of ten thousand households pounding cloth, wives longing for soldiers far away.",李白诗句（曲名即诗句）,中
风入松,Feng Ru Song,Wind through the Pines,清雅;风;高山;夜,传为嵇康所作，唐皎然作词；月夜弹琴如风吹入松林之声。,"Attributed to Ji Kang: playing on a moonlit night, the sound like wind entering a pine forest.",百首简介,中
华胥引,Huaxu Yin,Dream of Huaxu,恬淡;平静;仙境,取《列子》黄帝梦游华胥氏国，向往无为而治的理想之境。,"From the Liezi: the Yellow Emperor dreams of the land of Huaxu, an ideal realm of natural harmony.",百首简介,高
太古引,Taigu Yin,Prelude of High Antiquity,庄严;平静,追慕太古淳朴之风的引曲。,"A prelude evoking the simplicity of high antiquity.",曲名推断,低
西泠话雨,Xiling Huayu,Talking of Rain at Xiling,恬淡;雨;江河,西泠（杭州西湖）雨中话旧，闲适清雅。,"Chatting in the rain at Xiling by West Lake, relaxed and refined.",曲名推断,低
公社之春,Gongshe zhi Chun,Spring in the Commune,欢快;春;田园,二十世纪五六十年代新创琴曲，描写人民公社的春天。,"A 1950s–60s composition: spring in a people's commune, bright and cheerful.",曲名推断,低
挟仙游,Xiexian You,Roaming with the Immortals,洒脱;灵动;仙境,又名《八极游》，超越尘埃、御风遨游宇宙的仙境意象。,"Also 'Roaming the Eight Extremes': rising above the dust to wander the cosmos with immortals.",百首简介,高
伐檀,Fatan,Felling Sandalwood,悲愤,据《诗经·魏风·伐檀》，伐木者对不劳而获者的愤懑。,"From the Book of Songs: woodcutters' anger at lords who reap without labour.",百首简介,中
鹿鸣操,Luming Cao,Deer Calls,欢快;庄严,周代宴乐群臣之曲，出自《诗经·小雅·鹿鸣》，礼乐雍容。,"From the Book of Songs: a Zhou court banquet song, dignified and warm.",百首简介,中
广寒秋,Guanghan Qiu,Autumn in the Moon Palace,仙境;秋;月夜,传说唐明皇梦游月宫而作，秋高气爽、明月普照。,"Emperor Xuanzong of Tang dreams of the Moon Palace: clear autumn and all-embracing moonlight.",百首简介,中
清夜吟,Qingye Yin,Clear Night Chant,平静;清雅;夜;月夜,隋贺若弼所制，清风明月下夜间弹琴的意趣。,"Attributed to He Ruobi of Sui: playing the qin on a clear night under wind and moon.",百首简介,中
古交行,Gujiao Xing,Ballad of Old Friendship,思念;知音,以管仲与鲍叔牙的管鲍之交为题，首见风宣玄品。,"On the friendship of Guan Zhong and Bao Shuya, the model of loyal friends.",维基,高
四大景,Si Da Jing,Four Great Scenes,欢快;灵动,由苏州小调改编，带民间小调风格，写四时景色。,"Adapted from a Suzhou folk tune: the four seasons' scenery in a light folk style.",百首简介,中
广寒游,Guanghan You,Roaming the Moon Palace,灵动;仙境;月夜,宋赵汝𬭼作，神奇秘谱收录，神游月宫广寒。,"By Zhao Ruyu of Song: a dream journey to the Moon Palace.",维基,中
岳阳三醉,Yueyang Sanzui,Three Times Drunk at Yueyang,醉;洒脱;仙境;江河,吕洞宾三醉岳阳楼、飞渡洞庭湖的神仙故事，原名《羽化登仙》。,"The immortal Lü Dongbin gets drunk three times at Yueyang Tower and flies across Dongting Lake.",维基,高
韦编三绝,Weibian Sanjue,Leather Bindings Broken Thrice,庄严;平静,孔子晚年读易，编简的皮绳断了三次，勤学精神。,"Confucius reads the Book of Changes so often the leather bindings break three times.",百首简介,高
欢乐的除夕,Huanle de Chuxi,Joyful New Year's Eve,欢快,近现代新创琴曲，描写除夕团聚的欢乐。,"A modern composition: family joy on Lunar New Year's Eve.",曲名推断,低
古怨,Guyuan,Ancient Lament,忧伤;孤寂,南宋姜夔作，借佳人薄命哀叹时势多变、江山易色。,"By Jiang Kui of Southern Song: a beauty's hard fate as a lament for a changing, failing realm.",百首简介,高
古风操,Gufeng Cao,Ancient Style,庄严;平静,追慕古风的操曲。,"A piece in the ancient style.",曲名推断,低
小胡笳,Xiao Hujia,Little Nomad Flute,忧伤;思念;塞外大漠,胡笳题材的短版本，写蔡文姬塞外思乡。,"The short nomad-flute piece: Cai Wenji's homesickness in the frontier.",维基,中
忘忧,Wangyou,Forgetting Sorrow,恬淡;平静,仅见西麓堂琴统，为该谱最后一曲，有姚丙炎、成公亮打谱。,"Found only in Xilutang Qintong; a piece about letting sorrow go.",维基（题意为曲名推断）,低
秋宵步月,Qiuxiao Buyue,Strolling under the Moon on an Autumn Night,恬淡;秋;月夜,据传南齐柳世隆作，仅见西麓堂琴统，姚丙炎打谱。,"Attributed to Liu Shilong of Southern Qi: an autumn night's walk under the moon.",维基,中
桃源春晓,Taoyuan Chunxiao,Spring Dawn in the Peach Blossom Land,恬淡;春;田园;仙境,以陶渊明《桃花源记》为题，向往理想桃源；成公亮打谱。,"After Tao Yuanming's Peach Blossom Spring: dawn in a hidden, peaceful utopia.",维基,高
凯歌,Kaige,Victory Song,激昂;欢快,凯旋之歌。,"A song of triumphant return.",曲名推断,低
洞庭秋思,Dongting Qiusi,Autumn Thoughts by Dongting Lake,思念;苍茫;秋;江河,明代琴曲，观洞庭之秋而思潮起伏；廿年梦里湘山月，今夜分明在七弦。,"Autumn at Dongting Lake, water and sky one colour; old memories of the Xiang hills return through the seven strings.",维基；悟雪山房琴谱,高
回忆,Huiyi,Memories,思念;忧伤,近现代曲目，怀旧回忆。,"A modern piece of remembrance.",曲名推断,低
春晓吟,Chunxiao Yin,Spring Dawn Chant,灵动;恬淡;春,最早见西麓堂琴谱，三段，春之欣欣向荣，和平中正。,"Three short sections of spring dawn, everything growing, balanced and calm.",百首简介,高
汉宫秋月,Hangong Qiuyue,Autumn Moon over the Han Palace,忧伤;宫廷;秋;月夜,原为琵琶、筝等乐曲，写深宫宫女秋夜望月的哀怨。,"Originally for pipa and zheng: a palace lady gazing at the autumn moon, lonely and sorrowful.",常识（非琴谱原生曲目）,中
长侧,Changce,Changce,清雅;平静,嵇康所作嵇氏四弄之一（长清、短清、长侧、短侧），首见神奇秘谱。,"One of Ji Kang's four pieces, alongside Long Clarity; first found in the Shenqi Mipu.",搜索结果,中
春闺怨,Chungui Yuan,Spring Boudoir Lament,思念;忧伤;春,春日闺中女子思念远人的哀怨。,"A woman alone in spring, longing for someone far away.",曲名推断,低
电影李时珍,Li Shizhen film music,Film Score for Li Shizhen,平静,1956 年电影《李时珍》的配乐琴曲。,"Qin music from the 1956 film Li Shizhen.",曲名推断,低
苏门长啸,Sumen Changxiao,Long Whistle at Sumen,洒脱;激昂;高山;隐逸,相传阮籍访隐士孙登于苏门山，孙登长啸如鸾凤之音。,"Ruan Ji visits the hermit Sun Deng on Mount Sumen; Sun answers with a long whistle like a phoenix's call.",常识（未检索到琴谱题解）,低
飞鸣吟,Feiming Yin,Chant of Flying and Calling,忧伤;秋;飞鸟;离别,传为郭楚望作；伯牙心法谓写秋鸿飞鸣，离乡南去，令人生离别之感。,"Attributed to Guo Chuwang: autumn geese calling as they fly south, leaving home, a sense of parting.",维基；伯牙心法解题,中
怀古,Huaigu,Pondering the Past,忧伤;苍茫,怀古伤今。,"Musing on the past with quiet sorrow.",曲名推断,低
玉树临风,Yushu Linfeng,Jade Tree in the Wind,清雅;洒脱;风,见自远堂琴谱，以临风玉树喻风度高雅。,"From the Ziyuantang handbook: a jade tree in the breeze, an image of graceful bearing.",搜索结果（题意为曲名推断）,低
碧涧流泉,Bijian Liuquan,Spring in a Jade Ravine,灵动;流水;高山;隐逸,相传宋朱紫阳作，岭南派代表曲：奇峰异石间清泉涌出，时急时缓，闲适疏放。,"Attributed to Zhu Ziyang; the Lingnan school's signature: clear springs burst from strange rocks, sometimes rushing, sometimes still.",维基,高
慨古吟,Kaigu Yin,Lamenting the Ancients,悲愤;忧伤;苍茫,首见神奇秘谱：自古几人称王称霸、几兴几废，一世之雄而今安在。,"From the Shenqi Mipu: how many rose to rule and fell again; where are the heroes of the past now?",维基,高
精忠词,Jingzhong Ci,Song of Loyalty,激昂;悲愤;庄严,琴歌，词为岳飞《满江红》，壮怀激烈的忠愤。,"A qin song on Yue Fei's Man Jiang Hong: fierce loyalty and indignation.",常识（未检索到来源）,中
听泉吟,Tingquan Yin,Listening to the Spring,平静;恬淡;流水;隐逸,又名《双鹤听泉》，首见文会堂琴谱；如身处幽山、清泉鸣响，平和婉转。,"Also Two Cranes Listening to the Spring: in a quiet mountain, clear water sounding, gentle and flowing.",搜索结果（醒心琴谱）,中
极乐吟,Jile Yin,Chant of Bliss,洒脱;渔樵;江河;隐逸,又名《渔歌调》，琴歌，词取柳宗元《渔翁》，看破红尘、超凡脱俗。,"Also 'Fisherman's Tune', a qin song on Liu Zongyuan's The Old Fisherman: detached from the world.",维基,高
秋夜长,Qiuye Chang,The Long Autumn Night,思念;孤寂;秋;夜,梅庵派代表曲，深闺妇人为出征丈夫赶制寒衣的愁思。,"A Mei'an piece: a wife sews winter clothes for her husband at war through the long autumn night.",维基,高
凤鸣朝阳,Fengming Chaoyang,Phoenix Singing to the Morning Sun,欢快;庄严;飞鸟,取《诗经》凤凰鸣矣于彼高冈、梧桐生矣于彼朝阳，祥瑞之兆。,"From the Book of Songs: the phoenix sings on the high ridge facing the morning sun, an auspicious sign.",曲名推断（诗经出典）,低
双鹤听泉,Shuanghe Tingquan,Two Cranes Listening to the Spring,恬淡;飞鸟;流水;隐逸,最早见文会堂琴谱，可能为宋石扬休《猿鹤双清》序曲，文人超尘之思。,"Two cranes by a mountain spring: a scholar's wish to rise above the world.",百首简介,中
风云际会,Fengyun Jihui,Gathering of Wind and Clouds,雄浑;激昂;风;云,仅见琴学入门，风云际会、英雄遇合的气象。,"Found only in Qinxue Rumen: wind and clouds gathering, the moment heroes meet their times.",维基（题意为曲名推断）,低
