number,start_seconds,end_seconds,track,clip,original_file
1,0.0,6.0,溥雪斋-梅花三弄2,CD第1册_01_1.flac,Y:\Music\古琴曲\CD第1册\CD08\溥雪斋-梅花三弄2.wav
2,6.4,12.4,溥雪斋-梅花三弄2,CD第1册_01_2.flac,Y:\Music\古琴曲\CD第1册\CD08\溥雪斋-梅花三弄2.wav
3,12.8,18.8,夏一峰-良宵引,CD第1册_02_1.flac,Y:\Music\古琴曲\CD第1册\CD02\夏一峰-良宵引.wav
4,19.2,25.2,夏一峰-良宵引,CD第1册_02_2.flac,Y:\Music\古琴曲\CD第1册\CD02\夏一峰-良宵引.wav
5,25.6,31.6,向笙阶-春闺怨,CD第1册_03_1.flac,Y:\Music\古琴曲\CD第1册\CD10\向笙阶-春闺怨.wav
6,32.0,38.0,向笙阶-春闺怨,CD第1册_03_2.flac,Y:\Music\古琴曲\CD第1册\CD10\向笙阶-春闺怨.wav
7,38.4,44.4,沈草农-秋塞,CD第1册_04_1.flac,Y:\Music\古琴曲\CD第1册\CD08\沈草农-秋塞.wav
8,44.8,50.8,沈草农-秋塞,CD第1册_04_2.flac,Y:\Music\古琴曲\CD第1册\CD08\沈草农-秋塞.wav
9,51.2,57.2,杨葆元-鹿鸣操,CD第2册_05_1.flac,Y:\Music\古琴曲\CD第2册\26\杨葆元-鹿鸣操.wav
10,57.6,63.6,杨葆元-鹿鸣操,CD第2册_05_2.flac,Y:\Music\古琴曲\CD第2册\26\杨葆元-鹿鸣操.wav
11,64.0,70.0,徐立孙-长门怨3,CD第2册_06_1.flac,Y:\Music\古琴曲\CD第2册\20\徐立孙-长门怨3.wav
12,70.4,76.4,徐立孙-长门怨3,CD第2册_06_2.flac,Y:\Music\古琴曲\CD第2册\20\徐立孙-长门怨3.wav
13,76.8,82.8,王生香-长门怨,CD第2册_07_1.flac,Y:\Music\古琴曲\CD第2册\34\王生香-长门怨.wav
14,83.2,89.2,王生香-长门怨,CD第2册_07_2.flac,Y:\Music\古琴曲\CD第2册\34\王生香-长门怨.wav
15,89.6,95.6,顾梅羹-忆故人2,CD第2册_08_1.flac,Y:\Music\古琴曲\CD第2册\25\顾梅羹-忆故人2.wav
16,96.0,102.0,顾梅羹-忆故人2,CD第2册_08_2.flac,Y:\Music\古琴曲\CD第2册\25\顾梅羹-忆故人2.wav
17,102.4,108.4,朱龙庵-长门怨,CD第3册_09_1.flac,Y:\Music\古琴曲\CD第3册\47\朱龙庵-长门怨.wav
18,108.8,114.8,朱龙庵-长门怨,CD第3册_09_2.flac,Y:\Music\古琴曲\CD第3册\47\朱龙庵-长门怨.wav
19,115.2,121.2,卫仲乐-阳关三叠1,CD第3册_10_1.flac,Y:\Music\古琴曲\CD第3册\49\卫仲乐-阳关三叠1.wav
20,121.6,127.6,卫仲乐-阳关三叠1,CD第3册_10_2.flac,Y:\Music\古琴曲\CD第3册\49\卫仲乐-阳关三叠1.wav
21,128.0,134.0,侯作吾-高山流水,CD第3册_11_1.flac,Y:\Music\古琴曲\CD第3册\54\侯作吾-高山流水.wav
22,134.4,140.4,侯作吾-高山流水,CD第3册_11_2.flac,Y:\Music\古琴曲\CD第3册\54\侯作吾-高山流水.wav
23,140.8,146.8,乐瑛-平沙落雁1,CD第3册_12_1.flac,Y:\Music\古琴曲\CD第3册\40\乐瑛-平沙落雁1.wav
24,147.2,153.2,乐瑛-平沙落雁1,CD第3册_12_2.flac,Y:\Music\古琴曲\CD第3册\40\乐瑛-平沙落雁1.wav
25,153.6,159.6,谢孝苹-阳春,CD第4册_13_1.flac,Y:\Music\古琴曲\CD第4册\63\谢孝苹-阳春.wav
26,160.0,166.0,谢孝苹-阳春,CD第4册_13_2.flac,Y:\Music\古琴曲\CD第4册\63\谢孝苹-阳春.wav
27,166.4,172.4,孙毓芹-潇湘水云1,CD第4册_14_1.flac,Y:\Music\古琴曲\CD第4册\60\孙毓芹-潇湘水云1.wav
28,172.8,178.8,孙毓芹-潇湘水云1,CD第4册_14_2.flac,Y:\Music\古琴曲\CD第4册\60\孙毓芹-潇湘水云1.wav
29,179.2,185.2,陈天乐-四大景,CD第4册_15_1.flac,Y:\Music\古琴曲\CD第4册\62\陈天乐-四大景.wav
30,185.6,191.6,陈天乐-四大景,CD第4册_15_2.flac,Y:\Music\古琴曲\CD第4册\62\陈天乐-四大景.wav
31,192.0,198.0,姚丙炎-阳春,CD第4册_16_1.flac,Y:\Music\古琴曲\CD第4册\69\姚丙炎-阳春.wav
32,198.4,204.4,姚丙炎-阳春,CD第4册_16_2.flac,Y:\Music\古琴曲\CD第4册\69\姚丙炎-阳春.wav
