序号,合辑开始秒,合辑结束秒,文件名,录制年代,年代依据_本地书PDF页,源文件,原曲时长秒,采样率Hz,位深,声道,PCM码率kbps,片段起点秒,安静段RMS_dBFS_估计,中位RMS_dBFS_估计,抽样削波百分比,审听状态,AST分类前五_仅辅助判断,AST_语音最高分,AST_歌唱最高分,AST_长笛最高分,AST_鼓最高分
1,0.0,15.0,谢孝苹-忆故人.wav,1995-09-19,192,Y:\Music\古琴曲\CD第4册\63\谢孝苹-忆故人.wav,362.68,44100,PCM_16,2,1411,188.6,-34.6,-24.0,0.0,待人工确认古琴独奏、底噪、音色,"Plucked string instrument:0.181; Guitar:0.170; Zither:0.107; Steel guitar, slide guitar:0.033; Bass guitar:0.032",0.004,0.0034,0.0008,0.0018
2,15.7,30.7,谢孝苹-良宵引1.wav,1995-07-20/21,192,Y:\Music\古琴曲\CD第4册\63\谢孝苹-良宵引1.wav,207.4,44100,PCM_16,2,1411,107.8,-38.3,-29.2,0.0,待人工确认古琴独奏、底噪、音色,"Guitar:0.520; Plucked string instrument:0.475; Steel guitar, slide guitar:0.139; Zither:0.102; Acoustic guitar:0.093",0.0135,0.0053,0.0001,0.0016
3,31.4,46.4,谢孝苹-良宵引2.wav,1995-09-19,192,Y:\Music\古琴曲\CD第4册\63\谢孝苹-良宵引2.wav,214.81,44100,PCM_16,2,1411,111.7,-35.1,-27.4,0.0,待人工确认古琴独奏、底噪、音色,Guitar:0.350; Plucked string instrument:0.231; Bass guitar:0.107; Electric guitar:0.054; Speech:0.048,0.0476,0.0034,0.0001,0.0006
4,47.1,62.1,谢孝苹-长门怨.wav,1995-09-19,192,Y:\Music\古琴曲\CD第4册\63\谢孝苹-长门怨.wav,215.39,44100,PCM_16,2,1411,142.2,-30.0,-21.8,0.0,待人工确认古琴独奏、底噪、音色,Guitar:0.422; Plucked string instrument:0.348; Zither:0.169; Bass guitar:0.081; Electric guitar:0.079,0.0037,0.0034,0.0002,0.0005
5,62.8,77.8,谢孝苹-洞庭秋思.wav,1995-09-19,192,Y:\Music\古琴曲\CD第4册\63\谢孝苹-洞庭秋思.wav,151.75,44100,PCM_16,2,1411,78.9,-31.2,-23.1,0.0,待人工确认古琴独奏、底噪、音色,"Guitar:0.280; Plucked string instrument:0.172; Bass guitar:0.099; Electric guitar:0.034; Steel guitar, slide guitar:0.015",0.0082,0.0027,0.0002,0.0003
6,78.5,93.5,李璠-平沙落雁1.wav,1991-1992,170,Y:\Music\古琴曲\CD第4册\57\李璠-平沙落雁1.wav,309.0,44100,PCM_16,2,1411,160.7,-29.2,-18.2,0.0,待人工确认古琴独奏、底噪、音色,"Guitar:0.552; Plucked string instrument:0.436; Steel guitar, slide guitar:0.116; Zither:0.101; Electric guitar:0.065",0.0186,0.0017,0.0003,0.0004
7,94.2,109.2,李璠-高山1.wav,1991-1992,170,Y:\Music\古琴曲\CD第4册\57\李璠-高山1.wav,408.96,44100,PCM_16,2,1411,155.4,-30.5,-20.1,0.0,待人工确认古琴独奏、底噪、音色,"Guitar:0.325; Plucked string instrument:0.200; Zither:0.057; Electric guitar:0.039; Steel guitar, slide guitar:0.037",0.0184,0.0023,0.0002,0.0007
8,109.9,124.9,吴兆基-潇湘水云2.wav,1988,152,Y:\Music\古琴曲\CD第3册\52\吴兆基-潇湘水云2.wav,627.0,44100,PCM_16,2,1411,326.0,-37.3,-22.3,0.0,待人工确认古琴独奏、底噪、音色,Guitar:0.063; Plucked string instrument:0.028; Bass guitar:0.020; Speech:0.020; Singing bowl:0.007,0.0196,0.0065,0.0001,0.0009
9,125.6,140.6,吴兆基-秋塞吟3.wav,1988,152,Y:\Music\古琴曲\CD第3册\51\吴兆基-秋塞吟3.wav,530.84,44100,PCM_16,2,1411,276.0,-35.8,-24.1,0.00163,待人工确认古琴独奏、底噪、音色,Guitar:0.426; Plucked string instrument:0.383; Electric guitar:0.098; Bass guitar:0.062; Tapping (guitar technique):0.032,0.011,0.0014,0.0003,0.0011
10,141.3,156.3,吴兆基-石上流泉2.wav,1988,152,Y:\Music\古琴曲\CD第3册\51\吴兆基-石上流泉2.wav,224.99,44100,PCM_16,2,1411,117.0,-35.0,-15.2,0.00241,待人工确认古琴独奏、底噪、音色,"Guitar:0.704; Plucked string instrument:0.513; Electric guitar:0.152; Bass guitar:0.135; Steel guitar, slide guitar:0.052",0.0028,0.001,0.0002,0.0005
