relative_path,name,bytes,file_modified,sample_rate_hz,channels,subtype,duration_sec,pcm_bitrate_kbps,error
CD第1册\CD01\Hsuh LuYuan-四大景.wav,Hsuh LuYuan-四大景.wav,9074230,2018-12-05T06:59:11,44100,2,PCM_16,51.44,1411,
CD第1册\CD01\马景洛-凤鸣朝阳.wav,马景洛-凤鸣朝阳.wav,42460870,2018-12-05T07:00:21,44100,2,PCM_16,240.71,1411,
CD第1册\CD01\马景洛-双鹤听泉.wav,马景洛-双鹤听泉.wav,23588422,2018-12-05T07:01:04,44100,2,PCM_16,133.72,1411,
CD第1册\CD01\马景洛-客窗夜话.wav,马景洛-客窗夜话.wav,55794358,2018-12-05T07:00:52,44100,2,PCM_16,316.29,1411,
CD第1册\CD01\马景洛-梧叶舞秋风.wav,马景洛-梧叶舞秋风.wav,39276262,2018-12-05T07:01:23,44100,2,PCM_16,222.65,1411,
CD第1册\CD01\马景洛-渔樵问答.wav,马景洛-渔樵问答.wav,53512918,2018-12-05T07:01:49,44100,2,PCM_16,303.36,1411,
CD第1册\CD01\马景洛-风云际会.wav,马景洛-风云际会.wav,65381110,2018-12-05T06:59:56,44100,2,PCM_16,370.64,1411,
CD第1册\CD02\夏一峰-平沙落雁.wav,夏一峰-平沙落雁.wav,80349244,2018-12-05T07:05:27,44100,2,PCM_16,455.49,1411,
CD第1册\CD02\夏一峰-渔歌.wav,夏一峰-渔歌.wav,142691356,2018-12-05T07:07:37,44100,2,PCM_16,808.91,1411,
CD第1册\CD02\夏一峰-秋塞吟.wav,夏一峰-秋塞吟.wav,87137116,2018-12-05T07:06:09,44100,2,PCM_16,493.97,1411,
CD第1册\CD02\夏一峰-良宵引.wav,夏一峰-良宵引.wav,29945884,2018-12-05T07:04:45,44100,2,PCM_16,169.76,1411,
CD第1册\CD02\夏一峰-阳关三叠.wav,夏一峰-阳关三叠.wav,37429948,2018-12-05T07:06:27,44100,2,PCM_16,212.19,1411,
CD第1册\CD02\夏一峰-静观吟1.wav,夏一峰-静观吟1.wav,29734204,2018-12-05T07:04:07,44100,2,PCM_16,168.56,1411,
CD第1册\CD02\夏一峰-静观吟2.wav,夏一峰-静观吟2.wav,34304140,2018-12-05T07:04:28,44100,2,PCM_16,194.47,1411,
CD第1册\CD02\夏一峰-风雷引.wav,夏一峰-风雷引.wav,42430300,2018-12-05T07:03:48,44100,2,PCM_16,240.53,1411,
CD第1册\CD03\卢家炳-午夜焚修.wav,卢家炳-午夜焚修.wav,38956408,2018-12-05T07:13:48,44100,2,PCM_16,220.84,1411,
CD第1册\CD03\卢家炳-孤鸿.wav,卢家炳-孤鸿.wav,51887704,2018-12-05T07:10:38,44100,2,PCM_16,294.15,1411,
CD第1册\CD03\卢家炳-平沙落雁1.wav,卢家炳-平沙落雁1.wav,48606664,2018-12-05T07:11:28,44100,2,PCM_16,275.55,1411,
CD第1册\CD03\卢家炳-平沙落雁2.wav,卢家炳-平沙落雁2.wav,48434968,2018-12-05T07:11:52,44100,2,PCM_16,274.57,1411,
CD第1册\CD03\卢家炳-归去来辞.wav,卢家炳-归去来辞.wav,43206472,2018-12-05T07:11:03,44100,2,PCM_16,244.93,1411,
CD第1册\CD03\卢家炳-月下吟.wav,卢家炳-月下吟.wav,43855626,2018-12-05T07:14:10,44100,2,PCM_16,248.61,1411,
CD第1册\CD03\卢家炳-水仙操1.wav,卢家炳-水仙操1.wav,70644904,2018-12-05T07:12:53,44100,2,PCM_16,400.48,1411,
CD第1册\CD03\卢家炳-水仙操2.wav,卢家炳-水仙操2.wav,75153688,2018-12-05T07:13:29,44100,2,PCM_16,426.04,1411,
CD第1册\CD03\卢家炳-碧云深.wav,卢家炳-碧云深.wav,47294248,2018-12-05T07:10:06,44100,2,PCM_16,268.11,1411,
CD第1册\CD03\卢家炳-释谈章.wav,卢家炳-释谈章.wav,53595256,2018-12-05T07:12:19,44100,2,PCM_16,303.83,1411,
CD第1册\CD04\夏莲居-春山听杜鹃.wav,夏莲居-春山听杜鹃.wav,53891592,2018-12-05T07:17:00,44100,2,PCM_16,305.51,1411,
CD第1册\CD04\夏莲居-秋江夜泊.wav,夏莲居-秋江夜泊.wav,25049016,2018-12-05T07:17:28,44100,2,PCM_16,142.0,1411,
CD第1册\CD04\夏莲居-长安一片月.wav,夏莲居-长安一片月.wav,80516232,2018-12-05T07:16:29,44100,2,PCM_16,456.44,1411,
CD第1册\CD04\夏莲居-风入松.wav,夏莲居-风入松.wav,26297928,2018-12-05T07:17:15,44100,2,PCM_16,149.08,1411,
CD第1册\CD04\郭同甫-山居吟.wav,郭同甫-山居吟.wav,65867976,2018-12-05T07:18:30,44100,2,PCM_16,373.4,1411,
CD第1册\CD04\郭同甫-平沙落雁.wav,郭同甫-平沙落雁.wav,60448968,2018-12-05T07:17:58,44100,2,PCM_16,342.68,1411,
CD第1册\CD04\郭同甫-水仙操.wav,郭同甫-水仙操.wav,130444488,2018-12-05T07:19:33,44100,2,PCM_16,739.48,1411,
CD第1册\CD05\根如-平沙落雁.wav,根如-平沙落雁.wav,44453022,2018-12-05T07:29:14,44100,2,PCM_16,252.0,1411,
CD第1册\CD05\汪孟舒-广寒秋.wav,汪孟舒-广寒秋.wav,21114126,2018-12-05T07:30:44,44100,2,PCM_16,119.69,1411,
CD第1册\CD05\汪孟舒-清夜吟.wav,汪孟舒-清夜吟.wav,29423742,2018-12-05T07:30:58,44100,2,PCM_16,166.8,1411,
CD第1册\CD05\章志荪-客窗夜话.wav,章志荪-客窗夜话.wav,58341582,2018-12-05T07:28:47,44100,2,PCM_16,330.73,1411,
CD第1册\CD05\陈维斌-普庵咒.wav,陈维斌-普庵咒.wav,110546574,2018-12-05T07:31:52,44100,2,PCM_16,626.68,1411,
CD第1册\CD05\黄渔仙-平沙落雁.wav,黄渔仙-平沙落雁.wav,55206366,2018-12-05T07:30:33,44100,2,PCM_16,312.96,1411,
CD第1册\CD05\龙琴舫-捣衣.wav,龙琴舫-捣衣.wav,70277982,2018-12-05T07:29:53,44100,2,PCM_16,398.4,1411,
CD第1册\CD05\龙琴舫-观音咒.wav,龙琴舫-观音咒.wav,25413582,2018-12-05T07:30:06,44100,2,PCM_16,144.07,1411,
CD第1册\CD06\詹澄秋-归去来辞.wav,詹澄秋-归去来辞.wav,35663592,2018-12-05T07:35:33,44100,2,PCM_16,202.17,1411,
CD第1册\CD06\詹澄秋-捣衣.wav,詹澄秋-捣衣.wav,75819284,2018-12-05T07:34:16,44100,2,PCM_16,429.81,1411,
CD第1册\CD06\詹澄秋-流水.wav,詹澄秋-流水.wav,33384500,2018-12-05T07:36:15,44100,2,PCM_16,189.25,1411,
CD第1册\CD06\詹澄秋-良宵引.wav,詹澄秋-良宵引.wav,19404214,2018-12-05T07:35:59,44100,2,PCM_16,110.0,1411,
CD第1册\CD06\詹澄秋-长门怨.wav,詹澄秋-长门怨.wav,38255502,2018-12-05T07:33:28,44100,2,PCM_16,216.87,1411,
CD第1册\CD06\詹澄秋-高山1.wav,詹澄秋-高山1.wav,60623012,2018-12-05T07:34:49,44100,2,PCM_16,343.67,1411,
CD第1册\CD06\詹澄秋-高山2.wav,詹澄秋-高山2.wav,51927668,2018-12-05T07:35:15,44100,2,PCM_16,294.37,1411,
CD第1册\CD06\詹澄秋-鹤舞洞天.wav,詹澄秋-鹤舞洞天.wav,35007384,2018-12-05T07:35:50,44100,2,PCM_16,198.45,1411,
CD第1册\CD07\詹澄秋-听泉吟1.wav,詹澄秋-听泉吟1.wav,16678270,2018-12-05T07:43:52,44100,2,PCM_16,94.55,1411,
CD第1册\CD07\詹澄秋-听泉吟2.wav,詹澄秋-听泉吟2.wav,15925630,2018-12-05T07:44:00,44100,2,PCM_16,90.28,1411,
CD第1册\CD07\詹澄秋-平沙落雁1.wav,詹澄秋-平沙落雁1.wav,40960318,2018-12-05T07:41:37,44100,2,PCM_16,232.2,1411,
CD第1册\CD07\詹澄秋-平沙落雁2.wav,詹澄秋-平沙落雁2.wav,47616478,2018-12-05T07:42:07,44100,2,PCM_16,269.93,1411,
CD第1册\CD07\詹澄秋-挟仙游.wav,詹澄秋-挟仙游.wav,38455440,2018-12-05T07:44:54,44100,2,PCM_16,218.0,1411,
CD第1册\CD07\詹澄秋-水仙操.wav,詹澄秋-水仙操.wav,52369870,2018-12-05T07:43:44,44100,2,PCM_16,296.88,1411,
CD第1册\CD07\詹澄秋-渔樵问答.wav,詹澄秋-渔樵问答.wav,43674528,2018-12-05T07:45:15,44100,2,PCM_16,247.59,1411,
CD第1册\CD07\詹澄秋-潇湘水云.wav,詹澄秋-潇湘水云.wav,73747198,2018-12-05T07:44:36,44100,2,PCM_16,418.07,1411,
CD第1册\CD07\詹澄秋-石上流泉.wav,詹澄秋-石上流泉.wav,34266526,2018-12-05T07:42:41,44100,2,PCM_16,194.25,1411,
CD第1册\CD07\詹澄秋-秋江夜泊.wav,詹澄秋-秋江夜泊.wav,24663310,2018-12-05T07:42:22,44100,2,PCM_16,139.81,1411,
CD第1册\CD07\詹澄秋-释谈章.wav,詹澄秋-释谈章.wav,71326990,2018-12-05T07:43:18,44100,2,PCM_16,404.35,1411,
CD第1册\CD08\沈草农-平沙落雁.wav,沈草农-平沙落雁.wav,45384426,2018-12-05T07:48:26,44100,2,PCM_16,257.28,1411,
CD第1册\CD08\沈草农-渔樵问答.wav,沈草农-渔樵问答.wav,91450698,2018-12-05T07:49:50,44100,2,PCM_16,518.43,1411,
CD第1册\CD08\沈草农-秋塞.wav,沈草农-秋塞.wav,53129562,2018-12-05T07:49:00,44100,2,PCM_16,301.19,1411,
CD第1册\CD08\溥雪斋-普庵咒.wav,溥雪斋-普庵咒.wav,76165052,2018-12-05T07:53:13,44100,2,PCM_16,431.77,1411,
CD第1册\CD08\溥雪斋-梅花三弄-琴箫合奏.wav,溥雪斋-梅花三弄-琴箫合奏.wav,104899434,2018-12-05T07:52:15,44100,2,PCM_16,594.67,1411,
CD第1册\CD08\溥雪斋-梅花三弄1.wav,溥雪斋-梅花三弄1.wav,76482570,2018-12-05T07:50:47,44100,2,PCM_16,433.57,1411,
CD第1册\CD08\溥雪斋-梅花三弄2.wav,溥雪斋-梅花三弄2.wav,76647210,2018-12-05T07:51:24,44100,2,PCM_16,434.51,1411,
CD第1册\CD08\溥雪斋-良宵引.wav,溥雪斋-良宵引.wav,22901658,2018-12-05T07:50:09,44100,2,PCM_16,129.83,1411,
CD第1册\CD08\溥雪斋-酒狂.wav,溥雪斋-酒狂.wav,16165530,2018-12-05T07:49:58,44100,2,PCM_16,91.64,1411,
CD第1册\CD08\溥雪斋-鸥鹭忘机.wav,溥雪斋-鸥鹭忘机.wav,43436970,2018-12-05T07:52:36,44100,2,PCM_16,246.24,1411,
CD第1册\CD09\徐元白-墨子悲丝.wav,徐元白-墨子悲丝.wav,148728936,2018-12-05T14:14:00,44100,2,PCM_16,843.13,1411,
CD第1册\CD09\徐元白-思贤操-合奏.wav,徐元白-思贤操-合奏.wav,38373096,2018-12-05T14:16:02,44100,2,PCM_16,217.53,1411,
CD第1册\CD09\徐元白-普庵咒-合奏.wav,徐元白-普庵咒-合奏.wav,94329528,2018-12-05T14:15:43,44100,2,PCM_16,534.75,1411,
CD第1册\CD09\徐元白-普庵咒.wav,徐元白-普庵咒.wav,59056584,2018-12-05T14:14:57,44100,2,PCM_16,334.79,1411,
CD第1册\CD09\徐元白-西泠话雨.wav,徐元白-西泠话雨.wav,54931176,2018-12-05T14:16:28,44100,2,PCM_16,311.4,1411,
CD第1册\CD09\徐元白-高山.wav,徐元白-高山.wav,102660312,2018-12-05T14:12:41,44100,2,PCM_16,581.97,1411,
CD第1册\CD09\徐元白-鸥鹭忘机.wav,徐元白-鸥鹭忘机.wav,59308248,2018-12-05T14:14:29,44100,2,PCM_16,336.21,1411,
CD第1册\CD10\向笙阶-春闺怨.wav,向笙阶-春闺怨.wav,27358686,2018-12-05T14:23:15,44100,2,PCM_16,155.09,1411,
CD第1册\CD10\徐元白-渔樵问答1-残.wav,徐元白-渔樵问答1-残.wav,52685022,2018-12-05T14:21:25,44100,2,PCM_16,298.67,1411,
CD第1册\CD10\徐元白-渔樵问答2.wav,徐元白-渔樵问答2.wav,83849022,2018-12-05T14:22:06,44100,2,PCM_16,475.33,1411,
CD第1册\CD10\徐元白-渔歌.wav,徐元白-渔歌.wav,164557902,2018-12-05T14:20:59,44100,2,PCM_16,932.87,1411,
CD第1册\CD10\徐元白-潇湘水云.wav,徐元白-潇湘水云.wav,133718478,2018-12-05T14:19:35,44100,2,PCM_16,758.04,1411,
CD第1册\CD10\程独清-归去来辞.wav,程独清-归去来辞.wav,56057790,2018-12-05T14:23:01,44100,2,PCM_16,317.79,1411,
CD第1册\CD10\胡莹堂-渔歌.wav,胡莹堂-渔歌.wav,164931870,2018-12-05T14:24:36,44100,2,PCM_16,934.99,1411,
CD第1册\CD10\郑颖孙-长门怨.wav,郑颖孙-长门怨.wav,55333374,2018-12-05T14:22:34,44100,2,PCM_16,313.68,1411,
CD第1册\CD11\查阜西-关山月.wav,查阜西-关山月.wav,34247704,2018-12-05T14:27:14,44100,2,PCM_16,194.15,1411,
CD第1册\CD11\查阜西-凯歌.wav,查阜西-凯歌.wav,59399992,2018-12-05T14:28:00,44100,2,PCM_16,336.73,1411,
CD第1册\CD11\查阜西-大江东去.wav,查阜西-大江东去.wav,54458440,2018-12-05T14:26:33,44100,2,PCM_16,308.72,1411,
CD第1册\CD11\查阜西-普庵咒.wav,查阜西-普庵咒.wav,107383146,2018-12-05T14:30:41,44100,2,PCM_16,608.75,1411,
CD第1册\CD11\查阜西-梅花三弄.wav,查阜西-梅花三弄.wav,102453352,2018-12-05T14:28:50,44100,2,PCM_16,580.8,1411,
CD第1册\CD11\查阜西-洞庭秋思.wav,查阜西-洞庭秋思.wav,40144168,2018-12-05T14:26:55,44100,2,PCM_16,227.57,1411,
CD第1册\CD11\查阜西-胡笳十八拍-合奏.wav,查阜西-胡笳十八拍-合奏.wav,35633032,2018-12-05T14:27:31,44100,2,PCM_16,202.0,1411,
CD第1册\CD11\查阜西-长门怨.wav,查阜西-长门怨.wav,52995496,2018-12-05T14:25:59,44100,2,PCM_16,300.43,1411,
CD第1册\CD11\查阜西-鸥鹭忘机-合奏.wav,查阜西-鸥鹭忘机-合奏.wav,63306664,2018-12-05T14:29:49,44100,2,PCM_16,358.88,1411,
CD第1册\CD11\查阜西-鸥鹭忘机.wav,查阜西-鸥鹭忘机.wav,57226744,2018-12-05T14:29:18,44100,2,PCM_16,324.41,1411,
CD第1册\CD12\查阜西--渔歌.wav,查阜西--渔歌.wav,165167058,2018-12-05T14:37:51,44100,2,PCM_16,936.32,1411,
CD第1册\CD12\查阜西-忆故人.wav,查阜西-忆故人.wav,67495554,2018-12-05T14:36:31,44100,2,PCM_16,382.63,1411,
CD第1册\CD12\查阜西-潇湘水云1.wav,查阜西-潇湘水云1.wav,149345154,2018-12-05T14:34:27,44100,2,PCM_16,846.63,1411,
CD第1册\CD12\查阜西-潇湘水云2.wav,查阜西-潇湘水云2.wav,140346402,2018-12-05T14:35:37,44100,2,PCM_16,795.61,1411,
CD第1册\CD12\查阜西-醉渔唱晚.wav,查阜西-醉渔唱晚.wav,47734050,2018-12-05T14:38:14,44100,2,PCM_16,270.6,1411,
CD第1册\CD12\查阜西-阳关三叠.wav,查阜西-阳关三叠.wav,44220162,2018-12-05T14:35:59,44100,2,PCM_16,250.68,1411,
CD第1册\CD13\张友鹤-平沙落雁.wav,张友鹤-平沙落雁.wav,48736032,2018-12-05T14:39:54,44100,2,PCM_16,276.28,1411,
CD第1册\CD13\张友鹤-阳关三叠-合奏.wav,张友鹤-阳关三叠-合奏.wav,55474512,2018-12-05T14:40:29,44100,2,PCM_16,314.48,1411,
CD第1册\CD13\胡莹堂-平沙落雁1.wav,胡莹堂-平沙落雁1.wav,69504192,2018-12-05T14:41:36,44100,2,PCM_16,394.01,1411,
CD第1册\CD13\胡莹堂-平沙落雁2.wav,胡莹堂-平沙落雁2.wav,67060464,2018-12-05T14:42:09,44100,2,PCM_16,380.16,1411,
CD第1册\CD13\胡莹堂-忆故人.wav,胡莹堂-忆故人.wav,68829168,2018-12-05T14:44:09,44100,2,PCM_16,390.19,1411,
CD第1册\CD13\胡莹堂-普庵咒-合奏.wav,胡莹堂-普庵咒-合奏.wav,96479280,2018-12-05T14:43:35,44100,2,PCM_16,546.93,1411,
CD第1册\CD13\胡莹堂-普庵咒-残.wav,胡莹堂-普庵咒-残.wav,77660928,2018-12-05T14:42:48,44100,2,PCM_16,440.25,1411,
CD第1册\CD13\胡莹堂-醉渔唱晚.wav,胡莹堂-醉渔唱晚.wav,36505632,2018-12-05T14:44:27,44100,2,PCM_16,206.95,1411,
CD第1册\CD13\胡莹堂-长门怨.wav,胡莹堂-长门怨.wav,57370224,2018-12-05T14:41:01,44100,2,PCM_16,325.23,1411,
CD第1册\CD13\金致淇-平沙落雁.wav,金致淇-平沙落雁.wav,111280418,2018-12-05T14:45:42,44100,2,PCM_16,630.84,1411,
CD第1册\CD13\金致淇-鹿鸣操.wav,金致淇-鹿鸣操.wav,42075170,2018-12-05T14:44:48,44100,2,PCM_16,238.52,1411,
CD第1册\CD14\管平湖-关山月-合奏.wav,管平湖-关山月-合奏.wav,28943948,2018-12-05T14:51:57,44100,2,PCM_16,164.08,1411,
CD第1册\CD14\管平湖-关山月.wav,管平湖-关山月.wav,28892202,2018-12-05T14:51:43,44100,2,PCM_16,163.79,1411,
CD第1册\CD14\管平湖-大胡笳.wav,管平湖-大胡笳.wav,130115226,2018-12-05T14:51:09,44100,2,PCM_16,737.61,1411,
CD第1册\CD14\管平湖-春晓吟.wav,管平湖-春晓吟.wav,35795322,2018-12-05T14:50:06,44100,2,PCM_16,202.92,1411,
CD第1册\CD14\管平湖-欸乃.wav,管平湖-欸乃.wav,132653034,2018-12-05T14:47:48,44100,2,PCM_16,752.0,1411,
CD第1册\CD14\管平湖-白雪1.wav,管平湖-白雪1.wav,53759898,2018-12-05T14:48:16,44100,2,PCM_16,304.76,1411,
CD第1册\CD14\管平湖-白雪2.wav,管平湖-白雪2.wav,55893162,2018-12-05T14:48:44,44100,2,PCM_16,316.85,1411,
CD第1册\CD14\管平湖-长清.wav,管平湖-长清.wav,71409306,2018-12-05T14:49:49,44100,2,PCM_16,404.81,1411,
CD第1册\CD14\管平湖-长门怨.wav,管平湖-长门怨.wav,61041690,2018-12-05T14:49:14,44100,2,PCM_16,346.04,1411,
CD第1册\CD14\管平湖-风雷引.wav,管平湖-风雷引.wav,40854474,2018-12-05T14:51:29,44100,2,PCM_16,231.6,1411,
CD第1册\CD15\管平湖-广陵散1.wav,管平湖-广陵散1.wav,239022194,2018-12-05T14:54:54,44100,2,PCM_16,1355.0,1411,
CD第1册\CD15\管平湖-广陵散2.wav,管平湖-广陵散2.wav,237248790,2018-12-05T14:56:50,44100,2,PCM_16,1344.95,1411,
CD第1册\CD15\管平湖-广陵散3.wav,管平湖-广陵散3.wav,238137846,2018-12-05T14:58:47,44100,2,PCM_16,1349.99,1411,
CD第1册\CD16\管平湖-回忆.wav,管平湖-回忆.wav,20855408,2018-12-05T15:18:43,44100,2,PCM_16,118.23,1411,
CD第1册\CD16\管平湖-离骚1.wav,管平湖-离骚1.wav,114594368,2019-04-25T13:28:34,44100,2,PCM_16,649.63,1411,
CD第1册\CD16\管平湖-离骚2.wav,管平湖-离骚2.wav,109078928,2018-12-05T15:21:38,44100,2,PCM_16,618.36,1411,
CD第1册\CD16\管平湖-胡笳十八拍-残.wav,管平湖-胡笳十八拍-残.wav,28323008,2018-12-05T15:18:33,44100,2,PCM_16,160.56,1411,
CD第1册\CD16\管平湖-胡笳十八拍.wav,管平湖-胡笳十八拍.wav,209739824,2018-12-05T15:18:19,44100,2,PCM_16,1189.0,1411,
CD第1册\CD16\管平湖-获麟1.wav,管平湖-获麟1.wav,43857968,2018-12-05T15:19:04,44100,2,PCM_16,248.63,1411,
CD第1册\CD16\管平湖-获麟2.wav,管平湖-获麟2.wav,44895200,2018-12-05T15:19:26,44100,2,PCM_16,254.51,1411,
CD第1册\CD16\管平湖-获麟3.wav,管平湖-获麟3.wav,49114688,2018-12-05T15:19:50,44100,2,PCM_16,278.43,1411,
CD第1册\CD17\管平湖-梅花三弄.wav,管平湖-梅花三弄.wav,85208478,2018-12-05T15:41:03,44100,2,PCM_16,483.04,1411,
CD第1册\CD17\管平湖-流水1.wav,管平湖-流水1.wav,80570334,2018-12-05T15:31:26,44100,2,PCM_16,456.75,1411,
CD第1册\CD17\管平湖-流水2.wav,管平湖-流水2.wav,77512734,2018-12-05T15:33:20,44100,2,PCM_16,439.41,1411,
CD第1册\CD17\管平湖-流水3.wav,管平湖-流水3.wav,79027422,2018-12-05T15:35:15,44100,2,PCM_16,448.0,1411,
CD第1册\CD17\管平湖-流水4.wav,管平湖-流水4.wav,81497022,2018-12-05T15:37:13,44100,2,PCM_16,462.0,1411,
CD第1册\CD17\管平湖-良宵引.wav,管平湖-良宵引.wav,32907054,2018-12-05T15:29:26,44100,2,PCM_16,186.55,1411,
CD第1册\CD17\管平湖-鸥鹭忘机.wav,管平湖-鸥鹭忘机.wav,54053886,2018-12-05T15:42:21,44100,2,PCM_16,306.43,1411,
CD第1册\CD17\管平湖-龙翔操.wav,管平湖-龙翔操.wav,73803630,2018-12-05T15:39:00,44100,2,PCM_16,418.39,1411,
CD第1册\CD18\管平湖-平沙落雁1.wav,管平湖-平沙落雁1.wav,70609602,2018-12-05T15:53:14,44100,2,PCM_16,400.28,1411,
CD第1册\CD18\管平湖-平沙落雁2.wav,管平湖-平沙落雁2.wav,71446914,2018-12-05T15:53:56,44100,2,PCM_16,405.03,1411,
CD第1册\CD18\管平湖-平沙落雁合奏.wav,管平湖-平沙落雁合奏.wav,52795554,2018-12-05T15:54:24,44100,2,PCM_16,299.29,1411,
CD第1册\CD18\管平湖-水仙操1.wav,管平湖-水仙操1.wav,99574482,2018-12-05T15:57:17,44100,2,PCM_16,564.48,1411,
CD第1册\CD18\管平湖-水仙操2.wav,管平湖-水仙操2.wav,109586946,2018-12-05T15:58:09,44100,2,PCM_16,621.24,1411,
CD第1册\CD18\管平湖-秋鸿.wav,管平湖-秋鸿.wav,255418002,2018-12-05T15:56:28,44100,2,PCM_16,1447.95,1411,
CD第1册\CD19\管平湖-乌夜啼.wav,管平湖-乌夜啼.wav,90312328,2018-12-05T16:02:18,44100,2,PCM_16,511.97,1411,
CD第1册\CD19\管平湖-四大景.wav,管平湖-四大景.wav,42689032,2018-12-05T16:00:51,44100,2,PCM_16,242.0,1411,
CD第1册\CD19\管平湖-天风环珮1.wav,管平湖-天风环珮1.wav,24432808,2018-12-05T16:01:06,44100,2,PCM_16,138.51,1411,
CD第1册\CD19\管平湖-天风环珮2.wav,管平湖-天风环珮2.wav,36943096,2018-12-05T16:01:29,44100,2,PCM_16,209.43,1411,
CD第1册\CD19\管平湖-幽兰1.wav,管平湖-幽兰1.wav,108900184,2018-12-05T16:04:54,44100,2,PCM_16,617.35,1411,
CD第1册\CD19\管平湖-幽兰2.wav,管平湖-幽兰2.wav,111308632,2018-12-05T16:05:49,44100,2,PCM_16,631.0,1411,
CD第1册\CD19\管平湖-幽兰3.wav,管平湖-幽兰3.wav,122254842,2018-12-05T16:06:49,44100,2,PCM_16,693.05,1411,
CD第1册\CD19\管平湖-潇湘水云.wav,管平湖-潇湘水云.wav,108824920,2018-12-05T16:03:12,44100,2,PCM_16,616.92,1411,
CD第1册\CD19\管平湖-阳关三叠.wav,管平湖-阳关三叠.wav,40141816,2018-12-05T16:04:01,44100,2,PCM_16,227.56,1411,
CD第1册\CD19\管平湖-阳春.wav,管平湖-阳春.wav,58064056,2018-12-05T16:03:41,44100,2,PCM_16,329.16,1411,
CD第2册\20\徐立孙-公社之春.wav,徐立孙-公社之春.wav,39008142,2018-12-13T12:03:47,44100,2,PCM_16,221.13,1411,
CD第2册\20\徐立孙-捣衣1.wav,徐立孙-捣衣1.wav,53277726,2018-12-13T12:02:18,44100,2,PCM_16,302.03,1411,
CD第2册\20\徐立孙-捣衣2.wav,徐立孙-捣衣2.wav,58967214,2018-12-13T12:02:48,44100,2,PCM_16,334.28,1411,
CD第2册\20\徐立孙-捣衣3.wav,徐立孙-捣衣3.wav,57153822,2018-12-13T12:03:16,44100,2,PCM_16,324.0,1411,
CD第2册\20\徐立孙-长门怨1.wav,徐立孙-长门怨1.wav,36199854,2018-12-13T12:01:05,44100,2,PCM_16,205.21,1411,
CD第2册\20\徐立孙-长门怨2.wav,徐立孙-长门怨2.wav,35470734,2018-12-13T12:01:28,44100,2,PCM_16,201.08,1411,
CD第2册\20\徐立孙-长门怨3.wav,徐立孙-长门怨3.wav,33163422,2018-12-13T12:01:48,44100,2,PCM_16,188.0,1411,
CD第2册\20\徐立孙-风雷引.wav,徐立孙-风雷引.wav,23120382,2018-12-13T12:03:28,44100,2,PCM_16,131.07,1411,
CD第2册\21\徐立孙-平沙落雁.wav,徐立孙-平沙落雁.wav,43846198,2018-12-13T12:08:06,44100,2,PCM_16,248.56,1411,
CD第2册\21\徐立孙-幽兰.wav,徐立孙-幽兰.wav,64445014,2018-12-13T12:09:26,44100,2,PCM_16,365.33,1411,
CD第2册\21\徐立孙-广陵散-残.wav,徐立孙-广陵散-残.wav,136246870,2018-12-13T12:07:45,44100,2,PCM_16,772.37,1411,
CD第2册\21\徐立孙-广陵散.wav,徐立孙-广陵散.wav,180259846,2018-12-13T12:06:38,44100,2,PCM_16,1021.88,1411,
CD第2册\21\徐立孙-搔首问天1.wav,徐立孙-搔首问天1.wav,49234630,2018-12-13T12:08:30,44100,2,PCM_16,279.11,1411,
CD第2册\21\徐立孙-搔首问天2.wav,徐立孙-搔首问天2.wav,51097414,2018-12-13T12:08:55,44100,2,PCM_16,289.67,1411,
CD第2册\22\杨新伦-乌夜啼.wav,杨新伦-乌夜啼.wav,70717820,2018-12-13T12:16:14,44100,2,PCM_16,400.89,1411,
CD第2册\22\杨新伦-怀古.wav,杨新伦-怀古.wav,34264172,2018-12-13T12:15:24,44100,2,PCM_16,194.24,1411,
CD第2册\22\杨新伦-渔樵问答.wav,杨新伦-渔樵问答.wav,59204780,2018-12-13T12:16:43,44100,2,PCM_16,335.63,1411,
CD第2册\22\杨新伦-玉树临风.wav,杨新伦-玉树临风.wav,37342942,2018-12-13T12:17:01,44100,2,PCM_16,211.69,1411,
CD第2册\22\杨新伦-碧涧流泉.wav,杨新伦-碧涧流泉.wav,42689036,2018-12-13T12:14:30,44100,2,PCM_16,242.0,1411,
CD第2册\22\杨新伦-高山.wav,杨新伦-高山.wav,76118012,2018-12-13T12:15:07,44100,2,PCM_16,431.51,1411,
CD第2册\22\杨新伦-鸥鹭忘机.wav,杨新伦-鸥鹭忘机.wav,32796524,2018-12-13T12:15:40,44100,2,PCM_16,185.92,1411,
CD第2册\22\黄雪辉-忆故人.wav,黄雪辉-忆故人.wav,63003260,2018-12-13T12:14:07,44100,2,PCM_16,357.16,1411,
CD第2册\22\黄雪辉-白雪.wav,黄雪辉-白雪.wav,59625788,2018-12-13T12:13:11,44100,2,PCM_16,338.01,1411,
CD第2册\22\黄雪辉-秋江夜泊.wav,黄雪辉-秋江夜泊.wav,33452732,2018-12-13T12:13:32,44100,2,PCM_16,189.64,1411,
CD第2册\23\顾梅羹-关山月.wav,顾梅羹-关山月.wav,30103484,2018-12-13T12:21:26,44100,2,PCM_16,170.65,1411,
CD第2册\23\顾梅羹-孔子读易1.wav,顾梅羹-孔子读易1.wav,57139724,2018-12-13T12:22:29,44100,2,PCM_16,323.92,1411,
CD第2册\23\顾梅羹-孔子读易2.wav,顾梅羹-孔子读易2.wav,59621084,2018-12-13T12:22:59,44100,2,PCM_16,337.99,1411,
CD第2册\23\顾梅羹-汉宫秋月-残.wav,顾梅羹-汉宫秋月-残.wav,68408156,2018-12-13T12:22:01,44100,2,PCM_16,387.8,1411,
CD第2册\23\顾梅羹-流水1.wav,顾梅羹-流水1.wav,75097244,2018-12-13T12:24:36,44100,2,PCM_16,425.72,1411,
CD第2册\23\顾梅羹-流水2.wav,顾梅羹-流水2.wav,76948268,2018-12-13T12:25:14,44100,2,PCM_16,436.21,1411,
CD第2册\23\顾梅羹-流水3.wav,顾梅羹-流水3.wav,76181518,2018-12-13T12:25:51,44100,2,PCM_16,431.87,1411,
CD第2册\23\顾梅羹-离骚.wav,顾梅羹-离骚.wav,124023548,2018-12-13T12:24:00,44100,2,PCM_16,703.08,1411,
CD第2册\23\顾梅羹-长侧.wav,顾梅羹-长侧.wav,72136076,2018-12-13T12:20:33,44100,2,PCM_16,408.93,1411,
CD第2册\23\顾梅羹-高山.wav,顾梅羹-高山.wav,60790028,2018-12-13T12:21:10,44100,2,PCM_16,344.61,1411,
CD第2册\24\顾梅羹-墨子悲丝.wav,顾梅羹-墨子悲丝.wav,102385130,2018-12-13T12:28:59,44100,2,PCM_16,580.41,1411,
CD第2册\24\顾梅羹-平沙落雁1.wav,顾梅羹-平沙落雁1.wav,71381066,2018-12-13T12:29:34,44100,2,PCM_16,404.65,1411,
CD第2册\24\顾梅羹-平沙落雁2.wav,顾梅羹-平沙落雁2.wav,70336778,2018-12-13T12:30:08,44100,2,PCM_16,398.73,1411,
CD第2册\24\顾梅羹-平沙落雁3.wav,顾梅羹-平沙落雁3.wav,64508522,2018-12-13T12:30:39,44100,2,PCM_16,365.69,1411,
CD第2册\24\顾梅羹-普庵咒.wav,顾梅羹-普庵咒.wav,76978826,2018-12-13T12:31:16,44100,2,PCM_16,436.39,1411,
CD第2册\24\顾梅羹-梅花三弄1.wav,顾梅羹-梅花三弄1.wav,77286938,2018-12-13T12:27:19,44100,2,PCM_16,438.13,1411,
CD第2册\24\顾梅羹-梅花三弄2.wav,顾梅羹-梅花三弄2.wav,83672618,2018-12-13T12:28:07,44100,2,PCM_16,474.33,1411,
CD第2册\25\顾梅羹-忆故人1.wav,顾梅羹-忆故人1.wav,73413194,2018-12-13T12:36:04,44100,2,PCM_16,416.17,1411,
CD第2册\25\顾梅羹-忆故人2.wav,顾梅羹-忆故人2.wav,72905162,2018-12-13T12:36:40,44100,2,PCM_16,413.29,1411,
CD第2册\25\顾梅羹-潇湘水云.wav,顾梅羹-潇湘水云.wav,100731674,2018-12-13T12:35:28,44100,2,PCM_16,571.04,1411,
CD第2册\25\顾梅羹-秋塞吟.wav,顾梅羹-秋塞吟.wav,82193210,2018-12-13T12:34:32,44100,2,PCM_16,465.95,1411,
CD第2册\25\顾梅羹-醉渔唱晚1.wav,顾梅羹-醉渔唱晚1.wav,55754378,2018-12-13T12:37:07,44100,2,PCM_16,316.07,1411,
CD第2册\25\顾梅羹-醉渔唱晚2.wav,顾梅羹-醉渔唱晚2.wav,55131098,2018-12-13T12:37:34,44100,2,PCM_16,312.53,1411,
CD第2册\25\顾梅羹-醉渔唱晚3.wav,顾梅羹-醉渔唱晚3.wav,57087962,2018-12-13T12:38:02,44100,2,PCM_16,323.63,1411,
CD第2册\26\杨葆元-伐檀.wav,杨葆元-伐檀.wav,25700520,2018-12-13T12:40:56,44100,2,PCM_16,145.69,1411,
CD第2册\26\杨葆元-平沙落雁.wav,杨葆元-平沙落雁.wav,78851016,2018-12-13T12:43:39,44100,2,PCM_16,447.0,1411,
CD第2册\26\杨葆元-归去来辞.wav,杨葆元-归去来辞.wav,44982216,2018-12-13T12:41:26,44100,2,PCM_16,255.0,1411,
CD第2册\26\杨葆元-梅花三弄.wav,杨葆元-梅花三弄.wav,71338728,2018-12-13T12:43:01,44100,2,PCM_16,404.41,1411,
CD第2册\26\杨葆元-流水.wav,杨葆元-流水.wav,74824392,2018-12-13T12:42:10,44100,2,PCM_16,424.17,1411,
CD第2册\26\杨葆元-秋鸿.wav,杨葆元-秋鸿.wav,221753832,2018-12-13T12:45:27,44100,2,PCM_16,1257.11,1411,
CD第2册\26\杨葆元-鹿鸣操.wav,杨葆元-鹿鸣操.wav,29459016,2018-12-13T12:42:25,44100,2,PCM_16,167.0,1411,
CD第2册\27\杨葆元-桃源春晓.wav,杨葆元-桃源春晓.wav,80125784,2018-12-13T12:50:57,44100,2,PCM_16,454.23,1411,
CD第2册\27\杨葆元-水仙操1.wav,杨葆元-水仙操1.wav,100019000,2018-12-13T12:49:29,44100,2,PCM_16,567.0,1411,
CD第2册\27\杨葆元-水仙操2.wav,杨葆元-水仙操2.wav,88186088,2018-12-13T12:50:17,44100,2,PCM_16,499.92,1411,
CD第2册\27\杨葆元-渔樵问答.wav,杨葆元-渔樵问答.wav,105715544,2018-12-13T12:51:48,44100,2,PCM_16,599.29,1411,
CD第2册\28\张子谦-楚歌1.wav,张子谦-楚歌1.wav,60465488,2018-12-13T12:55:32,44100,2,PCM_16,342.77,1411,
CD第2册\28\张子谦-楚歌2.wav,张子谦-楚歌2.wav,58666208,2018-12-13T12:56:01,44100,2,PCM_16,332.57,1411,
CD第2册\28\张子谦-泛沧浪.wav,张子谦-泛沧浪.wav,30870272,2018-12-13T12:56:16,44100,2,PCM_16,175.0,1411,
CD第2册\28\张子谦-良宵引1.wav,张子谦-良宵引1.wav,18044818,2018-12-13T12:57:11,44100,2,PCM_16,102.29,1411,
CD第2册\28\张子谦-良宵引2.wav,张子谦-良宵引2.wav,21276466,2018-12-13T12:57:22,44100,2,PCM_16,120.61,1411,
CD第2册\28\张子谦-酒狂-合奏.wav,张子谦-酒狂-合奏.wav,26947136,2018-12-13T12:57:02,44100,2,PCM_16,152.76,1411,
CD第2册\28\张子谦-酒狂1.wav,张子谦-酒狂1.wav,23249792,2018-12-13T12:56:38,44100,2,PCM_16,131.8,1411,
CD第2册\28\张子谦-酒狂2.wav,张子谦-酒狂2.wav,24042416,2018-12-13T12:56:49,44100,2,PCM_16,136.29,1411,
CD第2册\28\张子谦-长清1.wav,张子谦-长清1.wav,64002896,2018-12-13T12:54:20,44100,2,PCM_16,362.83,1411,
CD第2册\28\张子谦-长清2.wav,张子谦-长清2.wav,66869984,2018-12-13T12:55:00,44100,2,PCM_16,379.08,1411,
CD第2册\28\张子谦-飞鸣吟.wav,张子谦-飞鸣吟.wav,20829584,2018-12-13T12:56:26,44100,2,PCM_16,118.08,1411,
CD第2册\28\张子谦-龙翔操1-残.wav,张子谦-龙翔操1-残.wav,49371106,2018-12-13T12:57:45,44100,2,PCM_16,279.88,1411,
CD第2册\28\张子谦-龙翔操2.wav,张子谦-龙翔操2.wav,46903858,2018-12-13T12:58:08,44100,2,PCM_16,265.89,1411,
CD第2册\28\张子谦-龙翔操3.wav,张子谦-龙翔操3.wav,50803474,2018-12-13T12:58:33,44100,2,PCM_16,288.0,1411,
CD第2册\28\张子谦-龙翔操4.wav,张子谦-龙翔操4.wav,58788514,2018-12-13T12:59:01,44100,2,PCM_16,333.27,1411,
CD第2册\28\张子谦-龙翔操5-合奏.wav,张子谦-龙翔操5-合奏.wav,57316162,2018-12-13T12:59:29,44100,2,PCM_16,324.92,1411,
CD第2册\29\张子谦-平沙落雁-合奏1.wav,张子谦-平沙落雁-合奏1.wav,60079724,2018-12-13T13:04:37,44100,2,PCM_16,340.59,1411,
CD第2册\29\张子谦-平沙落雁-合奏2.wav,张子谦-平沙落雁-合奏2.wav,58273388,2018-12-13T13:05:05,44100,2,PCM_16,330.35,1411,
CD第2册\29\张子谦-平沙落雁-合奏3.wav,张子谦-平沙落雁-合奏3.wav,62810396,2018-12-13T13:05:36,44100,2,PCM_16,356.07,1411,
CD第2册\29\张子谦-平沙落雁-合奏4.wav,张子谦-平沙落雁-合奏4.wav,64016972,2018-12-13T13:06:07,44100,2,PCM_16,362.91,1411,
CD第2册\29\张子谦-平沙落雁-唱弦.wav,张子谦-平沙落雁-唱弦.wav,64717870,2018-12-13T13:06:39,44100,2,PCM_16,366.88,1411,
CD第2册\29\张子谦-平沙落雁.wav,张子谦-平沙落雁.wav,63043244,2018-12-13T13:04:07,44100,2,PCM_16,357.39,1411,
CD第2册\29\张子谦-梅花三弄-合奏.wav,张子谦-梅花三弄-合奏.wav,78004316,2018-12-13T13:03:36,44100,2,PCM_16,442.2,1411,
CD第2册\29\张子谦-梅花三弄1.wav,张子谦-梅花三弄1.wav,76753052,2018-12-13T13:01:24,44100,2,PCM_16,435.11,1411,
CD第2册\29\张子谦-梅花三弄2.wav,张子谦-梅花三弄2.wav,85730636,2018-12-13T13:02:14,44100,2,PCM_16,486.0,1411,
CD第2册\29\张子谦-梅花三弄3.wav,张子谦-梅花三弄3.wav,86779628,2018-12-13T13:02:58,44100,2,PCM_16,491.95,1411,
CD第2册\30\张子谦-天风环珮1.wav,张子谦-天风环珮1.wav,25820474,2018-12-13T13:11:51,44100,2,PCM_16,146.37,1411,
CD第2册\30\张子谦-天风环珮2.wav,张子谦-天风环珮2.wav,26413178,2018-12-13T13:12:04,44100,2,PCM_16,149.73,1411,
CD第2册\30\张子谦-普庵咒-合奏.wav,张子谦-普庵咒-合奏.wav,64052234,2018-12-13T13:08:17,44100,2,PCM_16,363.11,1411,
CD第2册\30\张子谦-樵歌.wav,张子谦-樵歌.wav,98534906,2018-12-13T13:09:15,44100,2,PCM_16,558.59,1411,
CD第2册\30\张子谦-秋塞吟-残.wav,张子谦-秋塞吟-残.wav,15688058,2018-12-13T13:11:39,44100,2,PCM_16,88.93,1411,
CD第2册\30\张子谦-秋鸿1.wav,张子谦-秋鸿1.wav,131401754,2018-12-13T13:10:20,44100,2,PCM_16,744.91,1411,
CD第2册\30\张子谦-秋鸿2.wav,张子谦-秋鸿2.wav,145885370,2018-12-13T13:11:31,44100,2,PCM_16,827.01,1411,
CD第2册\31\张子谦-忆故人-合奏1.wav,张子谦-忆故人-合奏1.wav,60204368,2018-12-13T13:17:35,44100,2,PCM_16,341.29,1411,
CD第2册\31\张子谦-忆故人-合奏2.wav,张子谦-忆故人-合奏2.wav,74565680,2018-12-13T13:18:11,44100,2,PCM_16,422.71,1411,
CD第2册\31\张子谦-忆故人.wav,张子谦-忆故人.wav,71536304,2018-12-13T13:17:06,44100,2,PCM_16,405.53,1411,
CD第2册\31\张子谦-渔歌.wav,张子谦-渔歌.wav,118345808,2018-12-13T13:19:08,44100,2,PCM_16,670.89,1411,
CD第2册\31\张子谦-潇湘水云-合奏1.wav,张子谦-潇湘水云-合奏1.wav,109031888,2018-12-13T13:15:28,44100,2,PCM_16,618.09,1411,
CD第2册\31\张子谦-潇湘水云-合奏2残.wav,张子谦-潇湘水云-合奏2残.wav,88099088,2018-12-13T13:16:11,44100,2,PCM_16,499.43,1411,
CD第2册\31\张子谦-潇湘水云-残.wav,张子谦-潇湘水云-残.wav,90968528,2018-12-13T13:14:28,44100,2,PCM_16,515.69,1411,
CD第2册\31\张子谦-阳关三叠-合奏.wav,张子谦-阳关三叠-合奏.wav,40341728,2018-12-13T13:16:31,44100,2,PCM_16,228.69,1411,
CD第2册\32\关仲航-平沙落雁.wav,关仲航-平沙落雁.wav,58755558,2018-12-13T13:25:50,44100,2,PCM_16,333.08,1411,
CD第2册\32\关仲航-水仙操.wav,关仲航-水仙操.wav,82962344,2018-12-13T13:26:30,44100,2,PCM_16,470.31,1411,
CD第2册\32\关仲航-渔樵问答.wav,关仲航-渔樵问答.wav,81894536,2018-12-13T13:27:57,44100,2,PCM_16,464.25,1411,
CD第2册\32\关仲航-潇湘水云.wav,关仲航-潇湘水云.wav,97843448,2018-12-13T13:27:18,44100,2,PCM_16,554.67,1411,
CD第2册\32\高松如-平沙落雁.wav,高松如-平沙落雁.wav,47919894,2018-12-13T13:24:21,44100,2,PCM_16,271.65,1411,
CD第2册\32\高松如-归去来辞.wav,高松如-归去来辞.wav,58666182,2018-12-13T13:23:19,44100,2,PCM_16,332.57,1411,
CD第2册\32\高松如-梧叶舞秋风.wav,高松如-梧叶舞秋风.wav,49928502,2018-12-13T13:24:59,44100,2,PCM_16,283.04,1411,
CD第2册\32\高松如-流水.wav,高松如-流水.wav,47360118,2018-12-13T13:23:58,44100,2,PCM_16,268.48,1411,
CD第2册\32\高松如-渔樵问答.wav,高松如-渔樵问答.wav,46703910,2018-12-13T13:25:22,44100,2,PCM_16,264.76,1411,
CD第2册\32\高松如-秋江夜泊.wav,高松如-秋江夜泊.wav,26495526,2018-12-13T13:24:34,44100,2,PCM_16,150.2,1411,
CD第2册\32\高松如-良宵引.wav,高松如-良宵引.wav,23609622,2018-12-13T13:23:32,44100,2,PCM_16,133.84,1411,
CD第2册\32\高松如-长门怨.wav,高松如-长门怨.wav,52786182,2018-12-13T13:22:43,44100,2,PCM_16,299.24,1411,
CD第2册\33\刘少椿-墨子悲丝.wav,刘少椿-墨子悲丝.wav,103984506,2018-12-13T13:33:17,44100,2,PCM_16,589.48,1411,
CD第2册\33\刘少椿-山居吟.wav,刘少椿-山居吟.wav,37808634,2018-12-13T13:34:57,44100,2,PCM_16,214.33,1411,
CD第2册\33\刘少椿-平沙落雁.wav,刘少椿-平沙落雁.wav,71334042,2018-12-13T13:33:51,44100,2,PCM_16,404.39,1411,
CD第2册\33\刘少椿-梅花三弄1.wav,刘少椿-梅花三弄1.wav,95609034,2018-12-13T13:31:45,44100,2,PCM_16,542.0,1411,
CD第2册\33\刘少椿-梅花三弄2.wav,刘少椿-梅花三弄2.wav,84479370,2018-12-13T13:32:26,44100,2,PCM_16,478.91,1411,
CD第2册\33\刘少椿-梧叶舞秋风.wav,刘少椿-梧叶舞秋风.wav,38453084,2018-12-13T13:35:16,44100,2,PCM_16,217.99,1411,
CD第2册\33\刘少椿-樵歌.wav,刘少椿-樵歌.wav,99162906,2018-12-13T13:34:39,44100,2,PCM_16,562.15,1411,
CD第2册\33\刘少椿-良宵引.wav,刘少椿-良宵引.wav,28137210,2018-12-13T13:30:17,44100,2,PCM_16,159.51,1411,
CD第2册\33\刘少椿-酒狂.wav,刘少椿-酒狂.wav,27356346,2018-12-13T13:29:58,44100,2,PCM_16,155.08,1411,
CD第2册\33\刘少椿-龙翔操.wav,刘少椿-龙翔操.wav,60942906,2018-12-13T13:30:54,44100,2,PCM_16,345.48,1411,
CD第2册\34\周吉荪-平沙落雁.wav,周吉荪-平沙落雁.wav,85892948,2018-12-13T13:37:12,44100,2,PCM_16,486.92,1411,
CD第2册\34\周吉荪-潇湘水云.wav,周吉荪-潇湘水云.wav,118806836,2018-12-13T13:38:16,44100,2,PCM_16,673.51,1411,
CD第2册\34\周吉荪-良宵引.wav,周吉荪-良宵引.wav,25225460,2018-12-13T13:36:17,44100,2,PCM_16,143.0,1411,
CD第2册\34\王生香-中秋月.wav,王生香-中秋月.wav,36846694,2018-12-13T13:42:07,44100,2,PCM_16,208.88,1411,
CD第2册\34\王生香-古交行.wav,王生香-古交行.wav,93917974,2018-12-13T13:41:11,44100,2,PCM_16,532.41,1411,
CD第2册\34\王生香-平沙落雁.wav,王生香-平沙落雁.wav,54507862,2018-12-13T13:41:49,44100,2,PCM_16,309.0,1411,
CD第2册\34\王生香-酒狂.wav,王生香-酒狂.wav,23461462,2018-12-13T13:41:22,44100,2,PCM_16,133.0,1411,
CD第2册\34\王生香-长门怨.wav,王生香-长门怨.wav,43404070,2018-12-13T13:40:25,44100,2,PCM_16,246.05,1411,
CD第2册\34\程午嘉-关山月.wav,程午嘉-关山月.wav,34007828,2018-12-13T13:39:12,44100,2,PCM_16,192.79,1411,
CD第2册\34\程午嘉-平沙落雁.wav,程午嘉-平沙落雁.wav,50725844,2018-12-13T13:39:37,44100,2,PCM_16,287.56,1411,
CD第2册\34\程午嘉-玉楼春晓.wav,程午嘉-玉楼春晓.wav,21224708,2018-12-13T13:40:03,44100,2,PCM_16,120.32,1411,
CD第2册\34\程午嘉-秋江夜泊.wav,程午嘉-秋江夜泊.wav,31653476,2018-12-13T13:39:53,44100,2,PCM_16,179.44,1411,
CD第2册\34\程午嘉-长门怨.wav,程午嘉-长门怨.wav,45059876,2018-12-13T13:38:38,44100,2,PCM_16,255.44,1411,
CD第2册\34\程午嘉-风雷引.wav,程午嘉-风雷引.wav,35952932,2018-12-13T13:38:56,44100,2,PCM_16,203.81,1411,
CD第2册\35\刘景韶-关山月.wav,刘景韶-关山月.wav,20883656,2018-12-13T13:45:19,44100,2,PCM_16,118.39,1411,
CD第2册\35\刘景韶-平沙落雁1.wav,刘景韶-平沙落雁1.wav,60874712,2018-12-13T13:46:06,44100,2,PCM_16,345.09,1411,
CD第2册\35\刘景韶-平沙落雁2.wav,刘景韶-平沙落雁2.wav,56993912,2018-12-13T13:46:34,44100,2,PCM_16,323.09,1411,
CD第2册\35\刘景韶-归去来辞.wav,刘景韶-归去来辞.wav,33861992,2018-12-13T13:45:36,44100,2,PCM_16,191.96,1411,
CD第2册\35\刘景韶-捣衣.wav,刘景韶-捣衣.wav,65708072,2018-12-13T13:45:08,44100,2,PCM_16,372.49,1411,
CD第2册\35\刘景韶-搔首问天1.wav,刘景韶-搔首问天1.wav,66926410,2018-12-13T13:47:54,44100,2,PCM_16,379.4,1411,
CD第2册\35\刘景韶-搔首问天2.wav,刘景韶-搔首问天2.wav,59155402,2018-12-13T13:48:22,44100,2,PCM_16,335.35,1411,
CD第2册\35\刘景韶-樵歌.wav,刘景韶-樵歌.wav,86894888,2018-12-13T13:47:16,44100,2,PCM_16,492.6,1411,
CD第2册\35\刘景韶-玉楼春晓.wav,刘景韶-玉楼春晓.wav,12562282,2018-12-13T13:48:28,44100,2,PCM_16,71.21,1411,
CD第2册\35\刘景韶-秋风词.wav,刘景韶-秋风词.wav,10798280,2018-12-13T13:47:21,44100,2,PCM_16,61.21,1411,
CD第2册\35\刘景韶-长门怨1.wav,刘景韶-长门怨1.wav,49531016,2018-12-13T13:44:01,44100,2,PCM_16,280.79,1411,
CD第2册\35\刘景韶-长门怨2.wav,刘景韶-长门怨2.wav,48761912,2018-12-13T13:44:31,44100,2,PCM_16,276.43,1411,
CD第2册\36\喻绍泽-关山月-琴歌.wav,喻绍泽-关山月-琴歌.wav,9678722,2018-12-13T13:52:28,44100,2,PCM_16,54.87,1411,
CD第2册\36\喻绍泽-关山月.wav,喻绍泽-关山月.wav,27311666,2018-12-13T13:52:23,44100,2,PCM_16,154.83,1411,
CD第2册\36\喻绍泽-春山听杜鹃1.wav,喻绍泽-春山听杜鹃1.wav,63857042,2018-12-13T13:50:27,44100,2,PCM_16,362.0,1411,
CD第2册\36\喻绍泽-春山听杜鹃2.wav,喻绍泽-春山听杜鹃2.wav,65261186,2018-12-13T13:51:06,44100,2,PCM_16,369.96,1411,
CD第2册\36\喻绍泽-欢乐的除夕.wav,喻绍泽-欢乐的除夕.wav,57342002,2018-12-13T13:54:00,44100,2,PCM_16,325.07,1411,
CD第2册\36\喻绍泽-流水1.wav,喻绍泽-流水1.wav,90354676,2018-12-13T13:54:54,44100,2,PCM_16,512.21,1411,
CD第2册\36\喻绍泽-流水2.wav,喻绍泽-流水2.wav,79046260,2018-12-13T13:55:32,44100,2,PCM_16,448.11,1411,
CD第2册\36\喻绍泽-胡笳十八拍.wav,喻绍泽-胡笳十八拍.wav,133313954,2018-12-13T13:53:33,44100,2,PCM_16,755.75,1411,
CD第2册\36\喻绍泽-酒狂.wav,喻绍泽-酒狂.wav,20549666,2018-12-13T13:54:10,44100,2,PCM_16,116.49,1411,
CD第2册\36\喻绍泽-高山1.wav,喻绍泽-高山1.wav,64755506,2018-12-13T13:51:41,44100,2,PCM_16,367.09,1411,
CD第2册\36\喻绍泽-高山2.wav,喻绍泽-高山2.wav,58360418,2018-12-13T13:52:10,44100,2,PCM_16,330.84,1411,
CD第2册\37\喻绍泽-佩兰1.wav,喻绍泽-佩兰1.wav,85201418,2018-12-13T13:58:29,44100,2,PCM_16,483.0,1411,
CD第2册\37\喻绍泽-佩兰2.wav,喻绍泽-佩兰2.wav,89035178,2018-12-13T13:59:14,44100,2,PCM_16,504.73,1411,
CD第2册\37\喻绍泽-平沙落雁-合奏.wav,喻绍泽-平沙落雁-合奏.wav,47981018,2018-12-13T14:00:03,44100,2,PCM_16,272.0,1411,
CD第2册\37\喻绍泽-平沙落雁.wav,喻绍泽-平沙落雁.wav,52887290,2018-12-13T13:59:40,44100,2,PCM_16,299.81,1411,
CD第2册\37\喻绍泽-普庵咒.wav,喻绍泽-普庵咒.wav,74302250,2018-12-13T14:00:39,44100,2,PCM_16,421.21,1411,
CD第2册\37\喻绍泽-梅花三弄.wav,喻绍泽-梅花三弄.wav,67615514,2018-12-13T13:57:39,44100,2,PCM_16,383.31,1411,
CD第2册\37\喻绍泽-秋鸿.wav,喻绍泽-秋鸿.wav,175661690,2018-12-13T14:02:05,44100,2,PCM_16,995.81,1411,
CD第2册\38\喻绍泽-幽兰.wav,喻绍泽-幽兰.wav,91612994,2018-12-13T14:07:37,44100,2,PCM_16,519.35,1411,
CD第2册\38\喻绍泽-桃李园序.wav,喻绍泽-桃李园序.wav,21626882,2018-12-13T14:05:26,44100,2,PCM_16,122.6,1411,
CD第2册\38\喻绍泽-梧叶舞秋风-合奏.wav,喻绍泽-梧叶舞秋风-合奏.wav,37357058,2018-12-13T14:06:04,44100,2,PCM_16,211.77,1411,
CD第2册\38\喻绍泽-梧叶舞秋风.wav,喻绍泽-梧叶舞秋风.wav,38895266,2018-12-13T14:05:46,44100,2,PCM_16,220.49,1411,
CD第2册\38\喻绍泽-秋水1.wav,喻绍泽-秋水1.wav,76506098,2018-12-13T14:04:29,44100,2,PCM_16,433.71,1411,
CD第2册\38\喻绍泽-秋水2.wav,喻绍泽-秋水2.wav,79728338,2018-12-13T14:05:15,44100,2,PCM_16,451.97,1411,
CD第2册\38\喻绍泽-跃进歌声1.wav,喻绍泽-跃进歌声1.wav,51003362,2018-12-13T14:08:02,44100,2,PCM_16,289.13,1411,
CD第2册\38\喻绍泽-跃进歌声2.wav,喻绍泽-跃进歌声2.wav,48051602,2018-12-13T14:08:25,44100,2,PCM_16,272.4,1411,
CD第2册\38\喻绍泽-醉渔晚唱1.wav,喻绍泽-醉渔晚唱1.wav,46205284,2018-12-13T14:08:48,44100,2,PCM_16,261.93,1411,
CD第2册\38\喻绍泽-醉渔晚唱2.wav,喻绍泽-醉渔晚唱2.wav,47456548,2018-12-13T14:09:11,44100,2,PCM_16,269.03,1411,
CD第2册\38\喻绍泽-阳春.wav,喻绍泽-阳春.wav,100470626,2018-12-13T14:06:53,44100,2,PCM_16,569.56,1411,
CD第3册\39\吴宗汉-关山月.wav,吴宗汉-关山月.wav,27619784,2018-12-13T14:28:01,44100,2,PCM_16,156.57,1411,
CD第3册\39\吴宗汉-平沙落雁.wav,吴宗汉-平沙落雁.wav,67032248,2018-12-13T14:29:23,44100,2,PCM_16,380.0,1411,
CD第3册\39\吴宗汉-挟仙游.wav,吴宗汉-挟仙游.wav,57386698,2018-12-13T14:30:33,44100,2,PCM_16,325.32,1411,
CD第3册\39\吴宗汉-捣衣-合奏.wav,吴宗汉-捣衣-合奏.wav,67914248,2018-12-13T14:27:32,44100,2,PCM_16,385.0,1411,
CD第3册\39\吴宗汉-梅花三弄.wav,吴宗汉-梅花三弄.wav,75619400,2018-12-13T14:28:50,44100,2,PCM_16,428.68,1411,
CD第3册\39\吴宗汉-梧叶舞秋风.wav,吴宗汉-梧叶舞秋风.wav,52941416,2018-12-13T14:30:05,44100,2,PCM_16,300.12,1411,
CD第3册\39\吴宗汉-玉楼春晓-合奏.wav,吴宗汉-玉楼春晓-合奏.wav,29348506,2018-12-13T14:31:03,44100,2,PCM_16,166.37,1411,
CD第3册\39\吴宗汉-玉楼春晓.wav,吴宗汉-玉楼春晓.wav,32900026,2018-12-13T14:30:49,44100,2,PCM_16,186.51,1411,
CD第3册\39\吴宗汉-秋夜长.wav,吴宗汉-秋夜长.wav,33744392,2018-12-13T14:29:39,44100,2,PCM_16,191.29,1411,
CD第3册\39\吴宗汉-良宵引.wav,吴宗汉-良宵引.wav,24051800,2018-12-13T14:28:13,44100,2,PCM_16,136.35,1411,
CD第3册\39\吴宗汉-长门怨.wav,吴宗汉-长门怨.wav,60051512,2018-12-13T14:26:51,44100,2,PCM_16,340.43,1411,
CD第3册\39\吴宗汉-风雷引.wav,吴宗汉-风雷引.wav,27144680,2018-12-13T14:27:47,44100,2,PCM_16,153.88,1411,
CD第3册\40\乐瑛-列子御风.wav,乐瑛-列子御风.wav,73062740,2018-12-13T14:37:36,44100,2,PCM_16,414.19,1411,
CD第3册\40\乐瑛-平沙落雁1.wav,乐瑛-平沙落雁1.wav,57534836,2018-12-13T14:38:05,44100,2,PCM_16,326.16,1411,
CD第3册\40\乐瑛-平沙落雁2.wav,乐瑛-平沙落雁2.wav,71343428,2018-12-13T14:38:39,44100,2,PCM_16,404.44,1411,
CD第3册\40\乐瑛-沧海龙吟1.wav,乐瑛-沧海龙吟1.wav,60514820,2018-12-13T14:36:22,44100,2,PCM_16,343.05,1411,
CD第3册\40\乐瑛-沧海龙吟2.wav,乐瑛-沧海龙吟2.wav,57932324,2018-12-13T14:36:57,44100,2,PCM_16,328.41,1411,
CD第3册\40\乐瑛-秋塞吟.wav,乐瑛-秋塞吟.wav,97307156,2018-12-13T14:39:27,44100,2,PCM_16,551.63,1411,
CD第3册\41\乐瑛-岳阳三醉-残.wav,乐瑛-岳阳三醉-残.wav,40922664,2018-12-13T14:44:13,44100,2,PCM_16,231.99,1411,
CD第3册\41\乐瑛-岳阳三醉.wav,乐瑛-岳阳三醉.wav,94345992,2018-12-13T14:43:53,44100,2,PCM_16,534.84,1411,
CD第3册\41\乐瑛-渔樵问答1.wav,乐瑛-渔樵问答1.wav,82155576,2018-12-13T14:42:22,44100,2,PCM_16,465.73,1411,
CD第3册\41\乐瑛-渔樵问答2.wav,乐瑛-渔樵问答2.wav,89143368,2018-12-13T14:43:07,44100,2,PCM_16,505.35,1411,
CD第3册\41\乐瑛-阳关三叠.wav,乐瑛-阳关三叠.wav,33151656,2018-12-13T14:41:37,44100,2,PCM_16,187.93,1411,
CD第3册\41\乐瑛-韦编三绝1.wav,乐瑛-韦编三绝1.wav,30468024,2018-12-13T14:40:56,44100,2,PCM_16,172.72,1411,
CD第3册\41\乐瑛-韦编三绝2.wav,乐瑛-韦编三绝2.wav,30557400,2018-12-13T14:41:16,44100,2,PCM_16,173.23,1411,
CD第3册\42\蔡德允-关山月.wav,蔡德允-关山月.wav,19305468,2018-12-13T14:46:12,44100,2,PCM_16,109.44,1411,
CD第3册\42\蔡德允-古琴吟.wav,蔡德允-古琴吟.wav,11280444,2018-12-13T14:46:00,44100,2,PCM_16,63.95,1411,
CD第3册\42\蔡德允-平沙落雁1.wav,蔡德允-平沙落雁1.wav,40751006,2018-12-13T14:49:16,44100,2,PCM_16,231.01,1411,
CD第3册\42\蔡德允-平沙落雁2.wav,蔡德允-平沙落雁2.wav,61608542,2018-12-13T14:49:46,44100,2,PCM_16,349.25,1411,
CD第3册\42\蔡德允-慨古吟.wav,蔡德允-慨古吟.wav,23423820,2018-12-13T14:47:39,44100,2,PCM_16,132.79,1411,
CD第3册\42\蔡德允-普庵咒.wav,蔡德允-普庵咒.wav,88188494,2018-12-13T14:50:28,44100,2,PCM_16,499.93,1411,
CD第3册\42\蔡德允-梅花三弄.wav,蔡德允-梅花三弄.wav,86074044,2018-12-13T14:48:56,44100,2,PCM_16,487.95,1411,
CD第3册\42\蔡德允-水仙操.wav,蔡德允-水仙操.wav,66223166,2018-12-13T14:51:00,44100,2,PCM_16,375.41,1411,
CD第3册\42\蔡德允-精忠词.wav,蔡德允-精忠词.wav,11837868,2018-12-13T14:47:27,44100,2,PCM_16,67.11,1411,
CD第3册\42\蔡德允-胡笳十八拍.wav,蔡德允-胡笳十八拍.wav,124538652,2018-12-13T14:47:22,44100,2,PCM_16,706.0,1411,
CD第3册\42\蔡德允-良宵引.wav,蔡德允-良宵引.wav,26815404,2018-12-13T14:47:52,44100,2,PCM_16,152.01,1411,
CD第3册\42\蔡德允-长门怨.wav,蔡德允-长门怨.wav,42049308,2018-12-13T14:45:52,44100,2,PCM_16,238.37,1411,
CD第3册\42\蔡德允-龙翔操.wav,蔡德允-龙翔操.wav,45422076,2018-12-13T14:48:14,44100,2,PCM_16,257.49,1411,
CD第3册\43\蔡德允-忆故人.wav,蔡德允-忆故人.wav,58955474,2018-12-13T14:56:18,44100,2,PCM_16,334.21,1411,
CD第3册\43\蔡德允-梧叶舞秋风.wav,蔡德允-梧叶舞秋风.wav,39163394,2018-12-13T14:52:39,44100,2,PCM_16,222.01,1411,
CD第3册\43\蔡德允-渔樵问答.wav,蔡德允-渔樵问答.wav,88440146,2018-12-13T14:57:01,44100,2,PCM_16,501.36,1411,
CD第3册\43\蔡德允-湘江怨.wav,蔡德允-湘江怨.wav,27575090,2018-12-13T14:52:57,44100,2,PCM_16,156.32,1411,
CD第3册\43\蔡德允-潇湘水云1.wav,蔡德允-潇湘水云1.wav,106898642,2018-12-13T14:53:59,44100,2,PCM_16,606.0,1411,
CD第3册\43\蔡德允-潇湘水云2.wav,蔡德允-潇湘水云2.wav,106668146,2018-12-13T14:54:51,44100,2,PCM_16,604.69,1411,
CD第3册\43\蔡德允-玉楼春晓.wav,蔡德允-玉楼春晓.wav,21034178,2018-12-13T14:57:11,44100,2,PCM_16,119.24,1411,
CD第3册\43\蔡德允-醉渔唱晚1.wav,蔡德允-醉渔唱晚1.wav,35190868,2018-12-13T14:57:28,44100,2,PCM_16,199.49,1411,
CD第3册\43\蔡德允-醉渔唱晚2.wav,蔡德允-醉渔唱晚2.wav,34146580,2018-12-13T14:57:45,44100,2,PCM_16,193.57,1411,
CD第3册\43\蔡德允-阳关三叠.wav,蔡德允-阳关三叠.wav,36952514,2018-12-13T14:55:50,44100,2,PCM_16,209.48,1411,
CD第3册\43\蔡德允-阳春.wav,蔡德允-阳春.wav,82748306,2018-12-13T14:55:32,44100,2,PCM_16,469.09,1411,
CD第3册\44\庄剑丞-潇湘水云-残.wav,庄剑丞-潇湘水云-残.wav,122097236,2018-12-13T15:03:21,44100,2,PCM_16,692.16,1411,
CD第3册\44\胥桐华-平沙落雁.wav,胥桐华-平沙落雁.wav,111995396,2018-12-13T15:00:04,44100,2,PCM_16,634.89,1411,
CD第3册\44\胥桐华-渔樵问答.wav,胥桐华-渔樵问答.wav,97130756,2018-12-13T15:01:54,44100,2,PCM_16,550.63,1411,
CD第3册\44\胥桐华-盘州.wav,胥桐华-盘州.wav,122953364,2018-12-13T15:01:06,44100,2,PCM_16,697.01,1411,
CD第3册\44\胥桐华-耕莘钓渭.wav,胥桐华-耕莘钓渭.wav,35202596,2018-12-13T14:58:56,44100,2,PCM_16,199.56,1411,
CD第3册\44\胥桐华-醉渔唱晚-残.wav,胥桐华-醉渔唱晚-残.wav,58325108,2018-12-13T15:02:22,44100,2,PCM_16,330.64,1411,
CD第3册\45\吴景略-忆故人.wav,吴景略-忆故人.wav,75351242,2018-12-13T15:08:08,44100,2,PCM_16,427.16,1411,
CD第3册\45\吴景略-普庵咒.wav,吴景略-普庵咒.wav,75101930,2018-12-13T15:06:08,44100,2,PCM_16,425.75,1411,
CD第3册\45\吴景略-梧叶舞秋风.wav,吴景略-梧叶舞秋风.wav,36423290,2018-12-13T15:06:26,44100,2,PCM_16,206.48,1411,
CD第3册\45\吴景略-渔樵问答.wav,吴景略-渔樵问答.wav,82059146,2018-12-13T15:08:48,44100,2,PCM_16,465.19,1411,
CD第3册\45\吴景略-潇湘水云.wav,吴景略-潇湘水云.wav,85166138,2018-12-13T15:07:08,44100,2,PCM_16,482.8,1411,
CD第3册\45\吴景略-离骚.wav,吴景略-离骚.wav,123833018,2018-12-13T15:05:28,44100,2,PCM_16,702.0,1411,
CD第3册\45\吴景略-阳关三叠.wav,吴景略-阳关三叠.wav,49117034,2018-12-13T15:07:32,44100,2,PCM_16,278.44,1411,
CD第3册\46\吴振平-屈原问渡.wav,吴振平-屈原问渡.wav,64078098,2018-12-13T15:18:38,44100,2,PCM_16,363.25,1411,
CD第3册\46\吴振平-幽兰.wav,吴振平-幽兰.wav,98440818,2018-12-13T15:20:04,44100,2,PCM_16,558.05,1411,
CD第3册\46\吴振平-梅花三弄-残.wav,吴振平-梅花三弄-残.wav,21652722,2018-12-13T15:18:01,44100,2,PCM_16,122.75,1411,
CD第3册\46\吴振平-电影李时珍.wav,吴振平-电影李时珍.wav,20570802,2018-12-13T15:17:47,44100,2,PCM_16,116.61,1411,
CD第3册\46\吴振平-精忠词-琴歌.wav,吴振平-精忠词-琴歌.wav,33981906,2018-12-13T15:17:33,44100,2,PCM_16,192.64,1411,
CD第3册\46\吴振平-苏门长啸.wav,吴振平-苏门长啸.wav,71282274,2018-12-13T15:19:16,44100,2,PCM_16,404.09,1411,
CD第3册\47\朱龙庵-平沙落雁.wav,朱龙庵-平沙落雁.wav,67385036,2018-12-13T15:23:30,44100,2,PCM_16,382.0,1411,
CD第3册\47\朱龙庵-忆故人.wav,朱龙庵-忆故人.wav,90940316,2018-12-13T15:26:16,44100,2,PCM_16,515.53,1411,
CD第3册\47\朱龙庵-普庵咒-合奏残.wav,朱龙庵-普庵咒-合奏残.wav,70207436,2018-12-13T15:24:47,44100,2,PCM_16,398.0,1411,
CD第3册\47\朱龙庵-普庵咒.wav,朱龙庵-普庵咒.wav,88042652,2018-12-13T15:24:13,44100,2,PCM_16,499.11,1411,
CD第3册\47\朱龙庵-梧叶舞秋风.wav,朱龙庵-梧叶舞秋风.wav,54089180,2018-12-13T15:25:32,44100,2,PCM_16,306.63,1411,
CD第3册\47\朱龙庵-渔樵问答.wav,朱龙庵-渔樵问答.wav,99800302,2018-12-13T15:27:04,44100,2,PCM_16,565.76,1411,
CD第3册\47\朱龙庵-秋江夜泊.wav,朱龙庵-秋江夜泊.wav,37808636,2018-12-13T15:25:06,44100,2,PCM_16,214.33,1411,
CD第3册\47\朱龙庵-长门怨.wav,朱龙庵-长门怨.wav,57984092,2018-12-13T15:21:52,44100,2,PCM_16,328.71,1411,
CD第3册\47\朱龙庵-鸥鹭忘机1.wav,朱龙庵-鸥鹭忘机1.wav,51986492,2018-12-13T15:22:24,44100,2,PCM_16,294.71,1411,
CD第3册\47\朱龙庵-鸥鹭忘机2.wav,朱龙庵-鸥鹭忘机2.wav,57603068,2018-12-13T15:22:56,44100,2,PCM_16,326.55,1411,
CD第3册\48\陈心园-凤求凰.wav,陈心园-凤求凰.wav,17524972,2018-12-13T15:28:57,44100,2,PCM_16,99.35,1411,
CD第3册\48\陈心园-平沙落雁.wav,陈心园-平沙落雁.wav,51471388,2018-12-13T15:29:27,44100,2,PCM_16,291.79,1411,
CD第3册\48\陈心园-搔首问天.wav,陈心园-搔首问天.wav,51661900,2018-12-13T15:30:14,44100,2,PCM_16,292.87,1411,
CD第3册\48\陈心园-玉楼春晓.wav,陈心园-玉楼春晓.wav,18743308,2018-12-13T15:30:23,44100,2,PCM_16,106.25,1411,
CD第3册\48\陈心园-秋江夜泊.wav,陈心园-秋江夜泊.wav,25138396,2018-12-13T15:29:48,44100,2,PCM_16,142.51,1411,
CD第3册\48\陈心园-秋风词.wav,陈心园-秋风词.wav,13615948,2018-12-13T15:29:35,44100,2,PCM_16,77.19,1411,
CD第3册\48\陈心园-长门怨.wav,陈心园-长门怨.wav,41449516,2018-12-13T15:28:31,44100,2,PCM_16,234.97,1411,
CD第3册\48\陈心园-风雷引.wav,陈心园-风雷引.wav,23673100,2018-12-13T15:28:46,44100,2,PCM_16,134.2,1411,
CD第3册\49\卫仲乐-关山月-合奏.wav,卫仲乐-关山月-合奏.wav,21455210,2018-12-13T15:31:52,44100,2,PCM_16,121.63,1411,
CD第3册\49\卫仲乐-平沙落雁.wav,卫仲乐-平沙落雁.wav,40941530,2018-12-13T15:34:58,44100,2,PCM_16,232.09,1411,
CD第3册\49\卫仲乐-普庵咒-合奏.wav,卫仲乐-普庵咒-合奏.wav,60491354,2018-12-13T15:35:58,44100,2,PCM_16,342.92,1411,
CD第3册\49\卫仲乐-普庵咒.wav,卫仲乐-普庵咒.wav,62622266,2018-12-13T15:35:28,44100,2,PCM_16,355.0,1411,
CD第3册\49\卫仲乐-梅花三弄1.wav,卫仲乐-梅花三弄1.wav,74351690,2018-12-13T15:33:59,44100,2,PCM_16,421.49,1411,
CD第3册\49\卫仲乐-梅花三弄2.wav,卫仲乐-梅花三弄2.wav,78260714,2018-12-13T15:34:38,44100,2,PCM_16,443.65,1411,
CD第3册\49\卫仲乐-流水-残.wav,卫仲乐-流水-残.wav,60329066,2018-12-13T15:33:23,44100,2,PCM_16,342.0,1411,
CD第3册\49\卫仲乐-流水.wav,卫仲乐-流水.wav,106193066,2018-12-13T15:32:52,44100,2,PCM_16,602.0,1411,
CD第3册\49\卫仲乐-醉渔唱晚1.wav,卫仲乐-醉渔唱晚1.wav,31613500,2018-12-13T15:36:50,44100,2,PCM_16,179.21,1411,
CD第3册\49\卫仲乐-醉渔唱晚2.wav,卫仲乐-醉渔唱晚2.wav,34896892,2018-12-13T15:37:07,44100,2,PCM_16,197.83,1411,
CD第3册\49\卫仲乐-醉渔唱晚3.wav,卫仲乐-醉渔唱晚3.wav,36425692,2018-12-13T15:37:24,44100,2,PCM_16,206.49,1411,
CD第3册\49\卫仲乐-醉渔唱晚4.wav,卫仲乐-醉渔唱晚4.wav,37707532,2018-12-13T15:37:43,44100,2,PCM_16,213.76,1411,
CD第3册\49\卫仲乐-长门怨.wav,卫仲乐-长门怨.wav,49142954,2018-12-13T15:31:39,44100,2,PCM_16,278.59,1411,
CD第3册\49\卫仲乐-阳关三叠1.wav,卫仲乐-阳关三叠1.wav,34501756,2018-12-13T15:36:15,44100,2,PCM_16,195.59,1411,
CD第3册\49\卫仲乐-阳关三叠2.wav,卫仲乐-阳关三叠2.wav,39445660,2018-12-13T15:36:34,44100,2,PCM_16,223.61,1411,
CD第3册\50\吴兆基-梅花三弄1.wav,吴兆基-梅花三弄1.wav,47835206,2018-12-13T15:43:08,44100,2,PCM_16,271.17,1411,
CD第3册\50\吴兆基-梅花三弄2.wav,吴兆基-梅花三弄2.wav,45106886,2018-12-13T15:43:30,44100,2,PCM_16,255.71,1411,
CD第3册\50\吴兆基-白雪.wav,吴兆基-白雪.wav,81849830,2018-12-13T15:39:29,44100,2,PCM_16,464.0,1411,
CD第3册\50\吴兆基-胡笳十八拍1.wav,吴兆基-胡笳十八拍1.wav,124978454,2018-12-13T15:40:38,44100,2,PCM_16,708.49,1411,
CD第3册\50\吴兆基-胡笳十八拍2.wav,吴兆基-胡笳十八拍2.wav,205621478,2018-12-13T15:42:18,44100,2,PCM_16,1165.65,1411,
CD第3册\50\吴兆基-良宵引1.wav,吴兆基-良宵引1.wav,27208166,2018-12-13T15:42:31,44100,2,PCM_16,154.24,1411,
CD第3册\50\吴兆基-良宵引2.wav,吴兆基-良宵引2.wav,27137606,2018-12-13T15:42:45,44100,2,PCM_16,153.84,1411,
CD第3册\50\吴兆基-鸥鹭忘机1.wav,吴兆基-鸥鹭忘机1.wav,56309462,2018-12-13T15:43:57,44100,2,PCM_16,319.21,1411,
CD第3册\50\吴兆基-鸥鹭忘机2.wav,吴兆基-鸥鹭忘机2.wav,58689686,2018-12-13T15:44:25,44100,2,PCM_16,332.71,1411,
CD第3册\51\吴兆基-平沙落雁1.wav,吴兆基-平沙落雁1.wav,49166438,2018-12-13T15:45:44,44100,2,PCM_16,278.72,1411,
CD第3册\51\吴兆基-平沙落雁2.wav,吴兆基-平沙落雁2.wav,53792822,2018-12-13T15:46:18,44100,2,PCM_16,304.95,1411,
CD第3册\51\吴兆基-普庵咒1.wav,吴兆基-普庵咒1.wav,63697094,2018-12-13T15:46:53,44100,2,PCM_16,361.09,1411,
CD第3册\51\吴兆基-普庵咒2.wav,吴兆基-普庵咒2.wav,79516646,2018-12-13T15:47:33,44100,2,PCM_16,450.77,1411,
CD第3册\51\吴兆基-石上流泉1.wav,吴兆基-石上流泉1.wav,43571030,2018-12-13T15:50:17,44100,2,PCM_16,247.0,1411,
CD第3册\51\吴兆基-石上流泉2.wav,吴兆基-石上流泉2.wav,39687878,2018-12-13T15:50:36,44100,2,PCM_16,224.99,1411,
CD第3册\51\吴兆基-秋塞吟1.wav,吴兆基-秋塞吟1.wav,102046454,2018-12-13T15:48:23,44100,2,PCM_16,578.49,1411,
CD第3册\51\吴兆基-秋塞吟2.wav,吴兆基-秋塞吟2.wav,98643110,2018-12-13T15:49:11,44100,2,PCM_16,559.2,1411,
CD第3册\51\吴兆基-秋塞吟3.wav,吴兆基-秋塞吟3.wav,93640406,2018-12-13T15:49:56,44100,2,PCM_16,530.84,1411,
CD第3册\52\吴兆基-忆故人1.wav,吴兆基-忆故人1.wav,83084618,2018-12-13T15:55:57,44100,2,PCM_16,471.0,1411,
CD第3册\52\吴兆基-忆故人2.wav,吴兆基-忆故人2.wav,75720506,2018-12-13T15:56:33,44100,2,PCM_16,429.25,1411,
CD第3册\52\吴兆基-潇湘水云1.wav,吴兆基-潇湘水云1.wav,105080522,2018-12-13T15:52:37,44100,2,PCM_16,595.69,1411,
CD第3册\52\吴兆基-潇湘水云2.wav,吴兆基-潇湘水云2.wav,110603018,2018-12-13T15:53:36,44100,2,PCM_16,627.0,1411,
CD第3册\52\吴兆基-阳关三叠1.wav,吴兆基-阳关三叠1.wav,45793658,2018-12-13T15:54:51,44100,2,PCM_16,259.6,1411,
CD第3册\52\吴兆基-阳关三叠2.wav,吴兆基-阳关三叠2.wav,53204810,2018-12-13T15:55:16,44100,2,PCM_16,301.61,1411,
CD第3册\52\吴兆基-阳春.wav,吴兆基-阳春.wav,105946058,2018-12-13T15:54:28,44100,2,PCM_16,600.6,1411,
CD第3册\53\吴兆基-渔樵问答.wav,吴兆基-渔樵问答.wav,80215160,2018-12-13T16:02:09,44100,2,PCM_16,454.73,1411,
CD第3册\53\吴兆基-渔歌1.wav,吴兆基-渔歌1.wav,151704200,2018-12-13T15:59:16,44100,2,PCM_16,860.0,1411,
CD第3册\53\吴兆基-渔歌2.wav,吴兆基-渔歌2.wav,134417000,2018-12-13T16:00:23,44100,2,PCM_16,762.0,1411,
CD第3册\53\吴兆基-渔歌3.wav,吴兆基-渔歌3.wav,138427160,2018-12-13T16:01:30,44100,2,PCM_16,784.73,1411,
CD第3册\54\侯作吾-高山流水.wav,侯作吾-高山流水.wav,84512264,2018-12-13T16:04:43,44100,2,PCM_16,479.09,1411,
CD第3册\54\梁在平-梅花三弄-残.wav,梁在平-梅花三弄-残.wav,71672696,2018-12-13T16:06:08,44100,2,PCM_16,406.31,1411,
CD第3册\54\胡斗东-平沙落雁-残.wav,胡斗东-平沙落雁-残.wav,49657976,2018-12-13T16:05:12,44100,2,PCM_16,281.51,1411,
CD第3册\54\胡斗东-梅花三弄平沙落雁-唱弦.wav,胡斗东-梅花三弄平沙落雁-唱弦.wav,37397000,2018-12-13T16:05:33,44100,2,PCM_16,212.0,1411,
CD第3册\55\胡兰-普庵咒.wav,胡兰-普庵咒.wav,117790740,2018-12-13T16:11:05,44100,2,PCM_16,667.75,1411,
CD第3册\55\许光毅-关山月.wav,许光毅-关山月.wav,14944836,2018-12-13T16:07:22,44100,2,PCM_16,84.72,1411,
CD第3册\55\许光毅-凤求凰.wav,许光毅-凤求凰.wav,13583028,2018-12-13T16:07:01,44100,2,PCM_16,77.0,1411,
CD第3册\55\许光毅-古琴吟.wav,许光毅-古琴吟.wav,15013044,2018-12-13T16:07:12,44100,2,PCM_16,85.11,1411,
CD第3册\55\许光毅-平沙落雁.wav,许光毅-平沙落雁.wav,60253764,2018-12-13T16:09:21,44100,2,PCM_16,341.57,1411,
CD第3册\55\许光毅-梅花三弄1.wav,许光毅-梅花三弄1.wav,73519044,2018-12-13T16:08:08,44100,2,PCM_16,416.77,1411,
CD第3册\55\许光毅-梅花三弄2.wav,许光毅-梅花三弄2.wav,81417060,2018-12-13T16:08:51,44100,2,PCM_16,461.55,1411,
CD第3册\55\许光毅-醉渔唱晚.wav,许光毅-醉渔唱晚.wav,47240148,2018-12-13T16:10:07,44100,2,PCM_16,267.8,1411,
CD第3册\55\许光毅-阳关三叠.wav,许光毅-阳关三叠.wav,48072756,2018-12-13T16:09:44,44100,2,PCM_16,272.52,1411,
CD第3册\56\杨清如-古寺钟声.wav,杨清如-古寺钟声.wav,66912312,2018-12-13T16:14:12,44100,2,PCM_16,379.32,1411,
CD第3册\56\杨清如-平沙落雁-琴歌.wav,杨清如-平沙落雁-琴歌.wav,48164522,2018-12-13T16:15:17,44100,2,PCM_16,273.04,1411,
CD第3册\56\杨清如-平沙落雁.wav,杨清如-平沙落雁.wav,41842344,2018-12-13T16:14:53,44100,2,PCM_16,237.2,1411,
CD第3册\56\杨清如-慨古吟-琴歌.wav,杨清如-慨古吟-琴歌.wav,23285064,2018-12-13T16:14:33,44100,2,PCM_16,132.0,1411,
CD第3册\56\杨清如-慨古吟.wav,杨清如-慨古吟.wav,18522264,2018-12-13T16:14:21,44100,2,PCM_16,105.0,1411,
CD第3册\56\杨清如-访子期-琴歌.wav,杨清如-访子期-琴歌.wav,21979704,2018-12-13T16:13:38,44100,2,PCM_16,124.6,1411,
CD第3册\56\杨清如-醉渔唱晚.wav,杨清如-醉渔唱晚.wav,35663642,2018-12-13T16:16:36,44100,2,PCM_16,202.17,1411,
CD第3册\56\杨清如-阳关三叠-琴歌.wav,杨清如-阳关三叠-琴歌.wav,35849450,2018-12-13T16:16:19,44100,2,PCM_16,203.23,1411,
CD第3册\56\杨清如-阳关三叠1.wav,杨清如-阳关三叠1.wav,32116826,2018-12-13T16:15:32,44100,2,PCM_16,182.07,1411,
CD第3册\56\杨清如-阳关三叠2.wav,杨清如-阳关三叠2.wav,34090154,2018-12-13T16:15:49,44100,2,PCM_16,193.25,1411,
CD第3册\56\杨清如-阳关三叠3.wav,杨清如-阳关三叠3.wav,26220362,2018-12-13T16:16:01,44100,2,PCM_16,148.64,1411,
CD第3册\56\王凤襄-秋江夜泊.wav,王凤襄-秋江夜泊.wav,31216008,2018-12-13T16:13:26,44100,2,PCM_16,176.96,1411,
CD第3册\56\王凤襄-秋风词.wav,王凤襄-秋风词.wav,16744152,2018-12-13T16:13:08,44100,2,PCM_16,94.92,1411,
CD第3册\56\王凤襄-良宵引.wav,王凤襄-良宵引.wav,26457912,2018-12-13T16:12:58,44100,2,PCM_16,149.99,1411,
CD第3册\56\莫尚德-忆故人.wav,莫尚德-忆故人.wav,60037416,2018-12-13T16:12:42,44100,2,PCM_16,340.35,1411,
CD第4册\57\李璠-平沙落雁1.wav,李璠-平沙落雁1.wav,54507830,2018-12-13T16:21:52,44100,2,PCM_16,309.0,1411,
CD第4册\57\李璠-平沙落雁2.wav,李璠-平沙落雁2.wav,73911830,2018-12-13T16:22:29,44100,2,PCM_16,419.0,1411,
CD第4册\57\李璠-潇湘水云.wav,李璠-潇湘水云.wav,135040310,2018-12-13T16:23:35,44100,2,PCM_16,765.53,1411,
CD第4册\57\李璠-长门怨.wav,李璠-长门怨.wav,64075766,2018-12-13T16:19:22,44100,2,PCM_16,363.24,1411,
CD第4册\57\李璠-高山1.wav,李璠-高山1.wav,72140774,2018-12-13T16:20:05,44100,2,PCM_16,408.96,1411,
CD第4册\57\李璠-高山2.wav,李璠-高山2.wav,90288806,2018-12-13T16:20:52,44100,2,PCM_16,511.84,1411,
CD第4册\57\李璠-鸥鹭忘机.wav,李璠-鸥鹭忘机.wav,66646502,2018-12-13T16:21:25,44100,2,PCM_16,377.81,1411,
CD第4册\58\张育瑾-关山月.wav,张育瑾-关山月.wav,14403876,2018-12-13T16:25:54,44100,2,PCM_16,81.65,1411,
CD第4册\58\张育瑾-搔首问天.wav,张育瑾-搔首问天.wav,79768308,2018-12-13T16:26:44,44100,2,PCM_16,452.2,1411,
CD第4册\58\张育瑾-良宵引.wav,张育瑾-良宵引.wav,21563364,2018-12-13T16:26:05,44100,2,PCM_16,122.24,1411,
CD第4册\58\张育瑾-长门怨1.wav,张育瑾-长门怨1.wav,43850916,2018-12-13T16:24:47,44100,2,PCM_16,248.59,1411,
CD第4册\58\张育瑾-长门怨2.wav,张育瑾-长门怨2.wav,47727012,2018-12-13T16:25:17,44100,2,PCM_16,270.56,1411,
CD第4册\58\张育瑾-长门怨3.wav,张育瑾-长门怨3.wav,49907316,2018-12-13T16:25:46,44100,2,PCM_16,282.92,1411,
CD第4册\58\张育瑾-阳关三叠-合奏.wav,张育瑾-阳关三叠-合奏.wav,34405284,2018-12-13T16:27:01,44100,2,PCM_16,195.04,1411,
CD第4册\59\孙毓芹-乌夜啼.wav,孙毓芹-乌夜啼.wav,94338954,2018-12-13T16:31:46,44100,2,PCM_16,534.8,1411,
CD第4册\59\孙毓芹-凤求凰.wav,孙毓芹-凤求凰.wav,13787658,2018-12-13T16:29:46,44100,2,PCM_16,78.16,1411,
CD第4册\59\孙毓芹-太古引.wav,孙毓芹-太古引.wav,22619418,2018-12-13T16:31:00,44100,2,PCM_16,128.23,1411,
CD第4册\59\孙毓芹-归去来辞.wav,孙毓芹-归去来辞.wav,36268074,2018-12-13T16:30:08,44100,2,PCM_16,205.6,1411,
CD第4册\59\孙毓芹-梅花三弄.wav,孙毓芹-梅花三弄.wav,81990954,2018-12-13T16:30:49,44100,2,PCM_16,464.8,1411,
CD第4册\59\孙毓芹-梧叶舞秋风1.wav,孙毓芹-梧叶舞秋风1.wav,38899962,2018-12-13T16:32:05,44100,2,PCM_16,220.52,1411,
CD第4册\59\孙毓芹-梧叶舞秋风2.wav,孙毓芹-梧叶舞秋风2.wav,40205322,2018-12-13T16:32:24,44100,2,PCM_16,227.92,1411,
CD第4册\59\孙毓芹-欸乃-残.wav,孙毓芹-欸乃-残.wav,59837466,2018-12-13T16:29:38,44100,2,PCM_16,339.21,1411,
CD第4册\59\孙毓芹-湘江怨.wav,孙毓芹-湘江怨.wav,32620124,2018-12-13T16:32:40,44100,2,PCM_16,184.92,1411,
CD第4册\60\孙毓芹-忆故人1.wav,孙毓芹-忆故人1.wav,71498690,2018-12-13T16:36:41,44100,2,PCM_16,405.32,1411,
CD第4册\60\孙毓芹-忆故人2.wav,孙毓芹-忆故人2.wav,73690754,2018-12-13T16:37:18,44100,2,PCM_16,417.75,1411,
CD第4册\60\孙毓芹-渔樵问答1.wav,孙毓芹-渔樵问答1.wav,85144994,2018-12-13T16:37:59,44100,2,PCM_16,482.68,1411,
CD第4册\60\孙毓芹-渔樵问答2.wav,孙毓芹-渔樵问答2.wav,88433090,2018-12-13T16:38:43,44100,2,PCM_16,501.32,1411,
CD第4册\60\孙毓芹-潇湘水云1.wav,孙毓芹-潇湘水云1.wav,108458018,2018-12-13T16:34:43,44100,2,PCM_16,614.84,1411,
CD第4册\60\孙毓芹-潇湘水云2.wav,孙毓芹-潇湘水云2.wav,119434802,2018-12-13T16:35:47,44100,2,PCM_16,677.07,1411,
CD第4册\60\孙毓芹-玉楼春晓1.wav,孙毓芹-玉楼春晓1.wav,16452482,2018-12-13T16:38:51,44100,2,PCM_16,93.27,1411,
CD第4册\60\孙毓芹-玉楼春晓2.wav,孙毓芹-玉楼春晓2.wav,16960514,2018-12-13T16:38:59,44100,2,PCM_16,96.15,1411,
CD第4册\60\孙毓芹-醉渔唱晚.wav,孙毓芹-醉渔唱晚.wav,48919492,2018-12-13T16:39:45,44100,2,PCM_16,277.32,1411,
CD第4册\60\孙毓芹-醉渔晚唱.wav,孙毓芹-醉渔晚唱.wav,44554180,2018-12-13T16:39:21,44100,2,PCM_16,252.57,1411,
CD第4册\60\孙毓芹-阳关三叠.wav,孙毓芹-阳关三叠.wav,39353906,2018-12-13T16:36:06,44100,2,PCM_16,223.09,1411,
CD第4册\61\李传爱-潇湘水云.wav,李传爱-潇湘水云.wav,122748752,2018-12-13T16:43:53,44100,2,PCM_16,695.85,1411,
CD第4册\61\汪振华-关山月-合奏.wav,汪振华-关山月-合奏.wav,16229024,2018-12-13T16:44:17,44100,2,PCM_16,92.0,1411,
CD第4册\61\汪振华-归去来辞.wav,汪振华-归去来辞.wav,39081056,2018-12-13T16:45:14,44100,2,PCM_16,221.55,1411,
CD第4册\61\汪振华-渔樵问答1.wav,汪振华-渔樵问答1.wav,64957760,2018-12-13T16:46:49,44100,2,PCM_16,368.24,1411,
CD第4册\61\汪振华-渔樵问答2.wav,汪振华-渔樵问答2.wav,60884096,2018-12-13T16:48:18,44100,2,PCM_16,345.15,1411,
CD第4册\61\翁瘦苍-平沙落雁.wav,翁瘦苍-平沙落雁.wav,64826048,2018-12-13T16:52:08,44100,2,PCM_16,367.49,1411,
CD第4册\61\翁瘦苍-高山.wav,翁瘦苍-高山.wav,94465952,2018-12-13T16:50:35,44100,2,PCM_16,535.52,1411,
CD第4册\61\陈蕾士-乌夜啼.wav,陈蕾士-乌夜啼.wav,86864288,2018-12-13T16:54:13,44100,2,PCM_16,492.43,1411,
CD第4册\62\孙培章-良宵引.wav,孙培章-良宵引.wav,31935692,2018-12-13T17:00:41,44100,2,PCM_16,181.04,1411,
CD第4册\62\孙培章-阳关三叠.wav,孙培章-阳关三叠.wav,42851326,2018-12-13T17:01:02,44100,2,PCM_16,242.92,1411,
CD第4册\62\陈天乐-四大景.wav,陈天乐-四大景.wav,67770764,2018-12-13T16:59:03,44100,2,PCM_16,384.19,1411,
CD第4册\62\陈重-平沙落雁-合奏.wav,陈重-平沙落雁-合奏.wav,75958076,2018-12-13T16:59:40,44100,2,PCM_16,430.6,1411,
CD第4册\62\陈重-忆故人-合奏.wav,陈重-忆故人-合奏.wav,94938716,2018-12-13T17:00:26,44100,2,PCM_16,538.2,1411,
CD第4册\62\陈阅聪-平沙落雁.wav,陈阅聪-平沙落雁.wav,56636396,2018-12-13T16:58:08,44100,2,PCM_16,321.07,1411,
CD第4册\62\陈阅聪-归去来辞.wav,陈阅聪-归去来辞.wav,49780316,2018-12-13T16:57:40,44100,2,PCM_16,282.2,1411,
CD第4册\62\陈阅聪-捣衣.wav,陈阅聪-捣衣.wav,102046460,2018-12-13T16:57:15,44100,2,PCM_16,578.49,1411,
CD第4册\62\陈阅聪-长门怨.wav,陈阅聪-长门怨.wav,55389836,2018-12-13T16:56:15,44100,2,PCM_16,314.0,1411,
CD第4册\62\陈阅聪-阳关三叠.wav,陈阅聪-阳关三叠.wav,45546716,2018-12-13T16:58:30,44100,2,PCM_16,258.2,1411,
CD第4册\63\谢孝苹-山居吟.wav,谢孝苹-山居吟.wav,51979444,2018-12-14T02:32:24,44100,2,PCM_16,294.67,1411,
CD第4册\63\谢孝苹-忆故人.wav,谢孝苹-忆故人.wav,63976998,2018-12-14T02:33:39,44100,2,PCM_16,362.68,1411,
CD第4册\63\谢孝苹-梅花三弄.wav,谢孝苹-梅花三弄.wav,91471876,2018-12-14T02:30:01,44100,2,PCM_16,518.55,1411,
CD第4册\63\谢孝苹-洞庭秋思.wav,谢孝苹-洞庭秋思.wav,26768356,2018-12-14T02:28:29,44100,2,PCM_16,151.75,1411,
CD第4册\63\谢孝苹-渔樵问答.wav,谢孝苹-渔樵问答.wav,62744550,2018-12-14T02:34:10,44100,2,PCM_16,355.69,1411,
CD第4册\63\谢孝苹-秋塞吟1.wav,谢孝苹-秋塞吟1.wav,83611492,2018-12-14T02:30:42,44100,2,PCM_16,473.99,1411,
CD第4册\63\谢孝苹-秋塞吟2.wav,谢孝苹-秋塞吟2.wav,79260292,2018-12-14T02:31:21,44100,2,PCM_16,449.32,1411,
CD第4册\63\谢孝苹-秋塞吟3.wav,谢孝苹-秋塞吟3.wav,75577060,2018-12-14T02:31:58,44100,2,PCM_16,428.44,1411,
CD第4册\63\谢孝苹-良宵引1.wav,谢孝苹-良宵引1.wav,36585604,2018-12-14T02:28:52,44100,2,PCM_16,207.4,1411,
CD第4册\63\谢孝苹-良宵引2.wav,谢孝苹-良宵引2.wav,37893316,2018-12-14T02:29:13,44100,2,PCM_16,214.81,1411,
CD第4册\63\谢孝苹-长门怨.wav,谢孝苹-长门怨.wav,37994452,2018-12-14T02:28:12,44100,2,PCM_16,215.39,1411,
CD第4册\63\谢孝苹-阳春.wav,谢孝苹-阳春.wav,89411526,2018-12-14T02:33:08,44100,2,PCM_16,506.87,1411,
CD第4册\64\吴兆奇-白雪.wav,吴兆奇-白雪.wav,94844614,2018-12-14T02:38:57,44100,2,PCM_16,537.67,1411,
CD第4册\64\吴兆奇-阳春.wav,吴兆奇-阳春.wav,105456838,2018-12-14T02:39:48,44100,2,PCM_16,597.83,1411,
CD第4册\64\高仲钧-出师表-琴歌.wav,高仲钧-出师表-琴歌.wav,21368134,2018-12-14T02:35:57,44100,2,PCM_16,121.13,1411,
CD第4册\64\高仲钧-南风歌-琴歌.wav,高仲钧-南风歌-琴歌.wav,62445814,2018-12-14T02:37:46,44100,2,PCM_16,354.0,1411,
CD第4册\64\高仲钧-广寒游.wav,高仲钧-广寒游.wav,43232326,2018-12-14T02:36:26,44100,2,PCM_16,245.08,1411,
CD第4册\64\高仲钧-渔樵问答-琴歌.wav,高仲钧-渔樵问答-琴歌.wav,51076246,2018-12-14T02:38:11,44100,2,PCM_16,289.55,1411,
CD第4册\64\高仲钧-鹿鸣操-合奏.wav,高仲钧-鹿鸣操-合奏.wav,79935286,2018-12-14T02:37:13,44100,2,PCM_16,453.15,1411,
CD第4册\65\姚丙炎-大胡笳.wav,姚丙炎-大胡笳.wav,135828222,2018-12-14T02:52:53,44100,2,PCM_16,770.0,1411,
CD第4册\65\姚丙炎-孤馆遇神1.wav,姚丙炎-孤馆遇神1.wav,91521246,2018-12-14T02:55:00,44100,2,PCM_16,518.83,1411,
CD第4册\65\姚丙炎-孤馆遇神2.wav,姚丙炎-孤馆遇神2.wav,86445630,2018-12-14T02:55:42,44100,2,PCM_16,490.05,1411,
CD第4册\65\姚丙炎-孤馆遇神3.wav,姚丙炎-孤馆遇神3.wav,101164446,2018-12-14T02:56:31,44100,2,PCM_16,573.49,1411,
CD第4册\65\姚丙炎-楚歌1.wav,姚丙炎-楚歌1.wav,42865422,2018-12-14T02:51:07,44100,2,PCM_16,243.0,1411,
CD第4册\65\姚丙炎-楚歌2.wav,姚丙炎-楚歌2.wav,52720302,2018-12-14T02:51:40,44100,2,PCM_16,298.87,1411,
CD第4册\65\姚丙炎-高山1.wav,姚丙炎-高山1.wav,88261374,2018-12-14T02:53:36,44100,2,PCM_16,500.35,1411,
CD第4册\65\姚丙炎-高山2.wav,姚丙炎-高山2.wav,81355902,2018-12-14T02:54:16,44100,2,PCM_16,461.2,1411,
CD第4册\66\姚丙炎-古怨.wav,姚丙炎-古怨.wav,22784028,2018-12-14T02:58:35,44100,2,PCM_16,129.16,1411,
CD第4册\66\姚丙炎-古风操.wav,姚丙炎-古风操.wav,40969692,2018-12-14T02:58:20,44100,2,PCM_16,232.25,1411,
CD第4册\66\姚丙炎-广陵散.wav,姚丙炎-广陵散.wav,220147404,2018-12-14T03:00:33,44100,2,PCM_16,1248.0,1411,
CD第4册\67\姚丙炎-华胥引1.wav,姚丙炎-华胥引1.wav,22226638,2018-12-14T03:04:24,44100,2,PCM_16,126.0,1411,
CD第4册\67\姚丙炎-华胥引2.wav,姚丙炎-华胥引2.wav,24766798,2018-12-14T03:04:36,44100,2,PCM_16,140.4,1411,
CD第4册\67\姚丙炎-明君.wav,姚丙炎-明君.wav,97194288,2018-12-14T03:06:11,44100,2,PCM_16,550.99,1411,
CD第4册\67\姚丙炎-胡笳十八拍1.wav,姚丙炎-胡笳十八拍1.wav,164153374,2018-12-14T03:02:51,44100,2,PCM_16,930.57,1411,
CD第4册\67\姚丙炎-胡笳十八拍2.wav,姚丙炎-胡笳十八拍2.wav,164405038,2018-12-14T03:04:13,44100,2,PCM_16,932.0,1411,
CD第4册\67\姚丙炎-酒狂1.wav,姚丙炎-酒狂1.wav,23990638,2018-12-14T03:04:48,44100,2,PCM_16,136.0,1411,
CD第4册\67\姚丙炎-酒狂2.wav,姚丙炎-酒狂2.wav,21838558,2018-12-14T03:04:59,44100,2,PCM_16,123.8,1411,
CD第4册\67\姚丙炎-酒狂3.wav,姚丙炎-酒狂3.wav,24152926,2018-12-14T03:05:10,44100,2,PCM_16,136.92,1411,
CD第4册\67\姚丙炎-酒狂4.wav,姚丙炎-酒狂4.wav,25225438,2018-12-14T03:05:23,44100,2,PCM_16,143.0,1411,
CD第4册\68\姚丙炎-乌夜啼1.wav,姚丙炎-乌夜啼1.wav,85624796,2018-12-14T03:12:00,44100,2,PCM_16,485.4,1411,
CD第4册\68\姚丙炎-乌夜啼2.wav,姚丙炎-乌夜啼2.wav,93866206,2018-12-14T03:12:45,44100,2,PCM_16,532.12,1411,
CD第4册\68\姚丙炎-屈原问渡-合奏.wav,姚丙炎-屈原问渡-合奏.wav,96314636,2018-12-14T03:10:55,44100,2,PCM_16,546.0,1411,
CD第4册\68\姚丙炎-屈原问渡.wav,姚丙炎-屈原问渡.wav,96072380,2018-12-14T03:10:08,44100,2,PCM_16,544.63,1411,
CD第4册\68\姚丙炎-平沙落雁1.wav,姚丙炎-平沙落雁1.wav,57175004,2018-12-14T03:08:34,44100,2,PCM_16,324.12,1411,
CD第4册\68\姚丙炎-平沙落雁2.wav,姚丙炎-平沙落雁2.wav,48486716,2018-12-14T03:09:01,44100,2,PCM_16,274.87,1411,
CD第4册\68\姚丙炎-忘忧1.wav,姚丙炎-忘忧1.wav,24569228,2018-12-14T03:11:07,44100,2,PCM_16,139.28,1411,
CD第4册\68\姚丙炎-忘忧2.wav,姚丙炎-忘忧2.wav,24282284,2018-12-14T03:11:18,44100,2,PCM_16,137.65,1411,
CD第4册\68\姚丙炎-秋宵步月.wav,姚丙炎-秋宵步月.wav,36489164,2018-12-14T03:09:20,44100,2,PCM_16,206.85,1411,
CD第4册\68\姚丙炎-鸥鹭忘机.wav,姚丙炎-鸥鹭忘机.wav,50707004,2018-12-14T03:07:59,44100,2,PCM_16,287.45,1411,
CD第4册\69\姚丙炎-小胡笳.wav,姚丙炎-小胡笳.wav,139278596,2018-12-14T03:16:38,44100,2,PCM_16,789.56,1411,
CD第4册\69\姚丙炎-幽兰.wav,姚丙炎-幽兰.wav,102025268,2018-12-14T03:18:35,44100,2,PCM_16,578.37,1411,
CD第4册\69\姚丙炎-忆故人-残.wav,姚丙炎-忆故人-残.wav,65479892,2018-12-14T03:17:45,44100,2,PCM_16,371.2,1411,
CD第4册\69\姚丙炎-潇湘水云1.wav,姚丙炎-潇湘水云1.wav,99334580,2018-12-14T03:14:39,44100,2,PCM_16,563.12,1411,
CD第4册\69\姚丙炎-潇湘水云2.wav,姚丙炎-潇湘水云2.wav,91540052,2018-12-14T03:15:29,44100,2,PCM_16,518.93,1411,
CD第4册\69\姚丙炎-阳春.wav,姚丙炎-阳春.wav,74090564,2018-12-14T03:17:14,44100,2,PCM_16,420.01,1411,
CD第4册\70\刘毅志-归去来辞.wav,刘毅志-归去来辞.wav,39551460,2018-12-14T03:20:07,44100,2,PCM_16,224.21,1411,
CD第4册\70\邵元复-关山月.wav,邵元复-关山月.wav,18418740,2018-12-14T03:21:52,44100,2,PCM_16,104.41,1411,
CD第4册\70\邵元复-凤求凰.wav,邵元复-凤求凰.wav,23602548,2018-12-14T03:21:43,44100,2,PCM_16,133.8,1411,
CD第4册\70\邵元复-平沙落雁.wav,邵元复-平沙落雁.wav,58024068,2018-12-14T03:23:04,44100,2,PCM_16,328.93,1411,
CD第4册\70\邵元复-捣衣.wav,邵元复-捣衣.wav,63687684,2018-12-14T03:21:12,44100,2,PCM_16,361.04,1411,
CD第4册\70\邵元复-极乐吟.wav,邵元复-极乐吟.wav,13851156,2018-12-14T03:21:59,44100,2,PCM_16,78.52,1411,
CD第4册\70\邵元复-梅花三弄.wav,邵元复-梅花三弄.wav,76713060,2018-12-14T03:22:36,44100,2,PCM_16,434.88,1411,
CD第4册\70\邵元复-长门怨.wav,邵元复-长门怨.wav,42985380,2018-12-14T03:20:35,44100,2,PCM_16,243.68,1411,
CD第4册\70\邵元复-风雷引.wav,邵元复-风雷引.wav,35209668,2018-12-14T03:21:31,44100,2,PCM_16,199.6,1411,
CD第4册\71\邵元复-忆故人.wav,邵元复-忆故人.wav,73497876,2018-12-14T03:40:59,44100,2,PCM_16,416.65,1411,
CD第4册\71\邵元复-挟仙游.wav,邵元复-挟仙游.wav,34031316,2018-12-14T03:40:04,44100,2,PCM_16,192.92,1411,
CD第4册\71\邵元复-渔樵问答.wav,邵元复-渔樵问答.wav,96589812,2018-12-14T03:41:46,44100,2,PCM_16,547.56,1411,
CD第4册\71\邵元复-潇湘水云.wav,邵元复-潇湘水云.wav,83900772,2018-12-14T03:39:46,44100,2,PCM_16,475.63,1411,
CD第4册\71\邵元复-玉楼春晓.wav,邵元复-玉楼春晓.wav,14834292,2018-12-14T03:41:54,44100,2,PCM_16,84.09,1411,
CD第4册\71\邵元复-秋夜长.wav,邵元复-秋夜长.wav,25561764,2018-12-14T03:38:58,44100,2,PCM_16,144.91,1411,
CD第4册\71\邵元复-秋江夜泊.wav,邵元复-秋江夜泊.wav,32794164,2018-12-14T03:38:42,44100,2,PCM_16,185.91,1411,
CD第4册\71\邵元复-秋风词.wav,邵元复-秋风词.wav,19670004,2018-12-14T03:38:19,44100,2,PCM_16,111.51,1411,
CD第4册\71\邵元复-阳关三叠.wav,邵元复-阳关三叠.wav,39685524,2018-12-14T03:40:24,44100,2,PCM_16,224.97,1411,
CD第4册\72\邓文权-平沙落雁.wav,邓文权-平沙落雁.wav,79020362,2018-12-14T03:44:11,44100,2,PCM_16,447.96,1411,
CD第4册\72\邓文权-忆故人.wav,邓文权-忆故人.wav,62147114,2018-12-14T03:44:52,44100,2,PCM_16,352.31,1411,
CD第4册\72\邓文权-渔樵问答.wav,邓文权-渔樵问答.wav,66827594,2018-12-14T03:45:24,44100,2,PCM_16,378.84,1411,
CD第4册\72\邓文权-秋风词.wav,邓文权-秋风词.wav,17162762,2018-12-14T03:44:20,44100,2,PCM_16,97.29,1411,
CD第4册\72\邓文权-良宵引.wav,邓文权-良宵引.wav,42432650,2018-12-14T03:43:26,44100,2,PCM_16,240.55,1411,
CD第4册\72\邓文权-醉渔唱晚.wav,邓文权-醉渔唱晚.wav,55387466,2018-12-14T03:45:51,44100,2,PCM_16,313.99,1411,
CD第4册\72\邓文权-静观吟.wav,邓文权-静观吟.wav,34751018,2018-12-14T03:42:58,44100,2,PCM_16,197.0,1411,
CD第4册\73\王绍舜-关山月.wav,王绍舜-关山月.wav,20337956,2018-12-14T03:47:20,44100,2,PCM_16,115.29,1411,
CD第4册\73\王绍舜-梧叶舞秋风.wav,王绍舜-梧叶舞秋风.wav,39730196,2018-12-14T03:50:03,44100,2,PCM_16,225.23,1411,
CD第4册\73\王绍舜-渔樵问答.wav,王绍舜-渔樵问答.wav,104022116,2018-12-14T03:52:11,44100,2,PCM_16,589.69,1411,
CD第4册\73\王绍舜-潇湘水云.wav,王绍舜-潇湘水云.wav,113662964,2018-12-14T03:50:58,44100,2,PCM_16,644.35,1411,
CD第4册\73\王绍舜-胡笳十八拍.wav,王绍舜-胡笳十八拍.wav,256125956,2018-12-14T03:49:44,44100,2,PCM_16,1451.96,1411,
CD第4册\73\王绍舜-阳关三叠.wav,王绍舜-阳关三叠.wav,45612548,2018-12-14T03:51:20,44100,2,PCM_16,258.57,1411,
CD第4册\74\今虞琴社-梅花三弄-合奏1.wav,今虞琴社-梅花三弄-合奏1.wav,93588660,2018-12-14T03:55:42,44100,2,PCM_16,530.55,1411,
CD第4册\74\今虞琴社-梅花三弄-合奏2.wav,今虞琴社-梅花三弄-合奏2.wav,69078468,2018-12-14T03:56:16,44100,2,PCM_16,391.6,1411,
CD第4册\74\北京古琴研究会-古琴历史录音.wav,北京古琴研究会-古琴历史录音.wav,310269012,2018-12-14T03:59:32,44100,2,PCM_16,1758.89,1411,
CD第4册\74\北京古琴研究会-普庵咒-合奏.wav,北京古琴研究会-普庵咒-合奏.wav,88762356,2018-12-14T03:57:00,44100,2,PCM_16,503.19,1411,
CD第4册\74\朱惜辰-挟仙游.wav,朱惜辰-挟仙游.wav,37138308,2018-12-14T03:54:56,44100,2,PCM_16,210.53,1411,
CD第4册\74\朱惜辰-搔首问天.wav,朱惜辰-搔首问天.wav,55037028,2018-12-14T03:54:36,44100,2,PCM_16,312.0,1411,
CD第4册\74\朱惜辰-秋江夜泊.wav,朱惜辰-秋江夜泊.wav,27624468,2018-12-14T03:54:04,44100,2,PCM_16,156.6,1411,
CD第4册\74\朱惜辰-风雷引.wav,朱惜辰-风雷引.wav,23484948,2018-12-14T03:53:47,44100,2,PCM_16,133.13,1411,
CD第4册\74\毓邻初-风雷引.wav,毓邻初-风雷引.wav,38427204,2018-12-14T03:53:31,44100,2,PCM_16,217.84,1411,
