clip,solo_guqin,solo_zither,guqin_flute,guqin_voice,ensemble,bass_drums,speech
01_基础模型.flac,0.4833,0.5854,0.4536,0.5427,0.3913,0.312,0.3555
02_古琴微调_同种子.flac,0.501,0.596,0.4474,0.5582,0.3221,0.3104,0.343
03_古琴微调_另一种子.flac,0.6096,0.6888,0.5053,0.6247,0.3216,0.2828,0.3757
01_修正提示词_基础模型.flac,0.4853,0.5669,0.3782,0.5461,0.3469,0.3788,0.394
02_修正提示词_旧微调.flac,0.591,0.6405,0.4713,0.5943,0.3026,0.3256,0.3564
03_修正提示词_参考音色.flac,0.5406,0.5646,0.3898,0.6055,0.2428,0.4117,0.4944
04_ACE基础版_高约束.flac,0.5927,0.6234,0.435,0.5989,0.2661,0.352,0.4379
05_ACE指令版_高约束.flac,0.5863,0.6238,0.4286,0.5863,0.272,0.3209,0.4399
SFT续写_前10秒原曲.flac,0.4616,0.383,0.331,0.4977,0.0089,0.18,0.4395
单古琴_5070.flac,0.5689,0.6008,0.463,0.6264,0.2645,0.3484,0.4636
单古琴_5071.flac,0.6634,0.6875,0.5454,0.6414,0.2584,0.2892,0.3272
单古琴_5072.flac,0.644,0.6956,0.5632,0.697,0.2936,0.2855,0.4064
单古琴_5073.flac,0.5687,0.5935,0.497,0.6188,0.1933,0.2589,0.4629
单古琴_严格同提示_5070.flac,0.5881,0.5938,0.484,0.6196,0.2722,0.3366,0.4335
单古琴_细节提示_5070.flac,0.5958,0.5863,0.4906,0.6388,0.285,0.3016,0.4763
音频续写_前10秒原曲.flac,0.5647,0.564,0.4568,0.5823,0.2177,0.2575,0.4309
SFT微调_严格同提示_5070.flac,0.6341,0.6666,0.4068,0.6211,0.2294,0.2863,0.3842
SFT微调_带标签_5070.flac,0.597,0.6635,0.3986,0.6128,0.2256,0.3306,0.4273
SFT微调_带标签_5071.flac,0.6983,0.6511,0.5454,0.7037,0.1563,0.1789,0.3988
