筛选状态,演奏者,曲名,Y盘相对路径,时长分钟,采样率Hz,声道,PCM位深,提示复听的指标,抽样削波比例,安静处高频相对全曲dB,安静处总声相对全曲dB
候选：待抽听,乐瑛,列子御风,CD第3册\40\乐瑛-列子御风.wav,6.9,44100,2,16,,0.0,-67.9,-13.16
候选：待抽听,乐瑛,岳阳三醉,CD第3册\41\乐瑛-岳阳三醉.wav,8.91,44100,2,16,,7.4e-05,-59.17,-11.62
候选：待抽听,乐瑛,岳阳三醉-残,CD第3册\41\乐瑛-岳阳三醉-残.wav,3.87,44100,2,16,,0.0,-41.94,-14.62
候选：待抽听,乐瑛,平沙落雁1,CD第3册\40\乐瑛-平沙落雁1.wav,5.44,44100,2,16,,0.0,-65.77,-11.17
候选：待抽听,乐瑛,平沙落雁2,CD第3册\40\乐瑛-平沙落雁2.wav,6.74,44100,2,16,,0.0,-63.08,-9.03
候选：待抽听,乐瑛,沧海龙吟1,CD第3册\40\乐瑛-沧海龙吟1.wav,5.72,44100,2,16,,0.0,-48.86,-17.36
候选：待抽听,乐瑛,沧海龙吟2,CD第3册\40\乐瑛-沧海龙吟2.wav,5.47,44100,2,16,,0.0,-54.3,-11.94
候选：待抽听,乐瑛,渔樵问答1,CD第3册\41\乐瑛-渔樵问答1.wav,7.76,44100,2,16,,0.0,-48.3,-16.49
候选：待抽听,乐瑛,渔樵问答2,CD第3册\41\乐瑛-渔樵问答2.wav,8.42,44100,2,16,,0.0,-60.66,-8.3
候选：待抽听,乐瑛,秋塞吟,CD第3册\40\乐瑛-秋塞吟.wav,9.19,44100,2,16,,0.0,-44.73,-20.68
候选：待抽听,乐瑛,韦编三绝1,CD第3册\41\乐瑛-韦编三绝1.wav,2.88,44100,2,16,,0.0,-65.08,-12.38
候选：待抽听,乐瑛,韦编三绝2,CD第3册\41\乐瑛-韦编三绝2.wav,2.89,44100,2,16,,0.0,-65.5,-12.07
候选：待抽听,侯作吾,高山流水,CD第3册\54\侯作吾-高山流水.wav,7.98,44100,2,16,,0.0,-60.38,-13.08
候选：待抽听,关仲航,水仙操,CD第2册\32\关仲航-水仙操.wav,7.84,44100,2,16,,0.0,-40.27,-10.43
候选：待抽听,关仲航,渔樵问答,CD第2册\32\关仲航-渔樵问答.wav,7.74,44100,2,16,,0.0,-52.27,-13.69
候选：待抽听,刘少椿,墨子悲丝,CD第2册\33\刘少椿-墨子悲丝.wav,9.82,44100,2,16,,0.0,-49.42,-16.06
候选：待抽听,刘少椿,平沙落雁,CD第2册\33\刘少椿-平沙落雁.wav,6.74,44100,2,16,,0.0,-51.02,-20.99
候选：待抽听,刘少椿,梅花三弄1,CD第2册\33\刘少椿-梅花三弄1.wav,9.03,44100,2,16,,0.0,-56.35,-18.82
候选：待抽听,刘少椿,梅花三弄2,CD第2册\33\刘少椿-梅花三弄2.wav,7.98,44100,2,16,,0.0,-59.08,-16.06
候选：待抽听,刘少椿,梧叶舞秋风,CD第2册\33\刘少椿-梧叶舞秋风.wav,3.63,44100,2,16,,0.0,-50.45,-12.38
候选：待抽听,刘少椿,樵歌,CD第2册\33\刘少椿-樵歌.wav,9.37,44100,2,16,,0.0,-58.11,-18.97
候选：待抽听,刘少椿,良宵引,CD第2册\33\刘少椿-良宵引.wav,2.66,44100,2,16,,0.0,-65.92,-18.48
候选：待抽听,刘少椿,龙翔操,CD第2册\33\刘少椿-龙翔操.wav,5.76,44100,2,16,,0.0,-57.88,-12.3
候选：待抽听,刘景韶,关山月,CD第2册\35\刘景韶-关山月.wav,1.97,44100,2,16,,0.0,-58.47,-12.16
候选：待抽听,刘景韶,平沙落雁1,CD第2册\35\刘景韶-平沙落雁1.wav,5.75,44100,2,16,,0.0,-68.15,-19.91
候选：待抽听,刘景韶,归去来辞,CD第2册\35\刘景韶-归去来辞.wav,3.2,44100,2,16,,0.0,-43.9,-10.87
候选：待抽听,刘景韶,捣衣,CD第2册\35\刘景韶-捣衣.wav,6.21,44100,2,16,,0.0,-57.74,-11.63
候选：待抽听,刘景韶,搔首问天1,CD第2册\35\刘景韶-搔首问天1.wav,6.32,44100,2,16,,0.0,-61.04,-18.09
候选：待抽听,刘景韶,搔首问天2,CD第2册\35\刘景韶-搔首问天2.wav,5.59,44100,2,16,,0.0,-61.2,-18.64
候选：待抽听,刘景韶,樵歌,CD第2册\35\刘景韶-樵歌.wav,8.21,44100,2,16,,0.0,-71.65,-21.88
候选：待抽听,刘景韶,玉楼春晓,CD第2册\35\刘景韶-玉楼春晓.wav,1.19,44100,2,16,,0.0,-53.06,-17.0
候选：待抽听,刘景韶,秋风词,CD第2册\35\刘景韶-秋风词.wav,1.02,44100,2,16,,0.0,-59.53,-11.82
候选：待抽听,刘景韶,长门怨1,CD第2册\35\刘景韶-长门怨1.wav,4.68,44100,2,16,,0.0,-60.88,-17.79
候选：待抽听,卢家炳,午夜焚修,CD第1册\CD03\卢家炳-午夜焚修.wav,3.68,44100,2,16,,0.0,-42.44,-8.13
候选：待抽听,卢家炳,孤鸿,CD第1册\CD03\卢家炳-孤鸿.wav,4.9,44100,2,16,,0.0,-47.9,-16.08
候选：待抽听,卢家炳,平沙落雁2,CD第1册\CD03\卢家炳-平沙落雁2.wav,4.58,44100,2,16,,0.0,-59.4,-16.24
候选：待抽听,卢家炳,归去来辞,CD第1册\CD03\卢家炳-归去来辞.wav,4.08,44100,2,16,,0.0,-57.39,-9.87
候选：待抽听,卢家炳,月下吟,CD第1册\CD03\卢家炳-月下吟.wav,4.14,44100,2,16,,0.0,-48.14,-10.53
候选：待抽听,卢家炳,水仙操1,CD第1册\CD03\卢家炳-水仙操1.wav,6.67,44100,2,16,,0.0,-59.19,-7.44
候选：待抽听,卢家炳,水仙操2,CD第1册\CD03\卢家炳-水仙操2.wav,7.1,44100,2,16,,0.0,-48.59,-8.01
候选：待抽听,卢家炳,碧云深,CD第1册\CD03\卢家炳-碧云深.wav,4.47,44100,2,16,,0.0,-57.84,-10.18
候选：待抽听,卢家炳,释谈章,CD第1册\CD03\卢家炳-释谈章.wav,5.06,44100,2,16,,0.0,-60.32,-7.01
候选：待抽听,卫仲乐,平沙落雁,CD第3册\49\卫仲乐-平沙落雁.wav,3.87,44100,2,16,,0.0,-52.01,-16.0
候选：待抽听,卫仲乐,普庵咒,CD第3册\49\卫仲乐-普庵咒.wav,5.92,44100,2,16,,5e-06,-49.57,-12.78
候选：待抽听,卫仲乐,梅花三弄1,CD第3册\49\卫仲乐-梅花三弄1.wav,7.02,44100,2,16,,0.0,-50.83,-10.65
候选：待抽听,卫仲乐,梅花三弄2,CD第3册\49\卫仲乐-梅花三弄2.wav,7.39,44100,2,16,,1e-06,-51.75,-15.4
候选：待抽听,卫仲乐,流水,CD第3册\49\卫仲乐-流水.wav,10.03,44100,2,16,,0.0,-62.62,-10.91
候选：待抽听,卫仲乐,流水-残,CD第3册\49\卫仲乐-流水-残.wav,5.7,44100,2,16,,0.0,-75.53,-18.09
候选：待抽听,卫仲乐,醉渔唱晚1,CD第3册\49\卫仲乐-醉渔唱晚1.wav,2.99,44100,2,16,,1.8e-05,-67.88,-13.18
候选：待抽听,卫仲乐,醉渔唱晚3,CD第3册\49\卫仲乐-醉渔唱晚3.wav,3.44,44100,2,16,,7e-06,-55.6,-11.62
候选：待抽听,卫仲乐,醉渔唱晚4,CD第3册\49\卫仲乐-醉渔唱晚4.wav,3.56,44100,2,16,,0.0,-71.56,-19.94
候选：待抽听,卫仲乐,长门怨,CD第3册\49\卫仲乐-长门怨.wav,4.64,44100,2,16,,1e-06,-52.98,-12.86
候选：待抽听,卫仲乐,阳关三叠1,CD第3册\49\卫仲乐-阳关三叠1.wav,3.26,44100,2,16,,0.0,-48.92,-24.06
候选：待抽听,向笙阶,春闺怨,CD第1册\CD10\向笙阶-春闺怨.wav,2.58,44100,2,16,,0.0,-64.03,-15.12
候选：待抽听,吴兆基,平沙落雁1,CD第3册\51\吴兆基-平沙落雁1.wav,4.65,44100,2,16,,0.0,-53.39,-13.69
候选：待抽听,吴兆基,平沙落雁2,CD第3册\51\吴兆基-平沙落雁2.wav,5.08,44100,2,16,,7.5e-05,-63.4,-21.88
候选：待抽听,吴兆基,忆故人1,CD第3册\52\吴兆基-忆故人1.wav,7.85,44100,2,16,,0.0,-63.73,-14.46
候选：待抽听,吴兆基,忆故人2,CD第3册\52\吴兆基-忆故人2.wav,7.15,44100,2,16,,0.000117,-57.65,-14.53
候选：待抽听,吴兆基,普庵咒1,CD第3册\51\吴兆基-普庵咒1.wav,6.02,44100,2,16,,0.0,-69.41,-9.34
候选：待抽听,吴兆基,普庵咒2,CD第3册\51\吴兆基-普庵咒2.wav,7.51,44100,2,16,,0.000189,-65.24,-14.25
候选：待抽听,吴兆基,梅花三弄1,CD第3册\50\吴兆基-梅花三弄1.wav,4.52,44100,2,16,,0.0,-58.91,-21.64
候选：待抽听,吴兆基,梅花三弄2,CD第3册\50\吴兆基-梅花三弄2.wav,4.26,44100,2,16,,5.1e-05,-68.55,-9.47
候选：待抽听,吴兆基,渔樵问答,CD第3册\53\吴兆基-渔樵问答.wav,7.58,44100,2,16,,5.5e-05,-64.95,-16.35
候选：待抽听,吴兆基,渔歌1,CD第3册\53\吴兆基-渔歌1.wav,14.33,44100,2,16,,0.0,-64.88,-19.2
候选：待抽听,吴兆基,渔歌2,CD第3册\53\吴兆基-渔歌2.wav,12.7,44100,2,16,,0.0,-67.19,-15.62
候选：待抽听,吴兆基,渔歌3,CD第3册\53\吴兆基-渔歌3.wav,13.08,44100,2,16,,3.8e-05,-61.74,-23.27
候选：待抽听,吴兆基,潇湘水云1,CD第3册\52\吴兆基-潇湘水云1.wav,9.93,44100,2,16,,2.9e-05,-51.46,-19.69
候选：待抽听,吴兆基,潇湘水云2,CD第3册\52\吴兆基-潇湘水云2.wav,10.45,44100,2,16,,0.0,-67.95,-19.25
候选：待抽听,吴兆基,白雪,CD第3册\50\吴兆基-白雪.wav,7.73,44100,2,16,,0.0,-48.04,-18.73
候选：待抽听,吴兆基,石上流泉1,CD第3册\51\吴兆基-石上流泉1.wav,4.12,44100,2,16,,0.0,-65.32,-19.19
候选：待抽听,吴兆基,石上流泉2,CD第3册\51\吴兆基-石上流泉2.wav,3.75,44100,2,16,,7e-06,-64.85,-17.22
候选：待抽听,吴兆基,秋塞吟1,CD第3册\51\吴兆基-秋塞吟1.wav,9.64,44100,2,16,,0.0,-66.16,-27.29
候选：待抽听,吴兆基,秋塞吟2,CD第3册\51\吴兆基-秋塞吟2.wav,9.32,44100,2,16,,8.3e-05,-53.7,-10.98
候选：待抽听,吴兆基,秋塞吟3,CD第3册\51\吴兆基-秋塞吟3.wav,8.85,44100,2,16,,8e-06,-57.83,-18.26
候选：待抽听,吴兆基,胡笳十八拍1,CD第3册\50\吴兆基-胡笳十八拍1.wav,11.81,44100,2,16,,0.000767,-52.01,-13.54
候选：待抽听,吴兆基,胡笳十八拍2,CD第3册\50\吴兆基-胡笳十八拍2.wav,19.43,44100,2,16,,0.000107,-70.04,-32.37
候选：待抽听,吴兆基,良宵引1,CD第3册\50\吴兆基-良宵引1.wav,2.57,44100,2,16,,0.0,-67.84,-14.83
候选：待抽听,吴兆基,良宵引2,CD第3册\50\吴兆基-良宵引2.wav,2.56,44100,2,16,,2.6e-05,-67.54,-16.4
候选：待抽听,吴兆基,阳关三叠1,CD第3册\52\吴兆基-阳关三叠1.wav,4.33,44100,2,16,,0.000241,-63.81,-13.35
候选：待抽听,吴兆基,阳关三叠2,CD第3册\52\吴兆基-阳关三叠2.wav,5.03,44100,2,16,,0.000116,-65.72,-14.81
候选：待抽听,吴兆基,阳春,CD第3册\52\吴兆基-阳春.wav,10.01,44100,2,16,,0.0,-42.69,-13.31
候选：待抽听,吴兆基,鸥鹭忘机1,CD第3册\50\吴兆基-鸥鹭忘机1.wav,5.32,44100,2,16,,0.0,-68.96,-14.86
候选：待抽听,吴兆基,鸥鹭忘机2,CD第3册\50\吴兆基-鸥鹭忘机2.wav,5.55,44100,2,16,,2.6e-05,-64.15,-16.59
候选：待抽听,吴兆奇,白雪,CD第4册\64\吴兆奇-白雪.wav,8.96,44100,2,16,,0.0,-42.97,-16.18
候选：待抽听,吴宗汉,关山月,CD第3册\39\吴宗汉-关山月.wav,2.61,44100,2,16,,0.0,-58.27,-10.35
候选：待抽听,吴宗汉,平沙落雁,CD第3册\39\吴宗汉-平沙落雁.wav,6.33,44100,2,16,,0.0,-57.39,-9.2
候选：待抽听,吴宗汉,挟仙游,CD第3册\39\吴宗汉-挟仙游.wav,5.42,44100,2,16,,0.0,-76.83,-11.58
候选：待抽听,吴宗汉,梅花三弄,CD第3册\39\吴宗汉-梅花三弄.wav,7.14,44100,2,16,,0.0,-59.99,-8.83
候选：待抽听,吴宗汉,梧叶舞秋风,CD第3册\39\吴宗汉-梧叶舞秋风.wav,5.0,44100,2,16,,0.0,-58.73,-12.56
候选：待抽听,吴宗汉,玉楼春晓,CD第3册\39\吴宗汉-玉楼春晓.wav,3.11,44100,2,16,,0.0,-67.2,-7.86
候选：待抽听,吴宗汉,秋夜长,CD第3册\39\吴宗汉-秋夜长.wav,3.19,44100,2,16,,0.0,-56.17,-10.51
候选：待抽听,吴宗汉,良宵引,CD第3册\39\吴宗汉-良宵引.wav,2.27,44100,2,16,,0.0,-59.63,-8.29
候选：待抽听,吴宗汉,长门怨,CD第3册\39\吴宗汉-长门怨.wav,5.67,44100,2,16,,0.0,-59.41,-13.66
候选：待抽听,吴宗汉,风雷引,CD第3册\39\吴宗汉-风雷引.wav,2.56,44100,2,16,,0.0,-57.32,-10.72
候选：待抽听,吴振平,屈原问渡,CD第3册\46\吴振平-屈原问渡.wav,6.05,44100,2,16,,0.0,-44.25,-11.55
候选：待抽听,吴振平,幽兰,CD第3册\46\吴振平-幽兰.wav,9.3,44100,2,16,,0.0,-48.18,-14.12
候选：待抽听,吴振平,电影李时珍,CD第3册\46\吴振平-电影李时珍.wav,1.94,44100,2,16,,2.4e-05,-43.43,-7.6
候选：待抽听,吴振平,苏门长啸,CD第3册\46\吴振平-苏门长啸.wav,6.73,44100,2,16,,0.0,-42.77,-16.55
候选：待抽听,吴景略,忆故人,CD第3册\45\吴景略-忆故人.wav,7.12,44100,2,16,,0.000137,-57.18,-15.54
候选：待抽听,吴景略,普庵咒,CD第3册\45\吴景略-普庵咒.wav,7.1,44100,2,16,,0.0,-69.86,-22.46
候选：待抽听,吴景略,渔樵问答,CD第3册\45\吴景略-渔樵问答.wav,7.75,44100,2,16,,0.000461,-62.18,-11.46
候选：待抽听,吴景略,潇湘水云,CD第3册\45\吴景略-潇湘水云.wav,8.05,44100,2,16,,0.000386,-58.81,-15.53
候选：待抽听,吴景略,离骚,CD第3册\45\吴景略-离骚.wav,11.7,44100,2,16,,9e-06,-48.71,-7.99
候选：待抽听,吴景略,阳关三叠,CD第3册\45\吴景略-阳关三叠.wav,4.64,44100,2,16,,0.000131,-49.8,-11.46
候选：待抽听,周吉荪,平沙落雁,CD第2册\34\周吉荪-平沙落雁.wav,8.12,44100,2,16,,6.6e-05,-73.86,-35.82
候选：待抽听,周吉荪,潇湘水云,CD第2册\34\周吉荪-潇湘水云.wav,11.23,44100,2,16,,3.5e-05,-74.85,-26.69
候选：待抽听,周吉荪,良宵引,CD第2册\34\周吉荪-良宵引.wav,2.38,44100,2,16,,3.2e-05,-65.17,-36.57
候选：待抽听,喻绍泽,佩兰1,CD第2册\37\喻绍泽-佩兰1.wav,8.05,44100,2,16,,0.0,-53.34,-15.04
候选：待抽听,喻绍泽,关山月,CD第2册\36\喻绍泽-关山月.wav,2.58,44100,2,16,,0.0,-42.14,-9.76
候选：待抽听,喻绍泽,幽兰,CD第2册\38\喻绍泽-幽兰.wav,8.66,44100,2,16,,0.0,-42.63,-14.24
候选：待抽听,喻绍泽,春山听杜鹃1,CD第2册\36\喻绍泽-春山听杜鹃1.wav,6.03,44100,2,16,,7.5e-05,-61.01,-12.34
候选：待抽听,喻绍泽,春山听杜鹃2,CD第2册\36\喻绍泽-春山听杜鹃2.wav,6.17,44100,2,16,,0.0,-42.94,-11.12
候选：待抽听,喻绍泽,普庵咒,CD第2册\37\喻绍泽-普庵咒.wav,7.02,44100,2,16,,1e-06,-51.37,-17.76
候选：待抽听,喻绍泽,桃李园序,CD第2册\38\喻绍泽-桃李园序.wav,2.04,44100,2,16,,0.0,-45.12,-12.77
候选：待抽听,喻绍泽,梅花三弄,CD第2册\37\喻绍泽-梅花三弄.wav,6.39,44100,2,16,,0.0,-42.75,-8.66
候选：待抽听,喻绍泽,梧叶舞秋风,CD第2册\38\喻绍泽-梧叶舞秋风.wav,3.67,44100,2,16,,0.0,-46.02,-11.89
候选：待抽听,喻绍泽,欢乐的除夕,CD第2册\36\喻绍泽-欢乐的除夕.wav,5.42,44100,2,16,,4e-06,-41.61,-14.37
候选：待抽听,喻绍泽,流水1,CD第2册\36\喻绍泽-流水1.wav,8.54,44100,2,16,,0.0,-44.1,-10.91
候选：待抽听,喻绍泽,流水2,CD第2册\36\喻绍泽-流水2.wav,7.47,44100,2,16,,0.0,-61.85,-14.42
候选：待抽听,喻绍泽,秋水1,CD第2册\38\喻绍泽-秋水1.wav,7.23,44100,2,16,,1e-06,-53.34,-13.24
候选：待抽听,喻绍泽,秋水2,CD第2册\38\喻绍泽-秋水2.wav,7.53,44100,2,16,,0.0,-47.13,-12.21
候选：待抽听,喻绍泽,秋鸿,CD第2册\37\喻绍泽-秋鸿.wav,16.6,44100,2,16,,0.0,-48.52,-14.62
候选：待抽听,喻绍泽,跃进歌声2,CD第2册\38\喻绍泽-跃进歌声2.wav,4.54,44100,2,16,,0.0,-49.41,-10.32
候选：待抽听,喻绍泽,醉渔晚唱1,CD第2册\38\喻绍泽-醉渔晚唱1.wav,4.37,44100,2,16,,0.0,-49.48,-13.15
候选：待抽听,喻绍泽,醉渔晚唱2,CD第2册\38\喻绍泽-醉渔晚唱2.wav,4.48,44100,2,16,,0.0,-43.79,-14.95
候选：待抽听,喻绍泽,阳春,CD第2册\38\喻绍泽-阳春.wav,9.49,44100,2,16,,0.0,-41.2,-11.15
候选：待抽听,喻绍泽,高山1,CD第2册\36\喻绍泽-高山1.wav,6.12,44100,2,16,,0.0,-44.29,-9.87
候选：待抽听,喻绍泽,高山2,CD第2册\36\喻绍泽-高山2.wav,5.51,44100,2,16,,0.0,-63.84,-12.05
候选：待抽听,夏一峰,良宵引,CD第1册\CD02\夏一峰-良宵引.wav,2.83,44100,2,16,,1e-06,-64.71,-22.25
候选：待抽听,夏一峰,静观吟1,CD第1册\CD02\夏一峰-静观吟1.wav,2.81,44100,2,16,,8.1e-05,-61.83,-20.79
候选：待抽听,夏一峰,静观吟2,CD第1册\CD02\夏一峰-静观吟2.wav,3.24,44100,2,16,,0.0,-58.87,-18.01
候选：待抽听,夏莲居,风入松,CD第1册\CD04\夏莲居-风入松.wav,2.48,44100,2,16,,0.0,-45.62,-8.76
候选：待抽听,姚丙炎,华胥引1,CD第4册\67\姚丙炎-华胥引1.wav,2.1,44100,2,16,,0.0,-58.12,-12.73
候选：待抽听,姚丙炎,古怨,CD第4册\66\姚丙炎-古怨.wav,2.15,44100,2,16,,0.0,-54.73,-9.16
候选：待抽听,姚丙炎,大胡笳,CD第4册\65\姚丙炎-大胡笳.wav,12.83,44100,2,16,,0.0,-58.63,-11.15
候选：待抽听,姚丙炎,孤馆遇神1,CD第4册\65\姚丙炎-孤馆遇神1.wav,8.65,44100,2,16,,0.000125,-55.92,-7.61
候选：待抽听,姚丙炎,孤馆遇神2,CD第4册\65\姚丙炎-孤馆遇神2.wav,8.17,44100,2,16,,0.0,-48.35,-8.71
候选：待抽听,姚丙炎,孤馆遇神3,CD第4册\65\姚丙炎-孤馆遇神3.wav,9.56,44100,2,16,,0.0,-66.97,-13.93
候选：待抽听,姚丙炎,小胡笳,CD第4册\69\姚丙炎-小胡笳.wav,13.16,44100,2,16,,0.0,-41.71,-15.04
候选：待抽听,姚丙炎,屈原问渡,CD第4册\68\姚丙炎-屈原问渡.wav,9.08,44100,2,16,,1.5e-05,-47.49,-7.76
候选：待抽听,姚丙炎,平沙落雁1,CD第4册\68\姚丙炎-平沙落雁1.wav,5.4,44100,2,16,,0.0,-63.28,-18.15
候选：待抽听,姚丙炎,平沙落雁2,CD第4册\68\姚丙炎-平沙落雁2.wav,4.58,44100,2,16,,0.0,-42.97,-12.83
候选：待抽听,姚丙炎,幽兰,CD第4册\69\姚丙炎-幽兰.wav,9.64,44100,2,16,,0.000116,-48.14,-13.66
候选：待抽听,姚丙炎,广陵散,CD第4册\66\姚丙炎-广陵散.wav,20.8,44100,2,16,,0.0,-73.14,-10.21
候选：待抽听,姚丙炎,忘忧1,CD第4册\68\姚丙炎-忘忧1.wav,2.32,44100,2,16,,0.0,-53.06,-7.54
候选：待抽听,姚丙炎,明君,CD第4册\67\姚丙炎-明君.wav,9.18,44100,2,16,,0.0,-69.94,-9.08
候选：待抽听,姚丙炎,楚歌1,CD第4册\65\姚丙炎-楚歌1.wav,4.05,44100,2,16,,0.0,-46.72,-12.14
候选：待抽听,姚丙炎,楚歌2,CD第4册\65\姚丙炎-楚歌2.wav,4.98,44100,2,16,,0.0,-55.45,-7.35
候选：待抽听,姚丙炎,潇湘水云1,CD第4册\69\姚丙炎-潇湘水云1.wav,9.39,44100,2,16,,0.0,-68.98,-21.06
候选：待抽听,姚丙炎,秋宵步月,CD第4册\68\姚丙炎-秋宵步月.wav,3.45,44100,2,16,,0.0,-70.93,-13.14
候选：待抽听,姚丙炎,胡笳十八拍1,CD第4册\67\姚丙炎-胡笳十八拍1.wav,15.51,44100,2,16,,0.0,-74.8,-16.05
候选：待抽听,姚丙炎,酒狂2,CD第4册\67\姚丙炎-酒狂2.wav,2.06,44100,2,16,,0.0,-56.81,-9.97
候选：待抽听,姚丙炎,酒狂3,CD第4册\67\姚丙炎-酒狂3.wav,2.28,44100,2,16,,3e-06,-59.92,-8.58
候选：待抽听,姚丙炎,酒狂4,CD第4册\67\姚丙炎-酒狂4.wav,2.38,44100,2,16,,0.0,-61.81,-12.53
候选：待抽听,姚丙炎,高山1,CD第4册\65\姚丙炎-高山1.wav,8.34,44100,2,16,,0.0,-65.53,-12.79
候选：待抽听,姚丙炎,高山2,CD第4册\65\姚丙炎-高山2.wav,7.69,44100,2,16,,0.0,-72.57,-14.13
候选：待抽听,姚丙炎,鸥鹭忘机,CD第4册\68\姚丙炎-鸥鹭忘机.wav,4.79,44100,2,16,,0.0,-69.09,-18.05
候选：待抽听,孙培章,良宵引,CD第4册\62\孙培章-良宵引.wav,3.02,44100,2,16,,0.0,-46.05,-20.23
候选：待抽听,孙培章,阳关三叠,CD第4册\62\孙培章-阳关三叠.wav,4.05,44100,2,16,,9e-06,-60.21,-17.81
候选：待抽听,孙毓芹,乌夜啼,CD第4册\59\孙毓芹-乌夜啼.wav,8.91,44100,2,16,,0.0,-70.38,-19.64
候选：待抽听,孙毓芹,忆故人1,CD第4册\60\孙毓芹-忆故人1.wav,6.76,44100,2,16,,6e-05,-72.2,-11.64
候选：待抽听,孙毓芹,忆故人2,CD第4册\60\孙毓芹-忆故人2.wav,6.96,44100,2,16,,0.0,-59.01,-17.44
候选：待抽听,孙毓芹,梅花三弄,CD第4册\59\孙毓芹-梅花三弄.wav,7.75,44100,2,16,,4.6e-05,-42.24,-12.16
候选：待抽听,孙毓芹,梧叶舞秋风1,CD第4册\59\孙毓芹-梧叶舞秋风1.wav,3.68,44100,2,16,,0.0,-49.13,-15.15
候选：待抽听,孙毓芹,梧叶舞秋风2,CD第4册\59\孙毓芹-梧叶舞秋风2.wav,3.8,44100,2,16,,0.0,-57.95,-11.15
候选：待抽听,孙毓芹,欸乃-残,CD第4册\59\孙毓芹-欸乃-残.wav,5.65,44100,2,16,,0.0,-63.59,-17.12
候选：待抽听,孙毓芹,渔樵问答1,CD第4册\60\孙毓芹-渔樵问答1.wav,8.04,44100,2,16,,0.0,-42.75,-16.58
候选：待抽听,孙毓芹,渔樵问答2,CD第4册\60\孙毓芹-渔樵问答2.wav,8.36,44100,2,16,,0.0,-73.94,-18.15
候选：待抽听,孙毓芹,湘江怨,CD第4册\59\孙毓芹-湘江怨.wav,3.08,44100,2,16,,0.0,-50.11,-10.84
候选：待抽听,孙毓芹,潇湘水云1,CD第4册\60\孙毓芹-潇湘水云1.wav,10.25,44100,2,16,,0.0,-74.07,-19.25
候选：待抽听,孙毓芹,潇湘水云2,CD第4册\60\孙毓芹-潇湘水云2.wav,11.28,44100,2,16,,0.0,-52.2,-17.58
候选：待抽听,孙毓芹,玉楼春晓2,CD第4册\60\孙毓芹-玉楼春晓2.wav,1.6,44100,2,16,,0.0,-55.32,-11.78
候选：待抽听,孙毓芹,醉渔唱晚,CD第4册\60\孙毓芹-醉渔唱晚.wav,4.62,44100,2,16,,0.0,-54.8,-16.14
候选：待抽听,孙毓芹,醉渔晚唱,CD第4册\60\孙毓芹-醉渔晚唱.wav,4.21,44100,2,16,,0.000224,-51.24,-18.42
候选：待抽听,孙毓芹,阳关三叠,CD第4册\60\孙毓芹-阳关三叠.wav,3.72,44100,2,16,,0.0,-60.35,-10.07
候选：待抽听,庄剑丞,潇湘水云-残,CD第3册\44\庄剑丞-潇湘水云-残.wav,11.54,44100,2,16,,0.0,-62.12,-13.13
候选：待抽听,张友鹤,平沙落雁,CD第1册\CD13\张友鹤-平沙落雁.wav,4.6,44100,2,16,,0.0,-54.43,-10.37
候选：待抽听,张子谦,天风环珮1,CD第2册\30\张子谦-天风环珮1.wav,2.44,44100,2,16,,0.0,-42.29,-10.49
候选：待抽听,张子谦,忆故人,CD第2册\31\张子谦-忆故人.wav,6.76,44100,2,16,,0.0,-55.11,-23.94
候选：待抽听,张子谦,梅花三弄1,CD第2册\29\张子谦-梅花三弄1.wav,7.25,44100,2,16,,9.3e-05,-48.64,-10.19
候选：待抽听,张子谦,梅花三弄2,CD第2册\29\张子谦-梅花三弄2.wav,8.1,44100,2,16,,2e-06,-48.79,-13.4
候选：待抽听,张子谦,梅花三弄3,CD第2册\29\张子谦-梅花三弄3.wav,8.2,44100,2,16,,0.0,-41.94,-9.32
候选：待抽听,张子谦,楚歌1,CD第2册\28\张子谦-楚歌1.wav,5.71,44100,2,16,,5e-06,-41.09,-12.0
候选：待抽听,张子谦,楚歌2,CD第2册\28\张子谦-楚歌2.wav,5.54,44100,2,16,,0.0,-63.36,-11.33
候选：待抽听,张子谦,樵歌,CD第2册\30\张子谦-樵歌.wav,9.31,44100,2,16,,0.0,-57.19,-14.64
候选：待抽听,张子谦,泛沧浪,CD第2册\28\张子谦-泛沧浪.wav,2.92,44100,2,16,,0.0,-66.59,-14.62
候选：待抽听,张子谦,渔歌,CD第2册\31\张子谦-渔歌.wav,11.18,44100,2,16,,0.0,-52.76,-25.58
候选：待抽听,张子谦,潇湘水云-残,CD第2册\31\张子谦-潇湘水云-残.wav,8.59,44100,2,16,,0.0,-53.06,-19.95
候选：待抽听,张子谦,秋塞吟-残,CD第2册\30\张子谦-秋塞吟-残.wav,1.48,44100,2,16,,3e-06,-48.27,-11.07
候选：待抽听,张子谦,秋鸿1,CD第2册\30\张子谦-秋鸿1.wav,12.42,44100,2,16,,0.0,-50.12,-8.86
候选：待抽听,张子谦,秋鸿2,CD第2册\30\张子谦-秋鸿2.wav,13.78,44100,2,16,,0.0,-54.34,-13.7
候选：待抽听,张子谦,良宵引2,CD第2册\28\张子谦-良宵引2.wav,2.01,44100,2,16,,0.0,-44.25,-11.48
候选：待抽听,张子谦,酒狂2,CD第2册\28\张子谦-酒狂2.wav,2.27,44100,2,16,,0.0,-48.98,-9.91
候选：待抽听,张子谦,长清1,CD第2册\28\张子谦-长清1.wav,6.05,44100,2,16,,0.000142,-42.01,-12.3
候选：待抽听,张子谦,飞鸣吟,CD第2册\28\张子谦-飞鸣吟.wav,1.97,44100,2,16,,7.2e-05,-40.76,-10.18
候选：待抽听,张子谦,龙翔操1-残,CD第2册\28\张子谦-龙翔操1-残.wav,4.66,44100,2,16,,0.0,-52.08,-16.12
候选：待抽听,张子谦,龙翔操3,CD第2册\28\张子谦-龙翔操3.wav,4.8,44100,2,16,,0.0,-56.6,-18.43
候选：待抽听,徐元白,墨子悲丝,CD第1册\CD09\徐元白-墨子悲丝.wav,14.05,44100,2,16,,0.0,-68.86,-28.99
候选：待抽听,徐元白,普庵咒,CD第1册\CD09\徐元白-普庵咒.wav,5.58,44100,2,16,,0.000285,-64.54,-26.59
候选：待抽听,徐元白,渔樵问答2,CD第1册\CD10\徐元白-渔樵问答2.wav,7.92,44100,2,16,,0.0,-57.47,-20.87
候选：待抽听,徐元白,渔歌,CD第1册\CD10\徐元白-渔歌.wav,15.55,44100,2,16,,0.0,-51.67,-17.49
候选：待抽听,徐元白,潇湘水云,CD第1册\CD10\徐元白-潇湘水云.wav,12.63,44100,2,16,,0.0,-51.16,-23.26
候选：待抽听,徐元白,西泠话雨,CD第1册\CD09\徐元白-西泠话雨.wav,5.19,44100,2,16,,0.0,-45.33,-22.4
候选：待抽听,徐元白,高山,CD第1册\CD09\徐元白-高山.wav,9.7,44100,2,16,,0.0,-59.01,-27.81
候选：待抽听,徐元白,鸥鹭忘机,CD第1册\CD09\徐元白-鸥鹭忘机.wav,5.6,44100,2,16,,0.0,-53.8,-35.02
候选：待抽听,徐立孙,公社之春,CD第2册\20\徐立孙-公社之春.wav,3.69,44100,2,16,,0.0,-62.77,-11.22
候选：待抽听,徐立孙,平沙落雁,CD第2册\21\徐立孙-平沙落雁.wav,4.14,44100,2,16,,0.0,-44.4,-14.16
候选：待抽听,徐立孙,幽兰,CD第2册\21\徐立孙-幽兰.wav,6.09,44100,2,16,,0.0,-50.48,-9.99
候选：待抽听,徐立孙,广陵散,CD第2册\21\徐立孙-广陵散.wav,17.03,44100,2,16,,0.0,-59.95,-10.68
候选：待抽听,徐立孙,广陵散-残,CD第2册\21\徐立孙-广陵散-残.wav,12.87,44100,2,16,,0.0,-42.07,-8.14
候选：待抽听,徐立孙,捣衣1,CD第2册\20\徐立孙-捣衣1.wav,5.03,44100,2,16,,0.0,-62.28,-12.21
候选：待抽听,徐立孙,捣衣2,CD第2册\20\徐立孙-捣衣2.wav,5.57,44100,2,16,,0.0,-74.03,-19.37
候选：待抽听,徐立孙,捣衣3,CD第2册\20\徐立孙-捣衣3.wav,5.4,44100,2,16,,0.0,-58.84,-10.1
候选：待抽听,徐立孙,搔首问天1,CD第2册\21\徐立孙-搔首问天1.wav,4.65,44100,2,16,,0.0,-55.04,-16.32
候选：待抽听,徐立孙,长门怨1,CD第2册\20\徐立孙-长门怨1.wav,3.42,44100,2,16,,0.0,-54.08,-12.94
候选：待抽听,徐立孙,长门怨2,CD第2册\20\徐立孙-长门怨2.wav,3.35,44100,2,16,,0.0,-67.72,-15.69
候选：待抽听,徐立孙,长门怨3,CD第2册\20\徐立孙-长门怨3.wav,3.13,44100,2,16,,0.0,-73.5,-14.28
候选：待抽听,徐立孙,风雷引,CD第2册\20\徐立孙-风雷引.wav,2.18,44100,2,16,,0.0,-52.57,-12.7
候选：待抽听,朱惜辰,挟仙游,CD第4册\74\朱惜辰-挟仙游.wav,3.51,44100,2,16,,0.0,-59.74,-9.51
候选：待抽听,朱惜辰,搔首问天,CD第4册\74\朱惜辰-搔首问天.wav,5.2,44100,2,16,,0.0,-65.74,-9.43
候选：待抽听,朱惜辰,秋江夜泊,CD第4册\74\朱惜辰-秋江夜泊.wav,2.61,44100,2,16,,0.0,-70.96,-11.97
候选：待抽听,朱惜辰,风雷引,CD第4册\74\朱惜辰-风雷引.wav,2.22,44100,2,16,,0.0,-53.37,-8.53
候选：待抽听,朱龙庵,平沙落雁,CD第3册\47\朱龙庵-平沙落雁.wav,6.37,44100,2,16,,0.000325,-52.82,-20.35
候选：待抽听,朱龙庵,忆故人,CD第3册\47\朱龙庵-忆故人.wav,8.59,44100,2,16,,0.000269,-65.26,-16.6
候选：待抽听,朱龙庵,普庵咒,CD第3册\47\朱龙庵-普庵咒.wav,8.32,44100,2,16,,0.0,-74.29,-15.73
候选：待抽听,朱龙庵,梧叶舞秋风,CD第3册\47\朱龙庵-梧叶舞秋风.wav,5.11,44100,2,16,,0.000264,-62.96,-18.96
候选：待抽听,朱龙庵,渔樵问答,CD第3册\47\朱龙庵-渔樵问答.wav,9.43,44100,2,16,,0.000143,-75.14,-13.21
候选：待抽听,朱龙庵,秋江夜泊,CD第3册\47\朱龙庵-秋江夜泊.wav,3.57,44100,2,16,,0.000402,-66.22,-20.32
候选：待抽听,朱龙庵,长门怨,CD第3册\47\朱龙庵-长门怨.wav,5.48,44100,2,16,,0.000297,-64.19,-22.26
候选：待抽听,朱龙庵,鸥鹭忘机1,CD第3册\47\朱龙庵-鸥鹭忘机1.wav,4.91,44100,2,16,,0.0,-49.26,-22.64
候选：待抽听,朱龙庵,鸥鹭忘机2,CD第3册\47\朱龙庵-鸥鹭忘机2.wav,5.44,44100,2,16,,0.000314,-69.07,-19.46
候选：待抽听,李传爱,潇湘水云,CD第4册\61\李传爱-潇湘水云.wav,11.6,44100,2,16,,0.0,-66.56,-17.81
候选：待抽听,李璠,平沙落雁1,CD第4册\57\李璠-平沙落雁1.wav,5.15,44100,2,16,,0.0,-42.3,-14.96
候选：待抽听,李璠,平沙落雁2,CD第4册\57\李璠-平沙落雁2.wav,6.98,44100,2,16,,0.0,-46.97,-9.53
候选：待抽听,李璠,潇湘水云,CD第4册\57\李璠-潇湘水云.wav,12.76,44100,2,16,,0.0,-48.1,-12.62
候选：待抽听,李璠,长门怨,CD第4册\57\李璠-长门怨.wav,6.05,44100,2,16,,0.0,-48.04,-12.14
候选：待抽听,李璠,高山2,CD第4册\57\李璠-高山2.wav,8.53,44100,2,16,,0.0,-49.36,-13.82
候选：待抽听,李璠,鸥鹭忘机,CD第4册\57\李璠-鸥鹭忘机.wav,6.3,44100,2,16,,0.0,-47.43,-11.25
候选：待抽听,杨新伦,乌夜啼,CD第2册\22\杨新伦-乌夜啼.wav,6.68,44100,2,16,,0.0,-49.6,-13.07
候选：待抽听,杨新伦,怀古,CD第2册\22\杨新伦-怀古.wav,3.24,44100,2,16,,0.000151,-52.94,-15.03
候选：待抽听,杨新伦,玉树临风,CD第2册\22\杨新伦-玉树临风.wav,3.53,44100,2,16,,0.000223,-45.56,-16.09
候选：待抽听,杨新伦,碧涧流泉,CD第2册\22\杨新伦-碧涧流泉.wav,4.03,44100,2,16,,0.000341,-56.88,-14.03
候选：待抽听,杨新伦,高山,CD第2册\22\杨新伦-高山.wav,7.19,44100,2,16,,0.0,-69.44,-20.01
候选：待抽听,杨葆元,伐檀,CD第2册\26\杨葆元-伐檀.wav,2.43,44100,2,16,,0.0,-47.8,-13.3
候选：待抽听,杨葆元,平沙落雁,CD第2册\26\杨葆元-平沙落雁.wav,7.45,44100,2,16,,0.0,-48.89,-18.11
候选：待抽听,杨葆元,归去来辞,CD第2册\26\杨葆元-归去来辞.wav,4.25,44100,2,16,,0.0,-56.19,-14.09
候选：待抽听,杨葆元,桃源春晓,CD第2册\27\杨葆元-桃源春晓.wav,7.57,44100,2,16,,0.0,-61.9,-10.12
候选：待抽听,杨葆元,梅花三弄,CD第2册\26\杨葆元-梅花三弄.wav,6.74,44100,2,16,,0.0,-50.89,-12.05
候选：待抽听,杨葆元,水仙操1,CD第2册\27\杨葆元-水仙操1.wav,9.45,44100,2,16,,0.0,-72.77,-22.85
候选：待抽听,杨葆元,渔樵问答,CD第2册\27\杨葆元-渔樵问答.wav,9.99,44100,2,16,,0.0,-71.53,-13.15
候选：待抽听,杨葆元,秋鸿,CD第2册\26\杨葆元-秋鸿.wav,20.95,44100,2,16,,0.0,-75.14,-12.42
候选：待抽听,杨葆元,鹿鸣操,CD第2册\26\杨葆元-鹿鸣操.wav,2.78,44100,2,16,,0.0,-55.22,-16.47
候选：待抽听,查阜西,关山月,CD第1册\CD11\查阜西-关山月.wav,3.24,44100,2,16,,0.000279,-42.38,-12.27
候选：待抽听,查阜西,凯歌,CD第1册\CD11\查阜西-凯歌.wav,5.61,44100,2,16,,0.000242,-53.75,-11.24
候选：待抽听,查阜西,大江东去,CD第1册\CD11\查阜西-大江东去.wav,5.15,44100,2,16,,1e-06,-40.32,-13.99
候选：待抽听,查阜西,忆故人,CD第1册\CD12\查阜西-忆故人.wav,6.38,44100,2,16,,0.000199,-41.57,-19.11
候选：待抽听,查阜西,梅花三弄,CD第1册\CD11\查阜西-梅花三弄.wav,9.68,44100,2,16,,9e-06,-53.38,-7.32
候选：待抽听,查阜西,洞庭秋思,CD第1册\CD11\查阜西-洞庭秋思.wav,3.79,44100,2,16,,0.0,-47.81,-15.67
候选：待抽听,查阜西,潇湘水云2,CD第1册\CD12\查阜西-潇湘水云2.wav,13.26,44100,2,16,,0.00036,-45.33,-18.58
候选：待抽听,查阜西,醉渔唱晚,CD第1册\CD12\查阜西-醉渔唱晚.wav,4.51,44100,2,16,,0.0,-51.9,-13.08
候选：待抽听,查阜西,长门怨,CD第1册\CD11\查阜西-长门怨.wav,5.01,44100,2,16,,0.0,-49.69,-15.15
候选：待抽听,查阜西,阳关三叠,CD第1册\CD12\查阜西-阳关三叠.wav,4.18,44100,2,16,,9.2e-05,-48.02,-15.09
候选：待抽听,查阜西,鸥鹭忘机,CD第1册\CD11\查阜西-鸥鹭忘机.wav,5.41,44100,2,16,,0.0,-52.07,-7.07
候选：待抽听,根如,平沙落雁,CD第1册\CD05\根如-平沙落雁.wav,4.2,44100,2,16,,7.1e-05,-42.98,-15.59
候选：待抽听,梁在平,梅花三弄-残,CD第3册\54\梁在平-梅花三弄-残.wav,6.77,44100,2,16,,0.0,-70.05,-20.11
候选：待抽听,毓邻初,风雷引,CD第4册\74\毓邻初-风雷引.wav,3.63,44100,2,16,,3.3e-05,-56.31,-11.98
候选：待抽听,汪孟舒,广寒秋,CD第1册\CD05\汪孟舒-广寒秋.wav,1.99,44100,2,16,,0.0,-57.25,-13.05
候选：待抽听,汪孟舒,清夜吟,CD第1册\CD05\汪孟舒-清夜吟.wav,2.78,44100,2,16,,0.0,-56.09,-20.3
候选：待抽听,汪振华,归去来辞,CD第4册\61\汪振华-归去来辞.wav,3.69,44100,2,16,,0.0,-57.47,-12.55
候选：待抽听,汪振华,渔樵问答1,CD第4册\61\汪振华-渔樵问答1.wav,6.14,44100,2,16,,0.0,-75.63,-13.49
候选：待抽听,汪振华,渔樵问答2,CD第4册\61\汪振华-渔樵问答2.wav,5.75,44100,2,16,,0.000413,-50.63,-12.28
候选：待抽听,沈草农,平沙落雁,CD第1册\CD08\沈草农-平沙落雁.wav,4.29,44100,2,16,,0.0,-67.77,-13.01
候选：待抽听,沈草农,渔樵问答,CD第1册\CD08\沈草农-渔樵问答.wav,8.64,44100,2,16,,0.0,-60.76,-19.85
候选：待抽听,沈草农,秋塞,CD第1册\CD08\沈草农-秋塞.wav,5.02,44100,2,16,,0.0,-61.0,-12.42
候选：待抽听,溥雪斋,普庵咒,CD第1册\CD08\溥雪斋-普庵咒.wav,7.2,44100,2,16,,0.0,-59.08,-19.22
候选：待抽听,溥雪斋,梅花三弄1,CD第1册\CD08\溥雪斋-梅花三弄1.wav,7.23,44100,2,16,,0.0,-46.38,-18.22
候选：待抽听,溥雪斋,梅花三弄2,CD第1册\CD08\溥雪斋-梅花三弄2.wav,7.24,44100,2,16,,0.0,-46.37,-16.4
候选：待抽听,溥雪斋,良宵引,CD第1册\CD08\溥雪斋-良宵引.wav,2.16,44100,2,16,,0.0,-43.25,-9.68
候选：待抽听,溥雪斋,鸥鹭忘机,CD第1册\CD08\溥雪斋-鸥鹭忘机.wav,4.1,44100,2,16,,0.0,-52.54,-14.58
候选：待抽听,王生香,中秋月,CD第2册\34\王生香-中秋月.wav,3.48,44100,2,16,,0.0,-46.58,-8.29
候选：待抽听,王生香,古交行,CD第2册\34\王生香-古交行.wav,8.87,44100,2,16,,0.0,-44.02,-15.32
候选：待抽听,王生香,平沙落雁,CD第2册\34\王生香-平沙落雁.wav,5.15,44100,2,16,,9.4e-05,-55.36,-14.47
候选：待抽听,王生香,长门怨,CD第2册\34\王生香-长门怨.wav,4.1,44100,2,16,,6.6e-05,-48.37,-16.37
候选：待抽听,程午嘉,关山月,CD第2册\34\程午嘉-关山月.wav,3.21,44100,2,16,,0.0,-57.74,-14.27
候选：待抽听,程午嘉,平沙落雁,CD第2册\34\程午嘉-平沙落雁.wav,4.79,44100,2,16,,0.0,-59.11,-12.65
候选：待抽听,程午嘉,玉楼春晓,CD第2册\34\程午嘉-玉楼春晓.wav,2.01,44100,2,16,,0.0,-62.68,-11.78
候选：待抽听,程午嘉,秋江夜泊,CD第2册\34\程午嘉-秋江夜泊.wav,2.99,44100,2,16,,0.0,-55.67,-10.18
候选：待抽听,程午嘉,长门怨,CD第2册\34\程午嘉-长门怨.wav,4.26,44100,2,16,,0.0,-61.47,-12.85
候选：待抽听,程午嘉,风雷引,CD第2册\34\程午嘉-风雷引.wav,3.4,44100,2,16,,0.0,-67.37,-10.44
候选：待抽听,章志荪,客窗夜话,CD第1册\CD05\章志荪-客窗夜话.wav,5.51,44100,2,16,,1.2e-05,-55.64,-8.15
候选：待抽听,管平湖,乌夜啼,CD第1册\CD19\管平湖-乌夜啼.wav,8.53,44100,2,16,,0.0,-58.99,-16.29
候选：待抽听,管平湖,关山月,CD第1册\CD14\管平湖-关山月.wav,2.73,44100,2,16,,0.0,-61.58,-15.96
候选：待抽听,管平湖,四大景,CD第1册\CD19\管平湖-四大景.wav,4.03,44100,2,16,,0.0,-45.05,-12.29
候选：待抽听,管平湖,回忆,CD第1册\CD16\管平湖-回忆.wav,1.97,44100,2,16,,0.000244,-41.46,-10.66
候选：待抽听,管平湖,大胡笳,CD第1册\CD14\管平湖-大胡笳.wav,12.29,44100,2,16,,0.0,-62.15,-12.78
候选：待抽听,管平湖,天风环珮1,CD第1册\CD19\管平湖-天风环珮1.wav,2.31,44100,2,16,,0.0,-74.64,-22.68
候选：待抽听,管平湖,平沙落雁2,CD第1册\CD18\管平湖-平沙落雁2.wav,6.75,44100,2,16,,0.0,-47.35,-28.32
候选：待抽听,管平湖,幽兰2,CD第1册\CD19\管平湖-幽兰2.wav,10.52,44100,2,16,,0.0,-52.4,-17.65
候选：待抽听,管平湖,幽兰3,CD第1册\CD19\管平湖-幽兰3.wav,11.55,44100,2,16,,6.4e-05,-42.62,-17.93
候选：待抽听,管平湖,广陵散1,CD第1册\CD15\管平湖-广陵散1.wav,22.58,44100,2,16,,0.0,-46.96,-18.8
候选：待抽听,管平湖,广陵散2,CD第1册\CD15\管平湖-广陵散2.wav,22.42,44100,2,16,,0.0,-64.36,-27.57
候选：待抽听,管平湖,广陵散3,CD第1册\CD15\管平湖-广陵散3.wav,22.5,44100,2,16,,0.000688,-41.23,-11.83
候选：待抽听,管平湖,春晓吟,CD第1册\CD14\管平湖-春晓吟.wav,3.38,44100,2,16,,0.000283,-49.1,-14.79
候选：待抽听,管平湖,欸乃,CD第1册\CD14\管平湖-欸乃.wav,12.53,44100,2,16,,0.0,-47.1,-15.7
候选：待抽听,管平湖,水仙操1,CD第1册\CD18\管平湖-水仙操1.wav,9.41,44100,2,16,,4.7e-05,-46.18,-15.74
候选：待抽听,管平湖,水仙操2,CD第1册\CD18\管平湖-水仙操2.wav,10.35,44100,2,16,,8.1e-05,-46.0,-21.45
候选：待抽听,管平湖,流水1,CD第1册\CD17\管平湖-流水1.wav,7.61,44100,2,16,,0.000283,-43.82,-19.72
候选：待抽听,管平湖,流水2,CD第1册\CD17\管平湖-流水2.wav,7.32,44100,2,16,,2.4e-05,-54.25,-16.82
候选：待抽听,管平湖,流水3,CD第1册\CD17\管平湖-流水3.wav,7.47,44100,2,16,,0.0,-47.27,-16.31
候选：待抽听,管平湖,流水4,CD第1册\CD17\管平湖-流水4.wav,7.7,44100,2,16,,0.000121,-50.49,-20.08
候选：待抽听,管平湖,白雪1,CD第1册\CD14\管平湖-白雪1.wav,5.08,44100,2,16,,0.0,-52.36,-11.09
候选：待抽听,管平湖,离骚1,CD第1册\CD16\管平湖-离骚1.wav,10.83,44100,2,16,,9e-06,-155.63,-155.63
候选：待抽听,管平湖,离骚2,CD第1册\CD16\管平湖-离骚2.wav,10.31,44100,2,16,,0.0,-45.22,-12.76
候选：待抽听,管平湖,胡笳十八拍,CD第1册\CD16\管平湖-胡笳十八拍.wav,19.82,44100,2,16,,0.0,-47.87,-20.1
候选：待抽听,管平湖,胡笳十八拍-残,CD第1册\CD16\管平湖-胡笳十八拍-残.wav,2.68,44100,2,16,,8.6e-05,-44.43,-12.49
候选：待抽听,管平湖,良宵引,CD第1册\CD17\管平湖-良宵引.wav,3.11,44100,2,16,,0.0,-56.53,-21.6
候选：待抽听,管平湖,获麟1,CD第1册\CD16\管平湖-获麟1.wav,4.14,44100,2,16,,0.0,-42.21,-10.13
候选：待抽听,管平湖,获麟2,CD第1册\CD16\管平湖-获麟2.wav,4.24,44100,2,16,,0.0,-53.62,-12.11
候选：待抽听,管平湖,获麟3,CD第1册\CD16\管平湖-获麟3.wav,4.64,44100,2,16,,6.3e-05,-44.94,-10.87
候选：待抽听,管平湖,长清,CD第1册\CD14\管平湖-长清.wav,6.75,44100,2,16,,0.0,-71.4,-16.65
候选：待抽听,管平湖,长门怨,CD第1册\CD14\管平湖-长门怨.wav,5.77,44100,2,16,,0.000223,-43.71,-17.53
候选：待抽听,管平湖,阳关三叠,CD第1册\CD19\管平湖-阳关三叠.wav,3.79,44100,2,16,,0.000683,-47.07,-14.51
候选：待抽听,管平湖,阳春,CD第1册\CD19\管平湖-阳春.wav,5.49,44100,2,16,,6.7e-05,-45.82,-8.84
候选：待抽听,管平湖,风雷引,CD第1册\CD14\管平湖-风雷引.wav,3.86,44100,2,16,,0.0,-49.51,-15.68
候选：待抽听,管平湖,鸥鹭忘机,CD第1册\CD17\管平湖-鸥鹭忘机.wav,5.11,44100,2,16,,0.0,-67.53,-24.85
候选：待抽听,翁瘦苍,平沙落雁,CD第4册\61\翁瘦苍-平沙落雁.wav,6.12,44100,2,16,,0.0,-44.58,-19.95
候选：待抽听,翁瘦苍,高山,CD第4册\61\翁瘦苍-高山.wav,8.93,44100,2,16,,0.0,-40.66,-23.46
候选：待抽听,胡兰,普庵咒,CD第3册\55\胡兰-普庵咒.wav,11.13,44100,2,16,,0.0,-50.28,-17.48
候选：待抽听,胡斗东,平沙落雁-残,CD第3册\54\胡斗东-平沙落雁-残.wav,4.69,44100,2,16,,0.0,-49.07,-21.59
候选：待抽听,胡莹堂,忆故人,CD第1册\CD13\胡莹堂-忆故人.wav,6.5,44100,2,16,,0.000575,-50.27,-20.96
候选：待抽听,胡莹堂,渔歌,CD第1册\CD10\胡莹堂-渔歌.wav,15.58,44100,2,16,,0.0,-54.61,-15.62
候选：待抽听,胡莹堂,醉渔唱晚,CD第1册\CD13\胡莹堂-醉渔唱晚.wav,3.45,44100,2,16,,0.000152,-51.41,-16.47
候选：待抽听,胡莹堂,长门怨,CD第1册\CD13\胡莹堂-长门怨.wav,5.42,44100,2,16,,0.000307,-49.88,-16.92
候选：待抽听,莫尚德,忆故人,CD第3册\56\莫尚德-忆故人.wav,5.67,44100,2,16,,0.0,-59.97,-14.6
候选：待抽听,蔡德允,古琴吟,CD第3册\42\蔡德允-古琴吟.wav,1.07,44100,2,16,,0.0,-46.48,-10.5
候选：待抽听,蔡德允,平沙落雁1,CD第3册\42\蔡德允-平沙落雁1.wav,3.85,44100,2,16,,0.0,-45.38,-16.38
候选：待抽听,蔡德允,平沙落雁2,CD第3册\42\蔡德允-平沙落雁2.wav,5.82,44100,2,16,,0.0,-52.48,-20.53
候选：待抽听,蔡德允,忆故人,CD第3册\43\蔡德允-忆故人.wav,5.57,44100,2,16,,0.0,-45.81,-12.91
候选：待抽听,蔡德允,慨古吟,CD第3册\42\蔡德允-慨古吟.wav,2.21,44100,2,16,,0.0,-49.24,-9.69
候选：待抽听,蔡德允,梅花三弄,CD第3册\42\蔡德允-梅花三弄.wav,8.13,44100,2,16,,0.0,-53.07,-13.05
候选：待抽听,蔡德允,梧叶舞秋风,CD第3册\43\蔡德允-梧叶舞秋风.wav,3.7,44100,2,16,,0.0,-52.25,-16.01
候选：待抽听,蔡德允,水仙操,CD第3册\42\蔡德允-水仙操.wav,6.26,44100,2,16,,0.0,-49.75,-17.37
候选：待抽听,蔡德允,渔樵问答,CD第3册\43\蔡德允-渔樵问答.wav,8.36,44100,2,16,,0.0,-51.69,-18.08
候选：待抽听,蔡德允,潇湘水云1,CD第3册\43\蔡德允-潇湘水云1.wav,10.1,44100,2,16,,0.0,-74.15,-22.4
候选：待抽听,蔡德允,潇湘水云2,CD第3册\43\蔡德允-潇湘水云2.wav,10.08,44100,2,16,,0.0,-50.76,-13.82
候选：待抽听,蔡德允,玉楼春晓,CD第3册\43\蔡德允-玉楼春晓.wav,1.99,44100,2,16,,0.0,-52.84,-13.59
候选：待抽听,蔡德允,精忠词,CD第3册\42\蔡德允-精忠词.wav,1.12,44100,2,16,,0.0,-56.32,-8.7
候选：待抽听,蔡德允,胡笳十八拍,CD第3册\42\蔡德允-胡笳十八拍.wav,11.77,44100,2,16,,0.0,-49.6,-12.29
候选：待抽听,蔡德允,良宵引,CD第3册\42\蔡德允-良宵引.wav,2.53,44100,2,16,,0.0,-46.43,-10.81
候选：待抽听,蔡德允,醉渔唱晚2,CD第3册\43\蔡德允-醉渔唱晚2.wav,3.23,44100,2,16,,0.0,-54.74,-8.63
候选：待抽听,蔡德允,长门怨,CD第3册\42\蔡德允-长门怨.wav,3.97,44100,2,16,,0.0,-41.38,-17.23
候选：待抽听,蔡德允,阳关三叠,CD第3册\43\蔡德允-阳关三叠.wav,3.49,44100,2,16,,0.0,-47.1,-14.17
候选：待抽听,蔡德允,阳春,CD第3册\43\蔡德允-阳春.wav,7.82,44100,2,16,,0.0,-46.33,-9.67
候选：待抽听,蔡德允,龙翔操,CD第3册\42\蔡德允-龙翔操.wav,4.29,44100,2,16,,0.0,-53.81,-16.34
候选：待抽听,詹澄秋,听泉吟2,CD第1册\CD07\詹澄秋-听泉吟2.wav,1.5,44100,2,16,,0.0,-47.1,-13.58
候选：待抽听,詹澄秋,平沙落雁1,CD第1册\CD07\詹澄秋-平沙落雁1.wav,3.87,44100,2,16,,0.00018,-53.38,-13.78
候选：待抽听,詹澄秋,平沙落雁2,CD第1册\CD07\詹澄秋-平沙落雁2.wav,4.5,44100,2,16,,0.000171,-54.95,-20.07
候选：待抽听,詹澄秋,归去来辞,CD第1册\CD06\詹澄秋-归去来辞.wav,3.37,44100,2,16,,7e-05,-54.14,-11.76
候选：待抽听,詹澄秋,捣衣,CD第1册\CD06\詹澄秋-捣衣.wav,7.16,44100,2,16,,0.0003,-53.12,-8.23
候选：待抽听,詹澄秋,流水,CD第1册\CD06\詹澄秋-流水.wav,3.15,44100,2,16,,4e-05,-53.87,-9.01
候选：待抽听,詹澄秋,渔樵问答,CD第1册\CD07\詹澄秋-渔樵问答.wav,4.13,44100,2,16,,3.2e-05,-53.87,-8.42
候选：待抽听,詹澄秋,潇湘水云,CD第1册\CD07\詹澄秋-潇湘水云.wav,6.97,44100,2,16,,0.000175,-55.46,-8.95
候选：待抽听,詹澄秋,石上流泉,CD第1册\CD07\詹澄秋-石上流泉.wav,3.24,44100,2,16,,0.000255,-47.37,-9.42
候选：待抽听,詹澄秋,秋江夜泊,CD第1册\CD07\詹澄秋-秋江夜泊.wav,2.33,44100,2,16,,9.1e-05,-50.54,-12.36
候选：待抽听,詹澄秋,高山1,CD第1册\CD06\詹澄秋-高山1.wav,5.73,44100,2,16,,1.3e-05,-53.08,-8.69
候选：待抽听,詹澄秋,高山2,CD第1册\CD06\詹澄秋-高山2.wav,4.91,44100,2,16,,0.000428,-55.64,-7.14
候选：待抽听,詹澄秋,鹤舞洞天,CD第1册\CD06\詹澄秋-鹤舞洞天.wav,3.31,44100,2,16,,0.000412,-51.19,-9.65
候选：待抽听,许光毅,关山月,CD第3册\55\许光毅-关山月.wav,1.41,44100,2,16,,0.0,-51.8,-10.6
候选：待抽听,许光毅,凤求凰,CD第3册\55\许光毅-凤求凰.wav,1.28,44100,2,16,,0.0,-66.05,-22.14
候选：待抽听,许光毅,古琴吟,CD第3册\55\许光毅-古琴吟.wav,1.42,44100,2,16,,9e-06,-62.53,-15.72
候选：待抽听,许光毅,平沙落雁,CD第3册\55\许光毅-平沙落雁.wav,5.69,44100,2,16,,0.0,-45.36,-20.34
候选：待抽听,许光毅,梅花三弄1,CD第3册\55\许光毅-梅花三弄1.wav,6.95,44100,2,16,,0.0,-76.85,-14.98
候选：待抽听,许光毅,梅花三弄2,CD第3册\55\许光毅-梅花三弄2.wav,7.69,44100,2,16,,0.0,-72.01,-13.96
候选：待抽听,许光毅,醉渔唱晚,CD第3册\55\许光毅-醉渔唱晚.wav,4.46,44100,2,16,,0.0,-55.06,-20.3
候选：待抽听,许光毅,阳关三叠,CD第3册\55\许光毅-阳关三叠.wav,4.54,44100,2,16,,0.0,-57.84,-16.01
候选：待抽听,邵元复,关山月,CD第4册\70\邵元复-关山月.wav,1.74,44100,2,16,,0.0,-69.4,-8.11
候选：待抽听,邵元复,平沙落雁,CD第4册\70\邵元复-平沙落雁.wav,5.48,44100,2,16,,0.0,-69.13,-13.33
候选：待抽听,邵元复,忆故人,CD第4册\71\邵元复-忆故人.wav,6.94,44100,2,16,,0.0,-60.37,-14.77
候选：待抽听,邵元复,极乐吟,CD第4册\70\邵元复-极乐吟.wav,1.31,44100,2,16,,0.0,-53.79,-11.22
候选：待抽听,邵元复,渔樵问答,CD第4册\71\邵元复-渔樵问答.wav,9.13,44100,2,16,,0.0,-64.67,-13.3
候选：待抽听,邵元复,潇湘水云,CD第4册\71\邵元复-潇湘水云.wav,7.93,44100,2,16,,0.0,-63.78,-11.2
候选：待抽听,邵元复,玉楼春晓,CD第4册\71\邵元复-玉楼春晓.wav,1.4,44100,2,16,,0.000303,-45.75,-7.55
候选：待抽听,邵元复,秋江夜泊,CD第4册\71\邵元复-秋江夜泊.wav,3.1,44100,2,16,,0.0,-73.91,-9.46
候选：待抽听,邵元复,秋风词,CD第4册\71\邵元复-秋风词.wav,1.86,44100,2,16,,0.0,-50.17,-8.98
候选：待抽听,邵元复,长门怨,CD第4册\70\邵元复-长门怨.wav,4.06,44100,2,16,,0.0,-68.44,-13.76
候选：待抽听,邵元复,阳关三叠,CD第4册\71\邵元复-阳关三叠.wav,3.75,44100,2,16,,0.0,-66.62,-9.11
候选：待抽听,邵元复,风雷引,CD第4册\70\邵元复-风雷引.wav,3.33,44100,2,16,,0.0,-73.13,-8.04
候选：待抽听,郑颖孙,长门怨,CD第1册\CD10\郑颖孙-长门怨.wav,5.23,44100,2,16,,0.0,-61.74,-13.02
候选：待抽听,郭同甫,平沙落雁,CD第1册\CD04\郭同甫-平沙落雁.wav,5.71,44100,2,16,,2.6e-05,-42.54,-12.53
候选：待抽听,金致淇,鹿鸣操,CD第1册\CD13\金致淇-鹿鸣操.wav,3.98,44100,2,16,,0.0,-40.83,-8.41
候选：待抽听,陈天乐,四大景,CD第4册\62\陈天乐-四大景.wav,6.4,44100,2,16,,1e-06,-58.3,-16.31
候选：待抽听,陈心园,平沙落雁,CD第3册\48\陈心园-平沙落雁.wav,4.86,44100,2,16,,0.0,-62.6,-12.78
候选：待抽听,陈心园,搔首问天,CD第3册\48\陈心园-搔首问天.wav,4.88,44100,2,16,,0.0,-51.68,-11.57
候选：待抽听,陈心园,玉楼春晓,CD第3册\48\陈心园-玉楼春晓.wav,1.77,44100,2,16,,0.0,-76.33,-9.1
候选：待抽听,陈心园,秋江夜泊,CD第3册\48\陈心园-秋江夜泊.wav,2.38,44100,2,16,,0.0,-56.96,-8.49
候选：待抽听,陈心园,长门怨,CD第3册\48\陈心园-长门怨.wav,3.92,44100,2,16,,0.0,-59.17,-13.74
候选：待抽听,陈维斌,普庵咒,CD第1册\CD05\陈维斌-普庵咒.wav,10.44,44100,2,16,,0.000489,-48.74,-17.13
候选：待抽听,陈蕾士,乌夜啼,CD第4册\61\陈蕾士-乌夜啼.wav,8.21,44100,2,16,,3e-06,-54.16,-19.47
候选：待抽听,陈阅聪,归去来辞,CD第4册\62\陈阅聪-归去来辞.wav,4.7,44100,2,16,,0.0,-45.11,-10.63
候选：待抽听,陈阅聪,长门怨,CD第4册\62\陈阅聪-长门怨.wav,5.23,44100,2,16,,0.0,-47.39,-20.76
候选：待抽听,陈阅聪,阳关三叠,CD第4册\62\陈阅聪-阳关三叠.wav,4.3,44100,2,16,,0.0,-40.82,-15.61
候选：待抽听,顾梅羹,关山月,CD第2册\23\顾梅羹-关山月.wav,2.84,44100,2,16,,1e-06,-49.32,-10.97
候选：待抽听,顾梅羹,墨子悲丝,CD第2册\24\顾梅羹-墨子悲丝.wav,9.67,44100,2,16,,2.5e-05,-54.85,-21.68
候选：待抽听,顾梅羹,孔子读易1,CD第2册\23\顾梅羹-孔子读易1.wav,5.4,44100,2,16,,9.2e-05,-59.68,-17.72
候选：待抽听,顾梅羹,孔子读易2,CD第2册\23\顾梅羹-孔子读易2.wav,5.63,44100,2,16,,0.0,-56.06,-8.53
候选：待抽听,顾梅羹,平沙落雁1,CD第2册\24\顾梅羹-平沙落雁1.wav,6.74,44100,2,16,,3.8e-05,-52.53,-19.51
候选：待抽听,顾梅羹,平沙落雁3,CD第2册\24\顾梅羹-平沙落雁3.wav,6.09,44100,2,16,,0.0,-55.84,-13.29
候选：待抽听,顾梅羹,忆故人1,CD第2册\25\顾梅羹-忆故人1.wav,6.94,44100,2,16,,0.000172,-61.12,-17.97
候选：待抽听,顾梅羹,忆故人2,CD第2册\25\顾梅羹-忆故人2.wav,6.89,44100,2,16,,0.0,-56.1,-13.77
候选：待抽听,顾梅羹,普庵咒,CD第2册\24\顾梅羹-普庵咒.wav,7.27,44100,2,16,,6.9e-05,-54.44,-23.86
候选：待抽听,顾梅羹,梅花三弄2,CD第2册\24\顾梅羹-梅花三弄2.wav,7.91,44100,2,16,,0.0,-53.07,-9.08
候选：待抽听,顾梅羹,流水1,CD第2册\23\顾梅羹-流水1.wav,7.1,44100,2,16,,0.0,-67.82,-13.56
候选：待抽听,顾梅羹,流水2,CD第2册\23\顾梅羹-流水2.wav,7.27,44100,2,16,,0.0,-51.25,-13.83
候选：待抽听,顾梅羹,流水3,CD第2册\23\顾梅羹-流水3.wav,7.2,44100,2,16,,0.000128,-49.88,-13.15
候选：待抽听,顾梅羹,潇湘水云,CD第2册\25\顾梅羹-潇湘水云.wav,9.52,44100,2,16,,0.00029,-53.39,-19.08
候选：待抽听,顾梅羹,醉渔唱晚1,CD第2册\25\顾梅羹-醉渔唱晚1.wav,5.27,44100,2,16,,3.1e-05,-68.39,-19.06
候选：待抽听,顾梅羹,醉渔唱晚2,CD第2册\25\顾梅羹-醉渔唱晚2.wav,5.21,44100,2,16,,0.00028,-46.4,-15.03
候选：待抽听,顾梅羹,醉渔唱晚3,CD第2册\25\顾梅羹-醉渔唱晚3.wav,5.39,44100,2,16,,0.0,-54.63,-12.08
候选：待抽听,顾梅羹,长侧,CD第2册\23\顾梅羹-长侧.wav,6.82,44100,2,16,,0.00016,-57.7,-18.55
候选：待抽听,马景洛,凤鸣朝阳,CD第1册\CD01\马景洛-凤鸣朝阳.wav,4.01,44100,2,16,,0.0,-54.84,-14.25
候选：待抽听,马景洛,双鹤听泉,CD第1册\CD01\马景洛-双鹤听泉.wav,2.23,44100,2,16,,0.0,-55.82,-17.85
候选：待抽听,马景洛,客窗夜话,CD第1册\CD01\马景洛-客窗夜话.wav,5.27,44100,2,16,,0.0,-56.4,-12.8
候选：待抽听,马景洛,梧叶舞秋风,CD第1册\CD01\马景洛-梧叶舞秋风.wav,3.71,44100,2,16,,0.0,-54.15,-18.35
候选：待抽听,马景洛,渔樵问答,CD第1册\CD01\马景洛-渔樵问答.wav,5.06,44100,2,16,,0.0,-51.14,-19.09
候选：待抽听,马景洛,风云际会,CD第1册\CD01\马景洛-风云际会.wav,6.18,44100,2,16,,0.0,-57.25,-17.47
候选：待抽听,高仲钧,广寒游,CD第4册\64\高仲钧-广寒游.wav,4.08,44100,2,16,,0.0,-60.07,-14.2
候选：待抽听,高松如,平沙落雁,CD第2册\32\高松如-平沙落雁.wav,4.53,44100,2,16,,0.000407,-57.41,-12.41
候选：待抽听,高松如,渔樵问答,CD第2册\32\高松如-渔樵问答.wav,4.41,44100,2,16,,6e-05,-60.56,-13.13
候选：待抽听,高松如,秋江夜泊,CD第2册\32\高松如-秋江夜泊.wav,2.5,44100,2,16,,0.0,-46.44,-7.34
候选：待抽听,黄雪辉,忆故人,CD第2册\22\黄雪辉-忆故人.wav,5.95,44100,2,16,,0.0,-68.87,-18.35
候选：待抽听,黄雪辉,白雪,CD第2册\22\黄雪辉-白雪.wav,5.63,44100,2,16,,0.0,-66.69,-13.72
候选：待抽听,黄雪辉,秋江夜泊,CD第2册\22\黄雪辉-秋江夜泊.wav,3.16,44100,2,16,,0.0,-67.2,-13.96
候选：待抽听,龙琴舫,捣衣,CD第1册\CD05\龙琴舫-捣衣.wav,6.64,44100,2,16,,0.0,-59.11,-15.15
候选：待抽听,龙琴舫,观音咒,CD第1册\CD05\龙琴舫-观音咒.wav,2.4,44100,2,16,,0.0,-62.31,-10.0
候选：建议优先复听,Hsuh LuYuan,四大景,CD第1册\CD01\Hsuh LuYuan-四大景.wav,0.86,44100,2,16,抽样削波>0.1%；不足1分钟,0.002098,-56.63,-12.41
候选：建议优先复听,乐瑛,阳关三叠,CD第3册\41\乐瑛-阳关三叠.wav,3.13,44100,2,16,安静处底声相对偏高,0.0,-65.25,-6.76
候选：建议优先复听,关仲航,平沙落雁,CD第2册\32\关仲航-平沙落雁.wav,5.55,44100,2,16,抽样削波>0.1%,0.001369,-56.23,-19.99
候选：建议优先复听,关仲航,潇湘水云,CD第2册\32\关仲航-潇湘水云.wav,9.24,44100,2,16,抽样削波>0.1%,0.010213,-52.39,-18.06
候选：建议优先复听,刘少椿,山居吟,CD第2册\33\刘少椿-山居吟.wav,3.57,44100,2,16,安静处高频偏强,0.0,-37.51,-19.27
候选：建议优先复听,刘少椿,酒狂,CD第2册\33\刘少椿-酒狂.wav,2.58,44100,2,16,安静处高频偏强,0.0,-27.07,-12.54
候选：建议优先复听,刘景韶,平沙落雁2,CD第2册\35\刘景韶-平沙落雁2.wav,5.38,44100,2,16,安静处高频偏强,0.0,-37.48,-13.98
候选：建议优先复听,刘景韶,长门怨2,CD第2册\35\刘景韶-长门怨2.wav,4.61,44100,2,16,安静处高频偏强,0.0,-38.28,-13.65
候选：建议优先复听,刘毅志,归去来辞,CD第4册\70\刘毅志-归去来辞.wav,3.74,44100,2,16,抽样削波>0.1%,0.00131,-42.47,-10.05
候选：建议优先复听,北京古琴研究会,古琴历史录音,CD第4册\74\北京古琴研究会-古琴历史录音.wav,29.31,44100,2,16,安静处高频偏强,0.0,-28.78,-14.7
候选：建议优先复听,卢家炳,平沙落雁1,CD第1册\CD03\卢家炳-平沙落雁1.wav,4.59,44100,2,16,安静处高频偏强,0.0,-39.86,-9.56
候选：建议优先复听,卫仲乐,醉渔唱晚2,CD第3册\49\卫仲乐-醉渔唱晚2.wav,3.3,44100,2,16,安静处高频偏强,0.0,-30.56,-17.49
候选：建议优先复听,卫仲乐,阳关三叠2,CD第3册\49\卫仲乐-阳关三叠2.wav,3.73,44100,2,16,安静处高频偏强,0.0,-29.31,-13.1
候选：建议优先复听,吴兆奇,阳春,CD第4册\64\吴兆奇-阳春.wav,9.96,44100,2,16,安静处高频偏强,2e-06,-37.86,-11.74
候选：建议优先复听,吴振平,梅花三弄-残,CD第3册\46\吴振平-梅花三弄-残.wav,2.05,44100,2,16,抽样削波>0.1%；安静处高频偏强,0.002035,-39.33,-7.37
候选：建议优先复听,吴景略,梧叶舞秋风,CD第3册\45\吴景略-梧叶舞秋风.wav,3.44,44100,2,16,安静处高频偏强,0.0,-23.1,-12.57
候选：建议优先复听,喻绍泽,佩兰2,CD第2册\37\喻绍泽-佩兰2.wav,8.41,44100,2,16,安静处高频偏强,0.0,-37.0,-15.52
候选：建议优先复听,喻绍泽,平沙落雁,CD第2册\37\喻绍泽-平沙落雁.wav,5.0,44100,2,16,安静处高频偏强,0.0,-37.03,-13.28
候选：建议优先复听,喻绍泽,胡笳十八拍,CD第2册\36\喻绍泽-胡笳十八拍.wav,12.6,44100,2,16,安静处高频偏强,0.0,-32.42,-11.64
候选：建议优先复听,喻绍泽,跃进歌声1,CD第2册\38\喻绍泽-跃进歌声1.wav,4.82,44100,2,16,安静处高频偏强,6e-06,-35.1,-11.24
候选：建议优先复听,喻绍泽,酒狂,CD第2册\36\喻绍泽-酒狂.wav,1.94,44100,2,16,安静处高频偏强,0.0,-39.45,-7.17
候选：建议优先复听,夏一峰,平沙落雁,CD第1册\CD02\夏一峰-平沙落雁.wav,7.59,44100,2,16,抽样削波>0.1%,0.008348,-48.24,-19.54
候选：建议优先复听,夏一峰,渔歌,CD第1册\CD02\夏一峰-渔歌.wav,13.48,44100,2,16,抽样削波>0.1%,0.020942,-49.86,-17.62
候选：建议优先复听,夏一峰,秋塞吟,CD第1册\CD02\夏一峰-秋塞吟.wav,8.23,44100,2,16,抽样削波>0.1%,0.017445,-46.83,-13.74
候选：建议优先复听,夏一峰,阳关三叠,CD第1册\CD02\夏一峰-阳关三叠.wav,3.54,44100,2,16,抽样削波>0.1%,0.002553,-44.03,-10.78
候选：建议优先复听,夏一峰,风雷引,CD第1册\CD02\夏一峰-风雷引.wav,4.01,44100,2,16,抽样削波>0.1%,0.002206,-43.92,-10.94
候选：建议优先复听,夏莲居,春山听杜鹃,CD第1册\CD04\夏莲居-春山听杜鹃.wav,5.09,44100,2,16,安静处高频偏强,5.7e-05,-31.36,-10.31
候选：建议优先复听,夏莲居,秋江夜泊,CD第1册\CD04\夏莲居-秋江夜泊.wav,2.37,44100,2,16,安静处高频偏强,0.000443,-39.4,-11.43
候选：建议优先复听,夏莲居,长安一片月,CD第1册\CD04\夏莲居-长安一片月.wav,7.61,44100,2,16,安静处高频偏强,2.6e-05,-33.29,-8.14
候选：建议优先复听,姚丙炎,乌夜啼1,CD第4册\68\姚丙炎-乌夜啼1.wav,8.09,44100,2,16,安静处高频偏强,6.9e-05,-34.46,-11.83
候选：建议优先复听,姚丙炎,乌夜啼2,CD第4册\68\姚丙炎-乌夜啼2.wav,8.87,44100,2,16,安静处高频偏强,0.0,-29.53,-8.95
候选：建议优先复听,姚丙炎,华胥引2,CD第4册\67\姚丙炎-华胥引2.wav,2.34,44100,2,16,安静处高频偏强；安静处底声相对偏高,0.000155,-39.83,-5.25
候选：建议优先复听,姚丙炎,古风操,CD第4册\66\姚丙炎-古风操.wav,3.87,44100,2,16,安静处底声相对偏高,0.0,-40.51,-6.75
候选：建议优先复听,姚丙炎,忆故人-残,CD第4册\69\姚丙炎-忆故人-残.wav,6.19,44100,2,16,安静处高频偏强,0.0,-37.26,-8.7
候选：建议优先复听,姚丙炎,忘忧2,CD第4册\68\姚丙炎-忘忧2.wav,2.29,44100,2,16,安静处高频偏强；安静处底声相对偏高,0.0,-36.3,-6.93
候选：建议优先复听,姚丙炎,潇湘水云2,CD第4册\69\姚丙炎-潇湘水云2.wav,8.65,44100,2,16,安静处高频偏强,0.0,-37.21,-15.21
候选：建议优先复听,姚丙炎,胡笳十八拍2,CD第4册\67\姚丙炎-胡笳十八拍2.wav,15.53,44100,2,16,安静处高频偏强,0.0,-28.82,-12.5
候选：建议优先复听,姚丙炎,酒狂1,CD第4册\67\姚丙炎-酒狂1.wav,2.27,44100,2,16,安静处高频偏强；安静处底声相对偏高,0.0,-33.17,-5.97
候选：建议优先复听,姚丙炎,阳春,CD第4册\69\姚丙炎-阳春.wav,7.0,44100,2,16,安静处高频偏强,0.0,-32.33,-14.03
候选：建议优先复听,孙毓芹,凤求凰,CD第4册\59\孙毓芹-凤求凰.wav,1.3,44100,2,16,安静处底声相对偏高,0.0,-55.57,-6.53
候选：建议优先复听,孙毓芹,太古引,CD第4册\59\孙毓芹-太古引.wav,2.14,44100,2,16,安静处底声相对偏高,0.0,-63.28,-5.87
候选：建议优先复听,孙毓芹,归去来辞,CD第4册\59\孙毓芹-归去来辞.wav,3.43,44100,2,16,安静处底声相对偏高,0.0,-63.66,-5.5
候选：建议优先复听,孙毓芹,玉楼春晓1,CD第4册\60\孙毓芹-玉楼春晓1.wav,1.55,44100,2,16,安静处高频偏强,0.0,-39.02,-15.52
候选：建议优先复听,张子谦,天风环珮2,CD第2册\30\张子谦-天风环珮2.wav,2.5,44100,2,16,安静处高频偏强,0.0,-36.33,-14.09
候选：建议优先复听,张子谦,平沙落雁,CD第2册\29\张子谦-平沙落雁.wav,5.96,44100,2,16,安静处高频偏强；安静处底声相对偏高,0.0,-37.56,-5.5
候选：建议优先复听,张子谦,良宵引1,CD第2册\28\张子谦-良宵引1.wav,1.7,44100,2,16,安静处高频偏强,0.000207,-33.1,-7.37
候选：建议优先复听,张子谦,酒狂1,CD第2册\28\张子谦-酒狂1.wav,2.2,44100,2,16,安静处高频偏强,0.000288,-34.19,-8.18
候选：建议优先复听,张子谦,长清2,CD第2册\28\张子谦-长清2.wav,6.32,44100,2,16,安静处高频偏强,0.0,-35.6,-7.14
候选：建议优先复听,张子谦,龙翔操2,CD第2册\28\张子谦-龙翔操2.wav,4.43,44100,2,16,安静处高频偏强,7.1e-05,-32.81,-10.31
候选：建议优先复听,张子谦,龙翔操4,CD第2册\28\张子谦-龙翔操4.wav,5.55,44100,2,16,安静处高频偏强,0.0,-38.82,-18.74
候选：建议优先复听,徐元白,渔樵问答1-残,CD第1册\CD10\徐元白-渔樵问答1-残.wav,4.98,44100,2,16,安静处高频偏强,8e-06,-39.96,-13.23
候选：建议优先复听,徐立孙,搔首问天2,CD第2册\21\徐立孙-搔首问天2.wav,4.83,44100,2,16,安静处高频偏强,0.0,-39.08,-16.56
候选：建议优先复听,李璠,高山1,CD第4册\57\李璠-高山1.wav,6.82,44100,2,16,安静处高频偏强,0.0,-36.94,-13.69
候选：建议优先复听,杨新伦,渔樵问答,CD第2册\22\杨新伦-渔樵问答.wav,5.59,44100,2,16,安静处底声相对偏高,0.0,-53.37,-5.55
候选：建议优先复听,杨新伦,鸥鹭忘机,CD第2册\22\杨新伦-鸥鹭忘机.wav,3.1,44100,2,16,安静处高频偏强,0.0,-37.61,-17.96
候选：建议优先复听,杨清如,古寺钟声,CD第3册\56\杨清如-古寺钟声.wav,6.32,44100,2,16,安静处底声相对偏高,0.0,-69.5,-3.11
候选：建议优先复听,杨清如,平沙落雁,CD第3册\56\杨清如-平沙落雁.wav,3.95,44100,2,16,安静处底声相对偏高,0.0,-71.22,-2.28
候选：建议优先复听,杨清如,慨古吟,CD第3册\56\杨清如-慨古吟.wav,1.75,44100,2,16,安静处底声相对偏高,0.0,-68.94,-2.07
候选：建议优先复听,杨清如,醉渔唱晚,CD第3册\56\杨清如-醉渔唱晚.wav,3.37,44100,2,16,安静处底声相对偏高,0.0,-58.52,-2.36
候选：建议优先复听,杨清如,阳关三叠1,CD第3册\56\杨清如-阳关三叠1.wav,3.03,44100,2,16,安静处底声相对偏高,0.0,-65.49,-3.89
候选：建议优先复听,杨清如,阳关三叠2,CD第3册\56\杨清如-阳关三叠2.wav,3.22,44100,2,16,安静处底声相对偏高,0.0,-65.52,-3.14
候选：建议优先复听,杨清如,阳关三叠3,CD第3册\56\杨清如-阳关三叠3.wav,2.48,44100,2,16,安静处底声相对偏高,0.0,-68.22,-2.05
候选：建议优先复听,杨葆元,水仙操2,CD第2册\27\杨葆元-水仙操2.wav,8.33,44100,2,16,安静处高频偏强,2.5e-05,-35.07,-20.64
候选：建议优先复听,杨葆元,流水,CD第2册\26\杨葆元-流水.wav,7.07,44100,2,16,安静处高频偏强,0.000289,-36.0,-20.1
候选：建议优先复听,查阜西,-渔歌,CD第1册\CD12\查阜西--渔歌.wav,15.61,44100,2,16,安静处底声相对偏高,0.0,-41.03,-6.24
候选：建议优先复听,查阜西,普庵咒,CD第1册\CD11\查阜西-普庵咒.wav,10.15,44100,2,16,安静处底声相对偏高,6.2e-05,-48.85,-6.86
候选：建议优先复听,查阜西,潇湘水云1,CD第1册\CD12\查阜西-潇湘水云1.wav,14.11,44100,2,16,安静处高频偏强,4.4e-05,-33.43,-17.4
候选：建议优先复听,溥雪斋,酒狂,CD第1册\CD08\溥雪斋-酒狂.wav,1.53,44100,2,16,安静处高频偏强；安静处底声相对偏高,1.1e-05,-29.88,-6.07
候选：建议优先复听,王凤襄,秋江夜泊,CD第3册\56\王凤襄-秋江夜泊.wav,2.95,44100,2,16,安静处底声相对偏高,0.0,-51.35,-5.32
候选：建议优先复听,王凤襄,秋风词,CD第3册\56\王凤襄-秋风词.wav,1.58,44100,2,16,安静处底声相对偏高,0.0,-41.94,-4.79
候选：建议优先复听,王凤襄,良宵引,CD第3册\56\王凤襄-良宵引.wav,2.5,44100,2,16,安静处底声相对偏高,0.0,-49.57,-4.24
候选：建议优先复听,王生香,酒狂,CD第2册\34\王生香-酒狂.wav,2.22,44100,2,16,安静处高频偏强,0.000163,-33.58,-7.33
候选：建议优先复听,王绍舜,关山月,CD第4册\73\王绍舜-关山月.wav,1.92,44100,2,16,安静处高频偏强,0.0,-20.78,-7.77
候选：建议优先复听,王绍舜,梧叶舞秋风,CD第4册\73\王绍舜-梧叶舞秋风.wav,3.75,44100,2,16,安静处高频偏强；安静处底声相对偏高,0.0,-27.97,-6.67
候选：建议优先复听,王绍舜,渔樵问答,CD第4册\73\王绍舜-渔樵问答.wav,9.83,44100,2,16,安静处高频偏强,0.0,-25.26,-7.33
候选：建议优先复听,王绍舜,潇湘水云,CD第4册\73\王绍舜-潇湘水云.wav,10.74,44100,2,16,安静处高频偏强；安静处底声相对偏高,0.0,-20.41,-5.94
候选：建议优先复听,王绍舜,胡笳十八拍,CD第4册\73\王绍舜-胡笳十八拍.wav,24.2,44100,2,16,安静处高频偏强,0.0,-31.74,-8.47
候选：建议优先复听,王绍舜,阳关三叠,CD第4册\73\王绍舜-阳关三叠.wav,4.31,44100,2,16,安静处高频偏强,0.0,-17.76,-7.72
候选：建议优先复听,程独清,归去来辞,CD第1册\CD10\程独清-归去来辞.wav,5.3,44100,2,16,安静处高频偏强,0.00011,-35.41,-13.68
候选：建议优先复听,管平湖,天风环珮2,CD第1册\CD19\管平湖-天风环珮2.wav,3.49,44100,2,16,安静处高频偏强,5.5e-05,-38.81,-12.26
候选：建议优先复听,管平湖,平沙落雁1,CD第1册\CD18\管平湖-平沙落雁1.wav,6.67,44100,2,16,安静处高频偏强,0.000104,-38.88,-18.82
候选：建议优先复听,管平湖,幽兰1,CD第1册\CD19\管平湖-幽兰1.wav,10.29,44100,2,16,安静处高频偏强,7.2e-05,-39.8,-16.91
候选：建议优先复听,管平湖,梅花三弄,CD第1册\CD17\管平湖-梅花三弄.wav,8.05,44100,2,16,安静处高频偏强,6.6e-05,-38.04,-9.34
候选：建议优先复听,管平湖,潇湘水云,CD第1册\CD19\管平湖-潇湘水云.wav,10.28,44100,2,16,安静处高频偏强,0.000204,-39.04,-10.82
候选：建议优先复听,管平湖,白雪2,CD第1册\CD14\管平湖-白雪2.wav,5.28,44100,2,16,安静处底声相对偏高,0.000283,-44.33,-4.21
候选：建议优先复听,管平湖,秋鸿,CD第1册\CD18\管平湖-秋鸿.wav,24.13,44100,2,16,安静处高频偏强,0.000374,-38.38,-15.73
候选：建议优先复听,管平湖,龙翔操,CD第1册\CD17\管平湖-龙翔操.wav,6.97,44100,2,16,安静处高频偏强,3.3e-05,-34.44,-9.05
候选：建议优先复听,胡莹堂,平沙落雁1,CD第1册\CD13\胡莹堂-平沙落雁1.wav,6.57,44100,2,16,抽样削波>0.1%,0.002251,-60.7,-13.32
候选：建议优先复听,胡莹堂,平沙落雁2,CD第1册\CD13\胡莹堂-平沙落雁2.wav,6.34,44100,2,16,安静处底声相对偏高,0.0,-78.99,-4.34
候选：建议优先复听,胡莹堂,普庵咒-残,CD第1册\CD13\胡莹堂-普庵咒-残.wav,7.34,44100,2,16,安静处底声相对偏高,0.0,-52.03,-6.96
候选：建议优先复听,胥桐华,平沙落雁,CD第3册\44\胥桐华-平沙落雁.wav,10.58,44100,2,16,抽样削波>0.1%,0.001564,-48.64,-13.75
候选：建议优先复听,胥桐华,渔樵问答,CD第3册\44\胥桐华-渔樵问答.wav,9.18,44100,2,16,抽样削波>0.1%,0.01827,-58.74,-7.76
候选：建议优先复听,胥桐华,盘州,CD第3册\44\胥桐华-盘州.wav,11.62,44100,2,16,抽样削波>0.1%,0.014651,-57.34,-8.38
候选：建议优先复听,胥桐华,耕莘钓渭,CD第3册\44\胥桐华-耕莘钓渭.wav,3.33,44100,2,16,抽样削波>0.1%,0.013022,-54.76,-13.77
候选：建议优先复听,胥桐华,醉渔唱晚-残,CD第3册\44\胥桐华-醉渔唱晚-残.wav,5.51,44100,2,16,抽样削波>0.1%,0.008543,-52.99,-11.63
候选：建议优先复听,蔡德允,关山月,CD第3册\42\蔡德允-关山月.wav,1.82,44100,2,16,安静处高频偏强,0.0,-35.4,-9.36
候选：建议优先复听,蔡德允,普庵咒,CD第3册\42\蔡德允-普庵咒.wav,8.33,44100,2,16,安静处高频偏强,0.0,-38.97,-17.73
候选：建议优先复听,蔡德允,湘江怨,CD第3册\43\蔡德允-湘江怨.wav,2.61,44100,2,16,安静处底声相对偏高,0.0,-47.06,-6.47
候选：建议优先复听,蔡德允,醉渔唱晚1,CD第3册\43\蔡德允-醉渔唱晚1.wav,3.32,44100,2,16,安静处高频偏强,0.0,-38.81,-10.74
候选：建议优先复听,詹澄秋,听泉吟1,CD第1册\CD07\詹澄秋-听泉吟1.wav,1.58,44100,2,16,安静处底声相对偏高,2.8e-05,-42.72,-4.58
候选：建议优先复听,詹澄秋,挟仙游,CD第1册\CD07\詹澄秋-挟仙游.wav,3.63,44100,2,16,安静处底声相对偏高,0.000384,-48.88,-6.36
候选：建议优先复听,詹澄秋,水仙操,CD第1册\CD07\詹澄秋-水仙操.wav,4.95,44100,2,16,安静处底声相对偏高,3.6e-05,-43.41,-4.08
候选：建议优先复听,詹澄秋,良宵引,CD第1册\CD06\詹澄秋-良宵引.wav,1.83,44100,2,16,安静处高频偏强,0.000281,-36.43,-13.85
候选：建议优先复听,詹澄秋,释谈章,CD第1册\CD07\詹澄秋-释谈章.wav,6.74,44100,2,16,安静处底声相对偏高,5.5e-05,-64.43,-6.66
候选：建议优先复听,詹澄秋,长门怨,CD第1册\CD06\詹澄秋-长门怨.wav,3.61,44100,2,16,安静处底声相对偏高,0.00057,-50.27,-6.75
候选：建议优先复听,邓文权,平沙落雁,CD第4册\72\邓文权-平沙落雁.wav,7.47,44100,2,16,安静处高频偏强,5e-06,-18.21,-13.4
候选：建议优先复听,邓文权,忆故人,CD第4册\72\邓文权-忆故人.wav,5.87,44100,2,16,安静处高频偏强,0.0,-16.38,-12.24
候选：建议优先复听,邓文权,渔樵问答,CD第4册\72\邓文权-渔樵问答.wav,6.31,44100,2,16,安静处高频偏强,0.0,-18.13,-14.34
候选：建议优先复听,邓文权,秋风词,CD第4册\72\邓文权-秋风词.wav,1.62,44100,2,16,安静处高频偏强,3.5e-05,-17.02,-15.44
候选：建议优先复听,邓文权,良宵引,CD第4册\72\邓文权-良宵引.wav,4.01,44100,2,16,安静处高频偏强,0.0,-20.18,-16.06
候选：建议优先复听,邓文权,醉渔唱晚,CD第4册\72\邓文权-醉渔唱晚.wav,5.23,44100,2,16,安静处高频偏强,0.000129,-21.17,-10.54
候选：建议优先复听,邓文权,静观吟,CD第4册\72\邓文权-静观吟.wav,3.28,44100,2,16,安静处高频偏强,7e-06,-16.75,-14.09
候选：建议优先复听,邵元复,凤求凰,CD第4册\70\邵元复-凤求凰.wav,2.23,44100,2,16,抽样削波>0.1%,0.001295,-49.76,-11.33
候选：建议优先复听,邵元复,挟仙游,CD第4册\71\邵元复-挟仙游.wav,3.22,44100,2,16,安静处底声相对偏高,0.0,-57.4,-5.87
候选：建议优先复听,邵元复,捣衣,CD第4册\70\邵元复-捣衣.wav,6.02,44100,2,16,安静处底声相对偏高,0.0,-50.03,-4.89
候选：建议优先复听,邵元复,梅花三弄,CD第4册\70\邵元复-梅花三弄.wav,7.25,44100,2,16,安静处底声相对偏高,0.0,-60.27,-6.75
候选：建议优先复听,邵元复,秋夜长,CD第4册\71\邵元复-秋夜长.wav,2.42,44100,2,16,安静处高频偏强,0.0,-39.65,-10.52
候选：建议优先复听,郭同甫,山居吟,CD第1册\CD04\郭同甫-山居吟.wav,6.22,44100,2,16,安静处高频偏强；安静处底声相对偏高,0.0,-19.71,-5.92
候选：建议优先复听,郭同甫,水仙操,CD第1册\CD04\郭同甫-水仙操.wav,12.32,44100,2,16,安静处高频偏强,8.1e-05,-27.55,-7.77
候选：建议优先复听,金致淇,平沙落雁,CD第1册\CD13\金致淇-平沙落雁.wav,10.51,44100,2,16,安静处底声相对偏高,1.8e-05,-50.95,-5.27
候选：建议优先复听,陈心园,凤求凰,CD第3册\48\陈心园-凤求凰.wav,1.66,44100,2,16,安静处底声相对偏高,0.0,-51.78,-6.52
候选：建议优先复听,陈心园,秋风词,CD第3册\48\陈心园-秋风词.wav,1.29,44100,2,16,安静处底声相对偏高,0.0,-58.05,-6.21
候选：建议优先复听,陈心园,风雷引,CD第3册\48\陈心园-风雷引.wav,2.24,44100,2,16,安静处底声相对偏高,0.0,-51.05,-4.3
候选：建议优先复听,陈阅聪,平沙落雁,CD第4册\62\陈阅聪-平沙落雁.wav,5.35,44100,2,16,安静处高频偏强,0.0,-35.89,-19.35
候选：建议优先复听,陈阅聪,捣衣,CD第4册\62\陈阅聪-捣衣.wav,9.64,44100,2,16,安静处高频偏强,0.0,-38.43,-13.03
候选：建议优先复听,顾梅羹,平沙落雁2,CD第2册\24\顾梅羹-平沙落雁2.wav,6.65,44100,2,16,抽样削波>0.1%；安静处高频偏强,0.001825,-25.14,-13.28
候选：建议优先复听,顾梅羹,梅花三弄1,CD第2册\24\顾梅羹-梅花三弄1.wav,7.3,44100,2,16,安静处高频偏强,0.000545,-26.84,-10.99
候选：建议优先复听,顾梅羹,汉宫秋月-残,CD第2册\23\顾梅羹-汉宫秋月-残.wav,6.46,44100,2,16,抽样削波>0.1%；安静处高频偏强,0.001241,-25.6,-8.77
候选：建议优先复听,顾梅羹,离骚,CD第2册\23\顾梅羹-离骚.wav,11.72,44100,2,16,抽样削波>0.1%；安静处高频偏强；安静处底声相对偏高,0.001351,-27.84,-6.55
候选：建议优先复听,顾梅羹,秋塞吟,CD第2册\25\顾梅羹-秋塞吟.wav,7.77,44100,2,16,安静处高频偏强,0.000386,-25.64,-10.58
候选：建议优先复听,顾梅羹,高山,CD第2册\23\顾梅羹-高山.wav,5.74,44100,2,16,安静处高频偏强,0.000962,-27.06,-10.38
候选：建议优先复听,高松如,归去来辞,CD第2册\32\高松如-归去来辞.wav,5.54,44100,2,16,安静处高频偏强；安静处底声相对偏高,0.0,-35.7,-3.92
候选：建议优先复听,高松如,梧叶舞秋风,CD第2册\32\高松如-梧叶舞秋风.wav,4.72,44100,2,16,安静处高频偏强,0.000784,-37.99,-10.73
候选：建议优先复听,高松如,流水,CD第2册\32\高松如-流水.wav,4.47,44100,2,16,安静处高频偏强,0.0,-35.23,-10.32
候选：建议优先复听,高松如,良宵引,CD第2册\32\高松如-良宵引.wav,2.23,44100,2,16,安静处高频偏强；安静处底声相对偏高,0.0,-36.25,-4.58
候选：建议优先复听,高松如,长门怨,CD第2册\32\高松如-长门怨.wav,4.99,44100,2,16,安静处高频偏强,2.1e-05,-38.21,-11.76
候选：建议优先复听,黄渔仙,平沙落雁,CD第1册\CD05\黄渔仙-平沙落雁.wav,5.22,44100,2,16,安静处高频偏强；安静处底声相对偏高,1e-06,-17.34,-4.04
暂不训练：标题标明合奏或伴奏,今虞琴社,梅花三弄-合奏1,CD第4册\74\今虞琴社-梅花三弄-合奏1.wav,8.84,44100,2,16,,0.0,-54.5,-11.81
暂不训练：标题标明合奏或伴奏,今虞琴社,梅花三弄-合奏2,CD第4册\74\今虞琴社-梅花三弄-合奏2.wav,6.53,44100,2,16,安静处高频偏强,0.0,-39.75,-9.17
暂不训练：标题标明合奏或伴奏,北京古琴研究会,普庵咒-合奏,CD第4册\74\北京古琴研究会-普庵咒-合奏.wav,8.39,44100,2,16,安静处高频偏强,0.0,-21.83,-8.76
暂不训练：标题标明合奏或伴奏,卫仲乐,关山月-合奏,CD第3册\49\卫仲乐-关山月-合奏.wav,2.03,44100,2,16,安静处高频偏强,0.0,-36.47,-10.43
暂不训练：标题标明合奏或伴奏,卫仲乐,普庵咒-合奏,CD第3册\49\卫仲乐-普庵咒-合奏.wav,5.72,44100,2,16,安静处高频偏强,0.0,-33.68,-16.13
暂不训练：标题标明合奏或伴奏,吴宗汉,捣衣-合奏,CD第3册\39\吴宗汉-捣衣-合奏.wav,6.42,44100,2,16,,0.0,-59.36,-10.43
暂不训练：标题标明合奏或伴奏,吴宗汉,玉楼春晓-合奏,CD第3册\39\吴宗汉-玉楼春晓-合奏.wav,2.77,44100,2,16,,0.0,-62.24,-10.4
暂不训练：标题标明合奏或伴奏,吴振平,精忠词-琴歌,CD第3册\46\吴振平-精忠词-琴歌.wav,3.21,44100,2,16,,0.0,-43.17,-15.28
暂不训练：标题标明合奏或伴奏,喻绍泽,关山月-琴歌,CD第2册\36\喻绍泽-关山月-琴歌.wav,0.91,44100,2,16,不足1分钟,3e-06,-49.91,-13.44
暂不训练：标题标明合奏或伴奏,喻绍泽,平沙落雁-合奏,CD第2册\37\喻绍泽-平沙落雁-合奏.wav,4.53,44100,2,16,安静处底声相对偏高,0.0,-55.2,-6.55
暂不训练：标题标明合奏或伴奏,喻绍泽,梧叶舞秋风-合奏,CD第2册\38\喻绍泽-梧叶舞秋风-合奏.wav,3.53,44100,2,16,,0.0,-55.09,-7.48
暂不训练：标题标明合奏或伴奏,姚丙炎,屈原问渡-合奏,CD第4册\68\姚丙炎-屈原问渡-合奏.wav,9.1,44100,2,16,,0.0,-62.62,-10.08
暂不训练：标题标明合奏或伴奏,张友鹤,阳关三叠-合奏,CD第1册\CD13\张友鹤-阳关三叠-合奏.wav,5.24,44100,2,16,安静处高频偏强,0.0,-32.32,-22.18
暂不训练：标题标明合奏或伴奏,张子谦,平沙落雁-合奏1,CD第2册\29\张子谦-平沙落雁-合奏1.wav,5.68,44100,2,16,安静处高频偏强,0.000176,-31.83,-9.71
暂不训练：标题标明合奏或伴奏,张子谦,平沙落雁-合奏2,CD第2册\29\张子谦-平沙落雁-合奏2.wav,5.51,44100,2,16,安静处高频偏强,0.000142,-31.61,-17.51
暂不训练：标题标明合奏或伴奏,张子谦,平沙落雁-合奏3,CD第2册\29\张子谦-平沙落雁-合奏3.wav,5.93,44100,2,16,,1e-06,-61.94,-12.96
暂不训练：标题标明合奏或伴奏,张子谦,平沙落雁-合奏4,CD第2册\29\张子谦-平沙落雁-合奏4.wav,6.05,44100,2,16,,1e-06,-48.95,-12.42
暂不训练：标题标明合奏或伴奏,张子谦,平沙落雁-唱弦,CD第2册\29\张子谦-平沙落雁-唱弦.wav,6.11,44100,2,16,,0.0,-44.02,-20.69
暂不训练：标题标明合奏或伴奏,张子谦,忆故人-合奏1,CD第2册\31\张子谦-忆故人-合奏1.wav,5.69,44100,2,16,,5.3e-05,-51.8,-12.81
暂不训练：标题标明合奏或伴奏,张子谦,忆故人-合奏2,CD第2册\31\张子谦-忆故人-合奏2.wav,7.05,44100,2,16,,0.0,-64.61,-11.67
暂不训练：标题标明合奏或伴奏,张子谦,普庵咒-合奏,CD第2册\30\张子谦-普庵咒-合奏.wav,6.05,44100,2,16,,0.0,-49.6,-11.71
暂不训练：标题标明合奏或伴奏,张子谦,梅花三弄-合奏,CD第2册\29\张子谦-梅花三弄-合奏.wav,7.37,44100,2,16,,0.0,-60.43,-7.63
暂不训练：标题标明合奏或伴奏,张子谦,潇湘水云-合奏1,CD第2册\31\张子谦-潇湘水云-合奏1.wav,10.3,44100,2,16,,8e-05,-42.44,-9.47
暂不训练：标题标明合奏或伴奏,张子谦,潇湘水云-合奏2残,CD第2册\31\张子谦-潇湘水云-合奏2残.wav,8.32,44100,2,16,安静处高频偏强,8.6e-05,-37.41,-9.04
暂不训练：标题标明合奏或伴奏,张子谦,酒狂-合奏,CD第2册\28\张子谦-酒狂-合奏.wav,2.55,44100,2,16,,0.000125,-49.62,-7.32
暂不训练：标题标明合奏或伴奏,张子谦,阳关三叠-合奏,CD第2册\31\张子谦-阳关三叠-合奏.wav,3.81,44100,2,16,,0.0,-53.2,-13.05
暂不训练：标题标明合奏或伴奏,张子谦,龙翔操5-合奏,CD第2册\28\张子谦-龙翔操5-合奏.wav,5.42,44100,2,16,,0.0,-63.05,-7.29
暂不训练：你指出该演奏者录音底噪大,张育瑾,关山月,CD第4册\58\张育瑾-关山月.wav,1.36,44100,2,16,,0.0,-53.11,-9.9
暂不训练：你指出该演奏者录音底噪大,张育瑾,搔首问天,CD第4册\58\张育瑾-搔首问天.wav,7.54,44100,2,16,安静处底声相对偏高,0.0,-47.2,-6.26
暂不训练：你指出该演奏者录音底噪大,张育瑾,良宵引,CD第4册\58\张育瑾-良宵引.wav,2.04,44100,2,16,安静处底声相对偏高,0.0,-47.9,-4.41
暂不训练：你指出该演奏者录音底噪大,张育瑾,长门怨1,CD第4册\58\张育瑾-长门怨1.wav,4.14,44100,2,16,,0.0,-64.97,-22.05
暂不训练：你指出该演奏者录音底噪大,张育瑾,长门怨2,CD第4册\58\张育瑾-长门怨2.wav,4.51,44100,2,16,,0.0,-52.64,-8.69
暂不训练：你指出该演奏者录音底噪大,张育瑾,长门怨3,CD第4册\58\张育瑾-长门怨3.wav,4.72,44100,2,16,安静处底声相对偏高,0.0,-47.37,-5.16
暂不训练：你指出该演奏者录音底噪大,张育瑾,阳关三叠-合奏,CD第4册\58\张育瑾-阳关三叠-合奏.wav,3.25,44100,2,16,,0.0,-53.39,-8.57
暂不训练：标题标明合奏或伴奏,徐元白,思贤操-合奏,CD第1册\CD09\徐元白-思贤操-合奏.wav,3.63,44100,2,16,,0.0,-57.65,-16.29
暂不训练：标题标明合奏或伴奏,徐元白,普庵咒-合奏,CD第1册\CD09\徐元白-普庵咒-合奏.wav,8.91,44100,2,16,,0.0,-56.47,-17.42
暂不训练：标题标明合奏或伴奏,朱龙庵,普庵咒-合奏残,CD第3册\47\朱龙庵-普庵咒-合奏残.wav,6.63,44100,2,16,安静处底声相对偏高,0.0,-74.69,-6.38
暂不训练：标题标明合奏或伴奏,杨清如,平沙落雁-琴歌,CD第3册\56\杨清如-平沙落雁-琴歌.wav,4.55,44100,2,16,安静处底声相对偏高,0.0,-73.17,-2.9
暂不训练：标题标明合奏或伴奏,杨清如,慨古吟-琴歌,CD第3册\56\杨清如-慨古吟-琴歌.wav,2.2,44100,2,16,安静处底声相对偏高,0.0,-58.82,-5.6
暂不训练：标题标明合奏或伴奏,杨清如,访子期-琴歌,CD第3册\56\杨清如-访子期-琴歌.wav,2.08,44100,2,16,安静处底声相对偏高,0.0,-73.77,-6.33
暂不训练：标题标明合奏或伴奏,杨清如,阳关三叠-琴歌,CD第3册\56\杨清如-阳关三叠-琴歌.wav,3.39,44100,2,16,,0.0,-74.88,-8.17
暂不训练：标题标明合奏或伴奏,查阜西,胡笳十八拍-合奏,CD第1册\CD11\查阜西-胡笳十八拍-合奏.wav,3.37,44100,2,16,,0.0,-70.24,-37.96
暂不训练：标题标明合奏或伴奏,查阜西,鸥鹭忘机-合奏,CD第1册\CD11\查阜西-鸥鹭忘机-合奏.wav,5.98,44100,2,16,,0.0,-56.77,-14.56
暂不训练：标题标明合奏或伴奏,汪振华,关山月-合奏,CD第4册\61\汪振华-关山月-合奏.wav,1.53,44100,2,16,,0.000131,-59.45,-8.26
暂不训练：标题标明合奏或伴奏,溥雪斋,梅花三弄-琴箫合奏,CD第1册\CD08\溥雪斋-梅花三弄-琴箫合奏.wav,9.91,44100,2,16,,0.000114,-51.07,-13.21
暂不训练：标题标明合奏或伴奏,管平湖,关山月-合奏,CD第1册\CD14\管平湖-关山月-合奏.wav,2.73,44100,2,16,,0.000292,-46.93,-9.96
暂不训练：标题标明合奏或伴奏,管平湖,平沙落雁合奏,CD第1册\CD18\管平湖-平沙落雁合奏.wav,4.99,44100,2,16,,0.000234,-49.01,-11.29
暂不训练：标题标明合奏或伴奏,胡斗东,梅花三弄平沙落雁-唱弦,CD第3册\54\胡斗东-梅花三弄平沙落雁-唱弦.wav,3.53,44100,2,16,,0.0,-44.29,-10.96
暂不训练：标题标明合奏或伴奏,胡莹堂,普庵咒-合奏,CD第1册\CD13\胡莹堂-普庵咒-合奏.wav,9.12,44100,2,16,,0.000567,-45.3,-11.15
暂不训练：你指出该演奏者录音底噪大,谢孝苹,山居吟,CD第4册\63\谢孝苹-山居吟.wav,4.91,44100,2,16,,3.9e-05,-48.96,-7.36
暂不训练：你指出该演奏者录音底噪大,谢孝苹,忆故人,CD第4册\63\谢孝苹-忆故人.wav,6.04,44100,2,16,,0.0,-47.84,-15.5
暂不训练：你指出该演奏者录音底噪大,谢孝苹,梅花三弄,CD第4册\63\谢孝苹-梅花三弄.wav,8.64,44100,2,16,,0.0,-50.43,-11.83
暂不训练：你指出该演奏者录音底噪大,谢孝苹,洞庭秋思,CD第4册\63\谢孝苹-洞庭秋思.wav,2.53,44100,2,16,,0.0,-50.61,-11.02
暂不训练：你指出该演奏者录音底噪大,谢孝苹,渔樵问答,CD第4册\63\谢孝苹-渔樵问答.wav,5.93,44100,2,16,,0.0,-43.59,-10.95
暂不训练：你指出该演奏者录音底噪大,谢孝苹,秋塞吟1,CD第4册\63\谢孝苹-秋塞吟1.wav,7.9,44100,2,16,,0.0,-53.48,-17.99
暂不训练：你指出该演奏者录音底噪大,谢孝苹,秋塞吟2,CD第4册\63\谢孝苹-秋塞吟2.wav,7.49,44100,2,16,,0.0,-60.5,-17.81
暂不训练：你指出该演奏者录音底噪大,谢孝苹,秋塞吟3,CD第4册\63\谢孝苹-秋塞吟3.wav,7.14,44100,2,16,,0.0,-50.86,-14.98
暂不训练：你指出该演奏者录音底噪大,谢孝苹,良宵引1,CD第4册\63\谢孝苹-良宵引1.wav,3.46,44100,2,16,,0.0,-43.0,-10.83
暂不训练：你指出该演奏者录音底噪大,谢孝苹,良宵引2,CD第4册\63\谢孝苹-良宵引2.wav,3.58,44100,2,16,,0.0,-40.7,-15.11
暂不训练：你指出该演奏者录音底噪大,谢孝苹,长门怨,CD第4册\63\谢孝苹-长门怨.wav,3.59,44100,2,16,,0.0,-50.26,-13.05
暂不训练：你指出该演奏者录音底噪大,谢孝苹,阳春,CD第4册\63\谢孝苹-阳春.wav,8.45,44100,2,16,,0.0,-41.68,-10.48
暂不训练：标题标明合奏或伴奏,陈重,平沙落雁-合奏,CD第4册\62\陈重-平沙落雁-合奏.wav,7.18,44100,2,16,,1e-06,-58.61,-15.53
暂不训练：标题标明合奏或伴奏,陈重,忆故人-合奏,CD第4册\62\陈重-忆故人-合奏.wav,8.97,44100,2,16,,0.0,-58.38,-13.03
暂不训练：标题标明合奏或伴奏,高仲钧,出师表-琴歌,CD第4册\64\高仲钧-出师表-琴歌.wav,2.02,44100,2,16,,0.0,-48.57,-9.32
暂不训练：标题标明合奏或伴奏,高仲钧,南风歌-琴歌,CD第4册\64\高仲钧-南风歌-琴歌.wav,5.9,44100,2,16,,2e-06,-40.88,-16.25
暂不训练：标题标明合奏或伴奏,高仲钧,渔樵问答-琴歌,CD第4册\64\高仲钧-渔樵问答-琴歌.wav,4.83,44100,2,16,,0.0,-42.29,-11.69
暂不训练：标题标明合奏或伴奏,高仲钧,鹿鸣操-合奏,CD第4册\64\高仲钧-鹿鸣操-合奏.wav,7.55,44100,2,16,,0.0,-52.6,-8.23
