split,path,duration_s,sample_rate,channels,subtype,bytes,quietest_sampled_dbfs,median_sampled_dbfs,interior_floor_dbfs,interior_range_db,sampled_peak_dbfs,error
train,Y:\Music\古琴曲\CD第1册\CD08\溥雪斋-梅花三弄2.wav,434.51,44100,2,PCM_16,76647210,-26.4,-22.8,-31.6,12.7,-4.1,
train,Y:\Music\古琴曲\CD第1册\CD02\夏一峰-良宵引.wav,169.76,44100,2,PCM_16,29945884,-26.1,-24.0,-31.2,10.7,-9.0,
train,Y:\Music\古琴曲\CD第1册\CD10\向笙阶-春闺怨.wav,155.09,44100,2,PCM_16,27358686,-18.8,-17.2,-29.0,15.5,-0.8,
train,Y:\Music\古琴曲\CD第1册\CD08\沈草农-秋塞.wav,301.19,44100,2,PCM_16,53129562,-15.5,-14.8,-27.4,19.8,-3.0,
train,Y:\Music\古琴曲\CD第2册\26\杨葆元-鹿鸣操.wav,167.0,44100,2,PCM_16,29459016,-29.3,-25.3,-34.7,20.5,-3.0,
train,Y:\Music\古琴曲\CD第2册\20\徐立孙-长门怨3.wav,188.0,44100,2,PCM_16,33163422,-26.6,-19.7,-34.6,20.3,-3.3,
train,Y:\Music\古琴曲\CD第2册\34\王生香-长门怨.wav,246.05,44100,2,PCM_16,43404070,-26.4,-22.2,-32.2,14.1,-2.0,
train,Y:\Music\古琴曲\CD第2册\25\顾梅羹-忆故人2.wav,413.29,44100,2,PCM_16,72905162,-33.3,-16.2,-32.8,23.0,0.0,
train,Y:\Music\古琴曲\CD第3册\47\朱龙庵-长门怨.wav,328.71,44100,2,PCM_16,57984092,-28.2,-17.8,-40.9,25.5,0.0,
train,Y:\Music\古琴曲\CD第3册\49\卫仲乐-阳关三叠1.wav,195.59,44100,2,PCM_16,34501756,-30.5,-17.2,-39.2,29.2,-0.1,
train,Y:\Music\古琴曲\CD第3册\54\侯作吾-高山流水.wav,479.09,44100,2,PCM_16,84512264,-30.5,-28.8,-38.0,13.8,-7.7,
train,Y:\Music\古琴曲\CD第3册\40\乐瑛-平沙落雁1.wav,326.16,44100,2,PCM_16,57534836,-18.9,-17.3,-32.8,21.0,-1.5,
train,Y:\Music\古琴曲\CD第4册\63\谢孝苹-阳春.wav,506.87,44100,2,PCM_16,89411526,-32.4,-22.0,-38.4,18.9,-6.4,
train,Y:\Music\古琴曲\CD第4册\60\孙毓芹-潇湘水云1.wav,614.84,44100,2,PCM_16,108458018,-22.1,-17.8,-27.8,12.9,-4.1,
train,Y:\Music\古琴曲\CD第4册\62\陈天乐-四大景.wav,384.19,44100,2,PCM_16,67770764,-26.8,-23.4,-30.7,11.7,0.0,
train,Y:\Music\古琴曲\CD第4册\69\姚丙炎-阳春.wav,420.01,44100,2,PCM_16,74090564,-25.3,-19.5,-26.3,11.9,-5.0,
holdout,Y:\Music\古琴曲\CD第1册\CD07\詹澄秋-秋江夜泊.wav,139.81,44100,2,PCM_16,24663310,-16.7,-16.0,-28.7,18.7,0.0,
holdout,Y:\Music\古琴曲\CD第2册\37\喻绍泽-平沙落雁.wav,299.81,44100,2,PCM_16,52887290,-26.8,-16.5,-30.1,16.9,-0.1,
holdout,Y:\Music\古琴曲\CD第3册\42\蔡德允-平沙落雁1.wav,231.01,44100,2,PCM_16,40751006,-23.1,-21.0,-31.1,13.6,-3.0,
holdout,Y:\Music\古琴曲\CD第4册\64\吴兆奇-白雪.wav,537.67,44100,2,PCM_16,94844614,-23.5,-21.2,-25.8,10.5,-1.6,
