source,clip,accepted,clipped_fraction,filename_solo_screen,manual_solo_confirmed
Y:\Music\古琴曲\CD第1册\CD08\溥雪斋-梅花三弄2.wav,CD第1册_01_1.flac,True,0.0,True,False
Y:\Music\古琴曲\CD第1册\CD08\溥雪斋-梅花三弄2.wav,CD第1册_01_2.flac,True,0.0,True,False
Y:\Music\古琴曲\CD第1册\CD08\溥雪斋-梅花三弄2.wav,CD第1册_01_3.flac,True,0.0,True,False
Y:\Music\古琴曲\CD第1册\CD02\夏一峰-良宵引.wav,CD第1册_02_1.flac,True,6.1e-05,True,False
Y:\Music\古琴曲\CD第1册\CD02\夏一峰-良宵引.wav,CD第1册_02_2.flac,True,0.0,True,False
Y:\Music\古琴曲\CD第1册\CD02\夏一峰-良宵引.wav,CD第1册_02_3.flac,True,0.0,True,False
Y:\Music\古琴曲\CD第1册\CD10\向笙阶-春闺怨.wav,CD第1册_03_1.flac,True,0.0,True,False
Y:\Music\古琴曲\CD第1册\CD10\向笙阶-春闺怨.wav,CD第1册_03_2.flac,True,0.0,True,False
Y:\Music\古琴曲\CD第1册\CD10\向笙阶-春闺怨.wav,CD第1册_03_3.flac,True,0.0,True,False
Y:\Music\古琴曲\CD第1册\CD08\沈草农-秋塞.wav,CD第1册_04_1.flac,True,0.0,True,False
Y:\Music\古琴曲\CD第1册\CD08\沈草农-秋塞.wav,CD第1册_04_2.flac,True,0.0,True,False
Y:\Music\古琴曲\CD第1册\CD08\沈草农-秋塞.wav,CD第1册_04_3.flac,True,0.0,True,False
Y:\Music\古琴曲\CD第2册\26\杨葆元-鹿鸣操.wav,CD第2册_05_1.flac,True,0.0,True,False
Y:\Music\古琴曲\CD第2册\26\杨葆元-鹿鸣操.wav,CD第2册_05_2.flac,True,0.0,True,False
Y:\Music\古琴曲\CD第2册\26\杨葆元-鹿鸣操.wav,CD第2册_05_3.flac,True,0.0,True,False
Y:\Music\古琴曲\CD第2册\20\徐立孙-长门怨3.wav,CD第2册_06_1.flac,True,0.0,True,False
Y:\Music\古琴曲\CD第2册\20\徐立孙-长门怨3.wav,CD第2册_06_2.flac,True,0.0,True,False
Y:\Music\古琴曲\CD第2册\20\徐立孙-长门怨3.wav,CD第2册_06_3.flac,True,0.0,True,False
Y:\Music\古琴曲\CD第2册\34\王生香-长门怨.wav,CD第2册_07_1.flac,True,4.4e-05,True,False
Y:\Music\古琴曲\CD第2册\34\王生香-长门怨.wav,CD第2册_07_2.flac,True,1.2e-05,True,False
Y:\Music\古琴曲\CD第2册\34\王生香-长门怨.wav,CD第2册_07_3.flac,True,7.6e-05,True,False
Y:\Music\古琴曲\CD第2册\25\顾梅羹-忆故人2.wav,CD第2册_08_1.flac,False,0.000316,True,False
Y:\Music\古琴曲\CD第2册\25\顾梅羹-忆故人2.wav,CD第2册_08_2.flac,False,0.00041,True,False
Y:\Music\古琴曲\CD第2册\25\顾梅羹-忆故人2.wav,CD第2册_08_3.flac,False,0.000387,True,False
Y:\Music\古琴曲\CD第3册\47\朱龙庵-长门怨.wav,CD第3册_09_1.flac,True,4.5e-05,True,False
Y:\Music\古琴曲\CD第3册\47\朱龙庵-长门怨.wav,CD第3册_09_2.flac,True,7.6e-05,True,False
Y:\Music\古琴曲\CD第3册\47\朱龙庵-长门怨.wav,CD第3册_09_3.flac,False,0.000407,True,False
Y:\Music\古琴曲\CD第3册\49\卫仲乐-阳关三叠1.wav,CD第3册_10_1.flac,True,0.0,True,False
Y:\Music\古琴曲\CD第3册\49\卫仲乐-阳关三叠1.wav,CD第3册_10_2.flac,True,0.0,True,False
Y:\Music\古琴曲\CD第3册\49\卫仲乐-阳关三叠1.wav,CD第3册_10_3.flac,True,0.0,True,False
Y:\Music\古琴曲\CD第3册\54\侯作吾-高山流水.wav,CD第3册_11_1.flac,True,0.0,True,False
Y:\Music\古琴曲\CD第3册\54\侯作吾-高山流水.wav,CD第3册_11_2.flac,True,0.0,True,False
Y:\Music\古琴曲\CD第3册\54\侯作吾-高山流水.wav,CD第3册_11_3.flac,True,0.0,True,False
Y:\Music\古琴曲\CD第3册\40\乐瑛-平沙落雁1.wav,CD第3册_12_1.flac,True,0.0,True,False
Y:\Music\古琴曲\CD第3册\40\乐瑛-平沙落雁1.wav,CD第3册_12_2.flac,True,0.0,True,False
Y:\Music\古琴曲\CD第3册\40\乐瑛-平沙落雁1.wav,CD第3册_12_3.flac,True,0.0,True,False
Y:\Music\古琴曲\CD第4册\63\谢孝苹-阳春.wav,CD第4册_13_1.flac,True,2e-06,True,False
Y:\Music\古琴曲\CD第4册\63\谢孝苹-阳春.wav,CD第4册_13_2.flac,True,0.0,True,False
Y:\Music\古琴曲\CD第4册\63\谢孝苹-阳春.wav,CD第4册_13_3.flac,True,0.0,True,False
Y:\Music\古琴曲\CD第4册\60\孙毓芹-潇湘水云1.wav,CD第4册_14_1.flac,True,0.0,True,False
Y:\Music\古琴曲\CD第4册\60\孙毓芹-潇湘水云1.wav,CD第4册_14_2.flac,True,0.0,True,False
Y:\Music\古琴曲\CD第4册\60\孙毓芹-潇湘水云1.wav,CD第4册_14_3.flac,True,0.0,True,False
Y:\Music\古琴曲\CD第4册\62\陈天乐-四大景.wav,CD第4册_15_1.flac,True,7e-06,True,False
Y:\Music\古琴曲\CD第4册\62\陈天乐-四大景.wav,CD第4册_15_2.flac,False,0.000192,True,False
Y:\Music\古琴曲\CD第4册\62\陈天乐-四大景.wav,CD第4册_15_3.flac,False,0.000778,True,False
Y:\Music\古琴曲\CD第4册\69\姚丙炎-阳春.wav,CD第4册_16_1.flac,True,0.0,True,False
Y:\Music\古琴曲\CD第4册\69\姚丙炎-阳春.wav,CD第4册_16_2.flac,True,0.0,True,False
Y:\Music\古琴曲\CD第4册\69\姚丙炎-阳春.wav,CD第4册_16_3.flac,True,0.0,True,False
