relative_path,artist,title,old_tier,previous_flag,error,rate,channels,subtype,duration_seconds,rms_dbfs,peak,clip_fraction,seconds_with_clip_over_0_1pct,seconds_under_minus55db,max_dc
CD第3册\40\乐瑛-列子御风.wav,乐瑛,列子御风,技术优先，待耳听,,,44100,2,PCM_16,414.19,-17.78,0.71466,0.0,0,2,0.01242
CD第3册\41\乐瑛-岳阳三醉.wav,乐瑛,岳阳三醉,技术优先，待耳听,,,44100,2,PCM_16,534.84,-15.61,1.0,4.18e-05,4,1,0.01585
CD第3册\41\乐瑛-岳阳三醉-残.wav,乐瑛,岳阳三醉-残,重点复听，暂缓训练,,,44100,2,PCM_16,231.99,-15.96,0.98398,0.0,0,0,0.00049
CD第3册\40\乐瑛-平沙落雁1.wav,乐瑛,平沙落雁1,技术优先，待耳听,,,44100,2,PCM_16,326.16,-16.27,0.91342,0.0,0,2,0.0007
CD第3册\40\乐瑛-平沙落雁2.wav,乐瑛,平沙落雁2,技术优先，待耳听,,,44100,2,PCM_16,404.44,-19.25,0.74628,0.0,0,1,0.00026
CD第3册\40\乐瑛-沧海龙吟1.wav,乐瑛,沧海龙吟1,重点复听，暂缓训练,,,44100,2,PCM_16,343.05,-14.26,0.98398,0.0,0,2,0.00391
CD第3册\40\乐瑛-沧海龙吟2.wav,乐瑛,沧海龙吟2,技术优先，待耳听,,,44100,2,PCM_16,328.41,-17.41,0.71564,0.0,0,1,0.01431
CD第3册\41\乐瑛-渔樵问答1.wav,乐瑛,渔樵问答1,重点复听，暂缓训练,,,44100,2,PCM_16,465.73,-24.09,0.86746,0.0,0,2,0.00023
CD第3册\41\乐瑛-渔樵问答2.wav,乐瑛,渔樵问答2,重点复听，暂缓训练,,,44100,2,PCM_16,505.35,-19.4,0.7088,0.0,0,2,0.00026
CD第3册\40\乐瑛-秋塞吟.wav,乐瑛,秋塞吟,重点复听，暂缓训练,,,44100,2,PCM_16,551.63,-17.36,0.98398,0.0,0,0,0.00204
CD第3册\41\乐瑛-韦编三绝1.wav,乐瑛,韦编三绝1,技术优先，待耳听,,,44100,2,PCM_16,172.72,-19.3,0.70798,0.0,0,2,0.01156
CD第3册\41\乐瑛-韦编三绝2.wav,乐瑛,韦编三绝2,技术优先，待耳听,,,44100,2,PCM_16,173.23,-18.94,0.69962,0.0,0,2,0.00027
CD第3册\54\侯作吾-高山流水.wav,侯作吾,高山流水,技术优先，待耳听,,,44100,2,PCM_16,479.09,-26.12,0.8765,0.0,0,3,0.00588
CD第2册\32\关仲航-水仙操.wav,关仲航,水仙操,重点复听，暂缓训练,,,44100,2,PCM_16,470.31,-14.64,1.0,0.0003306,45,2,0.00154
CD第2册\32\关仲航-渔樵问答.wav,关仲航,渔樵问答,技术优先，待耳听,,,44100,2,PCM_16,464.25,-24.14,0.91403,0.0,0,0,0.00667
CD第2册\33\刘少椿-墨子悲丝.wav,刘少椿,墨子悲丝,重点复听，暂缓训练,,,44100,2,PCM_16,589.48,-21.58,0.71085,0.0,0,3,0.00061
CD第2册\33\刘少椿-平沙落雁.wav,刘少椿,平沙落雁,技术优先，待耳听,,,44100,2,PCM_16,404.39,-26.82,0.65955,0.0,0,2,0.00071
CD第2册\33\刘少椿-梅花三弄1.wav,刘少椿,梅花三弄1,技术优先，待耳听,,,44100,2,PCM_16,542.0,-23.58,1.0,1e-07,0,2,0.00029
CD第2册\33\刘少椿-梅花三弄2.wav,刘少椿,梅花三弄2,技术优先，待耳听,,,44100,2,PCM_16,478.91,-22.06,0.7016,0.0,0,3,0.00183
CD第2册\33\刘少椿-梧叶舞秋风.wav,刘少椿,梧叶舞秋风,技术优先，待耳听,,,44100,2,PCM_16,217.99,-23.28,0.87119,0.0,0,0,0.00081
CD第2册\33\刘少椿-樵歌.wav,刘少椿,樵歌,技术优先，待耳听,,,44100,2,PCM_16,562.15,-23.79,1.0,1.51e-05,2,2,0.00031
CD第2册\33\刘少椿-良宵引.wav,刘少椿,良宵引,技术优先，待耳听,,,44100,2,PCM_16,159.51,-22.64,1.0,7.2e-06,1,2,0.00072
CD第2册\33\刘少椿-龙翔操.wav,刘少椿,龙翔操,技术优先，待耳听,,,44100,2,PCM_16,345.48,-21.64,0.9187,0.0,0,2,0.00044
CD第2册\35\刘景韶-关山月.wav,刘景韶,关山月,技术优先，待耳听,,,44100,2,PCM_16,118.39,-18.99,0.70798,0.0,0,1,0.00017
CD第2册\35\刘景韶-平沙落雁1.wav,刘景韶,平沙落雁1,技术优先，待耳听,,,44100,2,PCM_16,345.09,-18.09,0.70798,0.0,0,2,0.0012
CD第2册\35\刘景韶-归去来辞.wav,刘景韶,归去来辞,重点复听，暂缓训练,,,44100,2,PCM_16,191.96,-20.43,0.70798,0.0,0,2,0.00057
CD第2册\35\刘景韶-捣衣.wav,刘景韶,捣衣,技术优先，待耳听,,,44100,2,PCM_16,372.49,-16.57,0.71487,0.0,0,1,0.00044
CD第2册\35\刘景韶-搔首问天1.wav,刘景韶,搔首问天1,技术优先，待耳听,,,44100,2,PCM_16,379.4,-20.26,0.70798,0.0,0,1,0.00144
CD第2册\35\刘景韶-搔首问天2.wav,刘景韶,搔首问天2,技术优先，待耳听,,,44100,2,PCM_16,335.35,-20.08,0.70798,0.0,0,1,0.00033
CD第2册\35\刘景韶-樵歌.wav,刘景韶,樵歌,技术优先，待耳听,,,44100,2,PCM_16,492.6,-17.55,0.70798,0.0,0,3,0.00193
CD第2册\35\刘景韶-玉楼春晓.wav,刘景韶,玉楼春晓,技术优先，待耳听,,,44100,2,PCM_16,71.21,-17.1,0.70798,0.0,0,0,0.00057
CD第2册\35\刘景韶-秋风词.wav,刘景韶,秋风词,技术优先，待耳听,,,44100,2,PCM_16,61.21,-15.54,0.70798,0.0,0,1,0.00028
CD第2册\35\刘景韶-长门怨1.wav,刘景韶,长门怨1,技术优先，待耳听,,,44100,2,PCM_16,280.79,-20.26,0.70798,0.0,0,2,0.00056
CD第1册\CD03\卢家炳-午夜焚修.wav,卢家炳,午夜焚修,重点复听，暂缓训练,,,44100,2,PCM_16,220.84,-20.9,0.70474,0.0,0,1,0.00046
CD第1册\CD03\卢家炳-孤鸿.wav,卢家炳,孤鸿,重点复听，暂缓训练,,,44100,2,PCM_16,294.15,-18.0,0.70157,0.0,0,2,0.00249
CD第1册\CD03\卢家炳-平沙落雁2.wav,卢家炳,平沙落雁2,技术优先，待耳听,,,44100,2,PCM_16,274.57,-18.69,0.71591,0.0,0,1,0.00044
CD第1册\CD03\卢家炳-归去来辞.wav,卢家炳,归去来辞,技术优先，待耳听,,,44100,2,PCM_16,244.93,-16.61,0.7113,0.0,0,1,0.00304
CD第1册\CD03\卢家炳-月下吟.wav,卢家炳,月下吟,重点复听，暂缓训练,,,44100,2,PCM_16,248.61,-16.13,0.70569,0.0,0,0,0.00247
CD第1册\CD03\卢家炳-水仙操1.wav,卢家炳,水仙操1,重点复听，暂缓训练,,,44100,2,PCM_16,400.48,-13.93,0.70184,0.0,0,1,0.00105
CD第1册\CD03\卢家炳-水仙操2.wav,卢家炳,水仙操2,重点复听，暂缓训练,,,44100,2,PCM_16,426.04,-20.21,0.70795,0.0,0,2,0.0003
CD第1册\CD03\卢家炳-碧云深.wav,卢家炳,碧云深,技术优先，待耳听,,,44100,2,PCM_16,268.11,-19.46,0.70557,0.0,0,2,0.00224
CD第1册\CD03\卢家炳-释谈章.wav,卢家炳,释谈章,重点复听，暂缓训练,,,44100,2,PCM_16,303.83,-17.64,0.73279,0.0,0,1,0.00069
CD第3册\49\卫仲乐-平沙落雁.wav,卫仲乐,平沙落雁,技术优先，待耳听,,,44100,2,PCM_16,232.09,-15.05,1.0,0.0003102,6,2,0.00157
CD第3册\49\卫仲乐-普庵咒.wav,卫仲乐,普庵咒,重点复听，暂缓训练,,,44100,2,PCM_16,355.0,-14.55,1.0,0.0001838,1,2,0.00107
CD第3册\49\卫仲乐-梅花三弄1.wav,卫仲乐,梅花三弄1,技术优先，待耳听,,,44100,2,PCM_16,421.49,-13.89,0.86429,0.0,0,1,0.00074
CD第3册\49\卫仲乐-梅花三弄2.wav,卫仲乐,梅花三弄2,技术优先，待耳听,,,44100,2,PCM_16,443.65,-14.64,1.0,0.0001749,0,1,0.00109
CD第3册\49\卫仲乐-流水.wav,卫仲乐,流水,技术优先，待耳听,,,44100,2,PCM_16,602.0,-14.03,0.74591,0.0,0,2,0.0007
CD第3册\49\卫仲乐-流水-残.wav,卫仲乐,流水-残,技术优先，待耳听,,,44100,2,PCM_16,342.0,-19.71,0.83524,0.0,0,3,0.00033
CD第3册\49\卫仲乐-醉渔唱晚1.wav,卫仲乐,醉渔唱晚1,技术优先，待耳听,,,44100,2,PCM_16,179.21,-13.98,1.0,7.5e-05,0,3,0.0004
CD第3册\49\卫仲乐-醉渔唱晚3.wav,卫仲乐,醉渔唱晚3,技术优先，待耳听,,,44100,2,PCM_16,206.49,-14.81,1.0,0.0001995,0,1,0.00135
CD第3册\49\卫仲乐-醉渔唱晚4.wav,卫仲乐,醉渔唱晚4,技术优先，待耳听,,,44100,2,PCM_16,213.76,-18.59,0.99997,2e-07,0,0,0.01051
CD第3册\49\卫仲乐-长门怨.wav,卫仲乐,长门怨,技术优先，待耳听,,,44100,2,PCM_16,278.59,-14.56,1.0,0.0003165,5,1,0.00266
CD第3册\49\卫仲乐-阳关三叠1.wav,卫仲乐,阳关三叠1,重点复听，暂缓训练,,,44100,2,PCM_16,195.59,-14.79,0.98398,0.0,0,1,0.00525
CD第1册\CD10\向笙阶-春闺怨.wav,向笙阶,春闺怨,技术优先，待耳听,,,44100,2,PCM_16,155.09,-16.9,0.98468,0.0,0,2,0.00042
CD第3册\51\吴兆基-平沙落雁1.wav,吴兆基,平沙落雁1,技术优先，待耳听,,,44100,2,PCM_16,278.72,-18.4,1.0,4.78e-05,5,1,0.00248
CD第3册\51\吴兆基-平沙落雁2.wav,吴兆基,平沙落雁2,技术优先，待耳听,,,44100,2,PCM_16,304.95,-14.48,1.0,0.0001283,7,1,0.00222
CD第3册\52\吴兆基-忆故人1.wav,吴兆基,忆故人1,技术优先，待耳听,,,44100,2,PCM_16,471.0,-22.21,0.7113,0.0,0,2,0.01027
CD第3册\52\吴兆基-忆故人2.wav,吴兆基,忆故人2,重点复听，暂缓训练,,,44100,2,PCM_16,429.25,-15.03,1.0,7.44e-05,6,0,0.00755
CD第3册\51\吴兆基-普庵咒1.wav,吴兆基,普庵咒1,技术优先，待耳听,,,44100,2,PCM_16,361.09,-14.54,0.72504,0.0,0,2,0.00363
CD第3册\51\吴兆基-普庵咒2.wav,吴兆基,普庵咒2,重点复听，暂缓训练,,,44100,2,PCM_16,450.77,-12.4,1.0,0.0001551,5,1,0.01044
CD第3册\50\吴兆基-梅花三弄1.wav,吴兆基,梅花三弄1,技术优先，待耳听,,,44100,2,PCM_16,271.17,-17.2,1.0,4.6e-06,0,3,0.00054
CD第3册\50\吴兆基-梅花三弄2.wav,吴兆基,梅花三弄2,技术优先，待耳听,,,44100,2,PCM_16,255.71,-12.36,1.0,3.16e-05,1,1,0.01734
CD第3册\53\吴兆基-渔樵问答.wav,吴兆基,渔樵问答,技术优先，待耳听,,,44100,2,PCM_16,454.73,-13.55,1.0,0.0001607,17,0,0.00622
CD第3册\53\吴兆基-渔歌1.wav,吴兆基,渔歌1,技术优先，待耳听,,,44100,2,PCM_16,860.0,-19.11,1.0,5.2e-06,0,2,0.01268
CD第3册\53\吴兆基-渔歌2.wav,吴兆基,渔歌2,技术优先，待耳听,,,44100,2,PCM_16,762.0,-13.44,0.74249,0.0,0,2,0.03933
CD第3册\53\吴兆基-渔歌3.wav,吴兆基,渔歌3,技术优先，待耳听,,,44100,2,PCM_16,784.73,-14.61,1.0,0.0001712,43,1,0.00316
CD第3册\52\吴兆基-潇湘水云1.wav,吴兆基,潇湘水云1,技术优先，待耳听,,,44100,2,PCM_16,595.69,-16.97,1.0,6.15e-05,9,1,0.00294
CD第3册\52\吴兆基-潇湘水云2.wav,吴兆基,潇湘水云2,技术优先，待耳听,,,44100,2,PCM_16,627.0,-14.9,1.0,1e-07,0,2,0.00134
CD第3册\50\吴兆基-白雪.wav,吴兆基,白雪,重点复听，暂缓训练,,,44100,2,PCM_16,464.0,-21.19,0.71283,0.0,0,2,0.0026
CD第3册\51\吴兆基-石上流泉1.wav,吴兆基,石上流泉1,技术优先，待耳听,,,44100,2,PCM_16,247.0,-20.22,0.71124,0.0,0,2,0.01334
CD第3册\51\吴兆基-石上流泉2.wav,吴兆基,石上流泉2,技术优先，待耳听,,,44100,2,PCM_16,224.99,-15.13,1.0,1.68e-05,0,0,0.00183
CD第3册\51\吴兆基-秋塞吟1.wav,吴兆基,秋塞吟1,技术优先，待耳听,,,44100,2,PCM_16,578.49,-23.92,1.0,2.7e-06,0,3,0.00058
CD第3册\51\吴兆基-秋塞吟2.wav,吴兆基,秋塞吟2,技术优先，待耳听,,,44100,2,PCM_16,559.2,-18.56,1.0,3.52e-05,4,2,0.0335
CD第3册\51\吴兆基-秋塞吟3.wav,吴兆基,秋塞吟3,技术优先，待耳听,,,44100,2,PCM_16,530.84,-18.18,1.0,3.56e-05,5,1,0.01692
CD第3册\50\吴兆基-胡笳十八拍1.wav,吴兆基,胡笳十八拍1,重点复听，暂缓训练,,,44100,2,PCM_16,708.49,-13.11,1.0,0.0011057,111,1,0.04297
CD第3册\50\吴兆基-胡笳十八拍2.wav,吴兆基,胡笳十八拍2,重点复听，暂缓训练,,,44100,2,PCM_16,1165.65,-16.45,1.0,7.27e-05,22,16,0.00454
CD第3册\50\吴兆基-良宵引1.wav,吴兆基,良宵引1,技术优先，待耳听,,,44100,2,PCM_16,154.24,-15.59,0.72552,0.0,0,2,0.00622
CD第3册\50\吴兆基-良宵引2.wav,吴兆基,良宵引2,技术优先，待耳听,,,44100,2,PCM_16,153.84,-13.76,1.0,3.63e-05,0,1,0.00586
CD第3册\52\吴兆基-阳关三叠1.wav,吴兆基,阳关三叠1,重点复听，暂缓训练,,,44100,2,PCM_16,259.6,-14.63,1.0,0.0001491,10,1,0.0045
CD第3册\52\吴兆基-阳关三叠2.wav,吴兆基,阳关三叠2,重点复听，暂缓训练,,,44100,2,PCM_16,301.61,-11.97,1.0,0.0001743,5,1,0.05743
CD第3册\52\吴兆基-阳春.wav,吴兆基,阳春,重点复听，暂缓训练,,,44100,2,PCM_16,600.6,-23.44,1.0,1.4e-06,0,2,0.00077
CD第3册\50\吴兆基-鸥鹭忘机1.wav,吴兆基,鸥鹭忘机1,技术优先，待耳听,,,44100,2,PCM_16,319.21,-16.01,0.72556,0.0,0,2,0.00943
CD第3册\50\吴兆基-鸥鹭忘机2.wav,吴兆基,鸥鹭忘机2,技术优先，待耳听,,,44100,2,PCM_16,332.71,-16.3,1.0,3.62e-05,2,0,0.00874
CD第4册\64\吴兆奇-白雪.wav,吴兆奇,白雪,重点复听，暂缓训练,,,44100,2,PCM_16,537.67,-20.83,1.0,5.2e-06,0,1,0.00087
CD第3册\39\吴宗汉-关山月.wav,吴宗汉,关山月,技术优先，待耳听,,,44100,2,PCM_16,156.57,-13.72,0.98398,0.0,0,1,0.00143
CD第3册\39\吴宗汉-平沙落雁.wav,吴宗汉,平沙落雁,技术优先，待耳听,,,44100,2,PCM_16,380.0,-12.05,0.98398,0.0,0,2,0.00478
CD第3册\39\吴宗汉-挟仙游.wav,吴宗汉,挟仙游,技术优先，待耳听,,,44100,2,PCM_16,325.32,-14.65,0.98398,0.0,0,1,0.00288
CD第3册\39\吴宗汉-梅花三弄.wav,吴宗汉,梅花三弄,重点复听，暂缓训练,,,44100,2,PCM_16,428.68,-15.12,0.98398,0.0,0,1,0.00093
CD第3册\39\吴宗汉-梧叶舞秋风.wav,吴宗汉,梧叶舞秋风,技术优先，待耳听,,,44100,2,PCM_16,300.12,-15.65,0.98398,0.0,0,2,0.00782
CD第3册\39\吴宗汉-玉楼春晓.wav,吴宗汉,玉楼春晓,重点复听，暂缓训练,,,44100,2,PCM_16,186.51,-11.1,0.99997,7e-07,0,1,0.00847
CD第3册\39\吴宗汉-秋夜长.wav,吴宗汉,秋夜长,技术优先，待耳听,,,44100,2,PCM_16,191.29,-15.54,0.98398,0.0,0,1,0.0008
CD第3册\39\吴宗汉-良宵引.wav,吴宗汉,良宵引,重点复听，暂缓训练,,,44100,2,PCM_16,136.35,-13.21,0.98398,0.0,0,1,0.00103
CD第3册\39\吴宗汉-长门怨.wav,吴宗汉,长门怨,技术优先，待耳听,,,44100,2,PCM_16,340.43,-15.8,0.93155,0.0,0,2,0.00164
CD第3册\39\吴宗汉-风雷引.wav,吴宗汉,风雷引,技术优先，待耳听,,,44100,2,PCM_16,153.88,-12.21,0.98398,0.0,0,1,0.02247
CD第3册\46\吴振平-屈原问渡.wav,吴振平,屈原问渡,重点复听，暂缓训练,,,44100,2,PCM_16,363.25,-12.42,0.98398,0.0,0,2,0.0025
CD第3册\46\吴振平-幽兰.wav,吴振平,幽兰,重点复听，暂缓训练,,,44100,2,PCM_16,558.05,-12.81,0.98398,0.0,0,0,0.00181
CD第3册\46\吴振平-电影李时珍.wav,吴振平,电影李时珍,重点复听，暂缓训练,,,44100,2,PCM_16,116.61,-19.59,1.0,3.68e-05,1,2,0.00121
CD第3册\46\吴振平-苏门长啸.wav,吴振平,苏门长啸,重点复听，暂缓训练,,,44100,2,PCM_16,404.09,-17.89,0.98398,0.0,0,2,0.00655
CD第3册\45\吴景略-忆故人.wav,吴景略,忆故人,重点复听，暂缓训练,,,44100,2,PCM_16,427.16,-14.49,1.0,0.000221,24,2,0.0006
CD第3册\45\吴景略-普庵咒.wav,吴景略,普庵咒,技术优先，待耳听,,,44100,2,PCM_16,425.75,-14.68,0.99997,1e-07,0,1,0.0234
CD第3册\45\吴景略-渔樵问答.wav,吴景略,渔樵问答,重点复听，暂缓训练,,,44100,2,PCM_16,465.19,-13.13,1.0,0.0005663,82,0,0.00103
CD第3册\45\吴景略-潇湘水云.wav,吴景略,潇湘水云,重点复听，暂缓训练,,,44100,2,PCM_16,482.8,-12.02,1.0,0.0005548,77,1,0.00074
CD第3册\45\吴景略-离骚.wav,吴景略,离骚,重点复听，暂缓训练,,,44100,2,PCM_16,702.0,-12.62,1.0,1.66e-05,0,2,0.00393
CD第3册\45\吴景略-阳关三叠.wav,吴景略,阳关三叠,重点复听，暂缓训练,,,44100,2,PCM_16,278.44,-14.17,1.0,0.0001177,3,2,0.02012
CD第2册\34\周吉荪-平沙落雁.wav,周吉荪,平沙落雁,技术优先，待耳听,,,44100,2,PCM_16,486.92,-18.8,1.0,9.98e-05,13,7,0.00087
CD第2册\34\周吉荪-潇湘水云.wav,周吉荪,潇湘水云,技术优先，待耳听,,,44100,2,PCM_16,673.51,-22.22,1.0,1.22e-05,3,17,0.00045
CD第2册\34\周吉荪-良宵引.wav,周吉荪,良宵引,技术优先，待耳听,,,44100,2,PCM_16,143.0,-17.87,1.0,0.0001169,3,5,0.00054
CD第2册\37\喻绍泽-佩兰1.wav,喻绍泽,佩兰1,技术优先，待耳听,,,44100,2,PCM_16,483.0,-19.69,0.71487,0.0,0,2,0.01348
CD第2册\36\喻绍泽-关山月.wav,喻绍泽,关山月,重点复听，暂缓训练,,,44100,2,PCM_16,154.83,-15.1,0.99997,1.3e-06,0,1,0.00041
CD第2册\38\喻绍泽-幽兰.wav,喻绍泽,幽兰,重点复听，暂缓训练,,,44100,2,PCM_16,519.35,-15.93,1.0,6.05e-05,7,2,0.00104
CD第2册\36\喻绍泽-春山听杜鹃1.wav,喻绍泽,春山听杜鹃1,技术优先，待耳听,,,44100,2,PCM_16,362.0,-16.11,1.0,0.0002746,22,2,0.00089
CD第2册\36\喻绍泽-春山听杜鹃2.wav,喻绍泽,春山听杜鹃2,重点复听，暂缓训练,,,44100,2,PCM_16,369.96,-22.04,0.71185,0.0,0,1,0.00015
CD第2册\37\喻绍泽-普庵咒.wav,喻绍泽,普庵咒,技术优先，待耳听,,,44100,2,PCM_16,421.21,-11.87,1.0,0.0001446,8,1,0.00115
CD第2册\38\喻绍泽-桃李园序.wav,喻绍泽,桃李园序,重点复听，暂缓训练,,,44100,2,PCM_16,122.6,-12.49,1.0,0.000141,5,1,0.00217
CD第2册\37\喻绍泽-梅花三弄.wav,喻绍泽,梅花三弄,重点复听，暂缓训练,,,44100,2,PCM_16,383.31,-14.69,0.99997,2.01e-05,1,2,0.00083
CD第2册\38\喻绍泽-梧叶舞秋风.wav,喻绍泽,梧叶舞秋风,重点复听，暂缓训练,,,44100,2,PCM_16,220.49,-15.28,0.99997,5.2e-06,0,1,0.00045
CD第2册\36\喻绍泽-欢乐的除夕.wav,喻绍泽,欢乐的除夕,重点复听，暂缓训练,,,44100,2,PCM_16,325.07,-14.4,1.0,8.75e-05,6,2,0.00142
CD第2册\36\喻绍泽-流水1.wav,喻绍泽,流水1,重点复听，暂缓训练,,,44100,2,PCM_16,512.21,-16.47,0.85583,0.0,0,2,0.00046
CD第2册\36\喻绍泽-流水2.wav,喻绍泽,流水2,技术优先，待耳听,,,44100,2,PCM_16,448.11,-16.52,0.70987,0.0,0,0,0.00046
CD第2册\38\喻绍泽-秋水1.wav,喻绍泽,秋水1,技术优先，待耳听,,,44100,2,PCM_16,433.71,-18.95,1.0,2.29e-05,1,2,0.00095
CD第2册\38\喻绍泽-秋水2.wav,喻绍泽,秋水2,重点复听，暂缓训练,,,44100,2,PCM_16,451.97,-18.09,0.7124,0.0,0,1,0.00174
CD第2册\37\喻绍泽-秋鸿.wav,喻绍泽,秋鸿,重点复听，暂缓训练,,,44100,2,PCM_16,995.81,-22.58,0.71292,0.0,0,0,0.00116
CD第2册\38\喻绍泽-跃进歌声2.wav,喻绍泽,跃进歌声2,重点复听，暂缓训练,,,44100,2,PCM_16,272.4,-12.62,1.0,0.0002017,19,2,0.00845
CD第2册\38\喻绍泽-醉渔晚唱1.wav,喻绍泽,醉渔晚唱1,重点复听，暂缓训练,,,44100,2,PCM_16,261.93,-16.07,0.8013,0.0,0,1,0.00031
CD第2册\38\喻绍泽-醉渔晚唱2.wav,喻绍泽,醉渔晚唱2,重点复听，暂缓训练,,,44100,2,PCM_16,269.03,-12.03,1.0,8.52e-05,1,0,0.00152
CD第2册\38\喻绍泽-阳春.wav,喻绍泽,阳春,重点复听，暂缓训练,,,44100,2,PCM_16,569.56,-16.4,1.0,1.93e-05,2,1,0.00068
CD第2册\36\喻绍泽-高山1.wav,喻绍泽,高山1,重点复听，暂缓训练,,,44100,2,PCM_16,367.09,-12.69,1.0,0.0001524,12,2,0.00376
CD第2册\36\喻绍泽-高山2.wav,喻绍泽,高山2,技术优先，待耳听,,,44100,2,PCM_16,330.84,-18.45,0.70975,0.0,0,1,0.00178
CD第1册\CD02\夏一峰-良宵引.wav,夏一峰,良宵引,技术优先，待耳听,,,44100,2,PCM_16,169.76,-18.47,1.0,1.27e-05,1,1,0.00037
CD第1册\CD02\夏一峰-静观吟1.wav,夏一峰,静观吟1,技术优先，待耳听,,,44100,2,PCM_16,168.56,-15.24,1.0,0.0002164,10,1,0.002
CD第1册\CD02\夏一峰-静观吟2.wav,夏一峰,静观吟2,技术优先，待耳听,,,44100,2,PCM_16,194.47,-20.58,0.73126,0.0,0,2,0.00955
CD第1册\CD04\夏莲居-风入松.wav,夏莲居,风入松,重点复听，暂缓训练,,,44100,2,PCM_16,149.08,-19.08,1.0,6e-07,0,2,0.00052
CD第4册\67\姚丙炎-华胥引1.wav,姚丙炎,华胥引1,技术优先，待耳听,,,44100,2,PCM_16,126.0,-20.58,0.71094,0.0,0,2,0.0117
CD第4册\66\姚丙炎-古怨.wav,姚丙炎,古怨,技术优先，待耳听,,,44100,2,PCM_16,129.16,-18.45,0.71445,0.0,0,2,0.00277
CD第4册\65\姚丙炎-大胡笳.wav,姚丙炎,大胡笳,技术优先，待耳听,,,44100,2,PCM_16,770.0,-19.61,0.71353,0.0,0,2,0.01182
CD第4册\65\姚丙炎-孤馆遇神1.wav,姚丙炎,孤馆遇神1,重点复听，暂缓训练,,,44100,2,PCM_16,518.83,-15.46,1.0,0.0001174,10,1,0.00214
CD第4册\65\姚丙炎-孤馆遇神2.wav,姚丙炎,孤馆遇神2,重点复听，暂缓训练,,,44100,2,PCM_16,490.05,-25.44,0.72751,0.0,0,2,0.01116
CD第4册\65\姚丙炎-孤馆遇神3.wav,姚丙炎,孤馆遇神3,技术优先，待耳听,,,44100,2,PCM_16,573.49,-16.74,0.71024,0.0,0,1,0.0024
CD第4册\69\姚丙炎-小胡笳.wav,姚丙炎,小胡笳,重点复听，暂缓训练,,,44100,2,PCM_16,789.56,-18.75,0.71106,0.0,0,2,0.00105
CD第4册\68\姚丙炎-屈原问渡.wav,姚丙炎,屈原问渡,重点复听，暂缓训练,,,44100,2,PCM_16,544.63,-23.56,1.0,2.3e-06,0,1,0.01217
CD第4册\68\姚丙炎-平沙落雁1.wav,姚丙炎,平沙落雁1,技术优先，待耳听,,,44100,2,PCM_16,324.12,-16.79,0.7175,0.0,0,1,0.00312
CD第4册\68\姚丙炎-平沙落雁2.wav,姚丙炎,平沙落雁2,重点复听，暂缓训练,,,44100,2,PCM_16,274.87,-20.53,1.0,7e-07,0,1,0.00355
CD第4册\69\姚丙炎-幽兰.wav,姚丙炎,幽兰,重点复听，暂缓训练,,,44100,2,PCM_16,578.37,-12.76,1.0,0.000107,4,0,0.00313
CD第4册\66\姚丙炎-广陵散.wav,姚丙炎,广陵散,技术优先，待耳听,,,44100,2,PCM_16,1248.0,-17.96,0.6962,0.0,0,2,0.00086
CD第4册\68\姚丙炎-忘忧1.wav,姚丙炎,忘忧1,重点复听，暂缓训练,,,44100,2,PCM_16,139.28,-17.35,0.72293,0.0,0,2,0.00217
CD第4册\67\姚丙炎-明君.wav,姚丙炎,明君,技术优先，待耳听,,,44100,2,PCM_16,550.99,-12.91,0.71655,0.0,0,0,0.00869
CD第4册\65\姚丙炎-楚歌1.wav,姚丙炎,楚歌1,重点复听，暂缓训练,,,44100,2,PCM_16,243.0,-19.24,0.71194,0.0,0,2,0.01175
CD第4册\65\姚丙炎-楚歌2.wav,姚丙炎,楚歌2,重点复听，暂缓训练,,,44100,2,PCM_16,298.87,-18.98,0.71698,0.0,0,2,0.01278
CD第4册\69\姚丙炎-潇湘水云1.wav,姚丙炎,潇湘水云1,技术优先，待耳听,,,44100,2,PCM_16,563.12,-15.75,0.71335,0.0,0,2,0.00101
CD第4册\68\姚丙炎-秋宵步月.wav,姚丙炎,秋宵步月,技术优先，待耳听,,,44100,2,PCM_16,206.85,-14.49,0.73596,0.0,0,1,0.00318
CD第4册\67\姚丙炎-胡笳十八拍1.wav,姚丙炎,胡笳十八拍1,技术优先，待耳听,,,44100,2,PCM_16,930.57,-15.66,0.94513,0.0,0,1,0.00073
CD第4册\67\姚丙炎-酒狂2.wav,姚丙炎,酒狂2,技术优先，待耳听,,,44100,2,PCM_16,123.8,-19.32,0.70444,0.0,0,1,0.00037
CD第4册\67\姚丙炎-酒狂3.wav,姚丙炎,酒狂3,重点复听，暂缓训练,,,44100,2,PCM_16,136.92,-14.43,1.0,0.0001095,2,1,0.0174
CD第4册\67\姚丙炎-酒狂4.wav,姚丙炎,酒狂4,技术优先，待耳听,,,44100,2,PCM_16,143.0,-18.22,0.84531,0.0,0,2,0.00132
CD第4册\65\姚丙炎-高山1.wav,姚丙炎,高山1,技术优先，待耳听,,,44100,2,PCM_16,500.35,-16.39,0.68243,0.0,0,3,0.00148
CD第4册\65\姚丙炎-高山2.wav,姚丙炎,高山2,技术优先，待耳听,,,44100,2,PCM_16,461.2,-19.39,0.7121,0.0,0,2,0.002
CD第4册\68\姚丙炎-鸥鹭忘机.wav,姚丙炎,鸥鹭忘机,技术优先，待耳听,,,44100,2,PCM_16,287.45,-16.44,0.70798,0.0,0,1,0.0014
CD第4册\62\孙培章-良宵引.wav,孙培章,良宵引,重点复听，暂缓训练,,,44100,2,PCM_16,181.04,-21.01,1.0,8e-07,0,2,0.00051
CD第4册\62\孙培章-阳关三叠.wav,孙培章,阳关三叠,技术优先，待耳听,,,44100,2,PCM_16,242.92,-16.54,1.0,4.46e-05,5,0,0.00093
CD第4册\59\孙毓芹-乌夜啼.wav,孙毓芹,乌夜啼,技术优先，待耳听,,,44100,2,PCM_16,534.8,-18.84,0.7504,0.0,0,2,0.00037
CD第4册\60\孙毓芹-忆故人1.wav,孙毓芹,忆故人1,技术优先，待耳听,,,44100,2,PCM_16,405.32,-13.55,1.0,0.0001969,15,2,0.00188
CD第4册\60\孙毓芹-忆故人2.wav,孙毓芹,忆故人2,技术优先，待耳听,,,44100,2,PCM_16,417.75,-15.76,0.99802,0.0,0,2,0.00117
CD第4册\59\孙毓芹-梅花三弄.wav,孙毓芹,梅花三弄,重点复听，暂缓训练,,,44100,2,PCM_16,464.8,-13.27,1.0,0.000128,7,1,0.00071
CD第4册\59\孙毓芹-梧叶舞秋风1.wav,孙毓芹,梧叶舞秋风1,重点复听，暂缓训练,,,44100,2,PCM_16,220.52,-16.87,0.77759,0.0,0,1,0.00071
CD第4册\59\孙毓芹-梧叶舞秋风2.wav,孙毓芹,梧叶舞秋风2,技术优先，待耳听,,,44100,2,PCM_16,227.92,-12.76,1.0,7e-07,0,1,0.00441
CD第4册\59\孙毓芹-欸乃-残.wav,孙毓芹,欸乃-残,技术优先，待耳听,,,44100,2,PCM_16,339.21,-21.7,1.0,7e-07,0,2,0.01162
CD第4册\60\孙毓芹-渔樵问答1.wav,孙毓芹,渔樵问答1,重点复听，暂缓训练,,,44100,2,PCM_16,482.68,-24.14,0.60336,0.0,0,1,0.0101
CD第4册\60\孙毓芹-渔樵问答2.wav,孙毓芹,渔樵问答2,技术优先，待耳听,,,44100,2,PCM_16,501.32,-14.82,0.99789,0.0,0,1,0.00195
CD第4册\59\孙毓芹-湘江怨.wav,孙毓芹,湘江怨,技术优先，待耳听,,,44100,2,PCM_16,184.92,-20.73,0.92261,0.0,0,0,0.00796
CD第4册\60\孙毓芹-潇湘水云1.wav,孙毓芹,潇湘水云1,技术优先，待耳听,,,44100,2,PCM_16,614.84,-17.56,0.70956,0.0,0,1,0.01217
CD第4册\60\孙毓芹-潇湘水云2.wav,孙毓芹,潇湘水云2,技术优先，待耳听,,,44100,2,PCM_16,677.07,-17.49,0.72092,0.0,0,3,0.00046
CD第4册\60\孙毓芹-玉楼春晓2.wav,孙毓芹,玉楼春晓2,技术优先，待耳听,,,44100,2,PCM_16,96.15,-17.25,0.99136,0.0,0,2,0.0004
CD第4册\60\孙毓芹-醉渔唱晚.wav,孙毓芹,醉渔唱晚,技术优先，待耳听,,,44100,2,PCM_16,277.32,-15.67,0.70798,0.0,0,0,0.00037
CD第4册\60\孙毓芹-醉渔晚唱.wav,孙毓芹,醉渔晚唱,重点复听，暂缓训练,,,44100,2,PCM_16,252.57,-12.65,1.0,0.0003769,28,1,0.00116
CD第4册\60\孙毓芹-阳关三叠.wav,孙毓芹,阳关三叠,技术优先，待耳听,,,44100,2,PCM_16,223.09,-16.56,1.0,3e-07,0,2,0.00049
CD第3册\44\庄剑丞-潇湘水云-残.wav,庄剑丞,潇湘水云-残,技术优先，待耳听,,,44100,2,PCM_16,692.16,-15.16,0.99997,1.3e-06,0,0,0.00068
CD第1册\CD13\张友鹤-平沙落雁.wav,张友鹤,平沙落雁,技术优先，待耳听,,,44100,2,PCM_16,276.28,-15.12,1.0,4.1e-06,0,1,0.00408
CD第2册\30\张子谦-天风环珮1.wav,张子谦,天风环珮1,重点复听，暂缓训练,,,44100,2,PCM_16,146.37,-15.65,1.0,5.04e-05,1,1,0.00046
CD第2册\31\张子谦-忆故人.wav,张子谦,忆故人,技术优先，待耳听,,,44100,2,PCM_16,405.53,-23.74,0.59131,0.0,0,4,0.00171
CD第2册\29\张子谦-梅花三弄1.wav,张子谦,梅花三弄1,重点复听，暂缓训练,,,44100,2,PCM_16,435.11,-14.76,1.0,0.0001333,8,2,0.00151
CD第2册\29\张子谦-梅花三弄2.wav,张子谦,梅花三弄2,重点复听，暂缓训练,,,44100,2,PCM_16,486.0,-15.01,1.0,4.41e-05,4,2,0.01155
CD第2册\29\张子谦-梅花三弄3.wav,张子谦,梅花三弄3,重点复听，暂缓训练,,,44100,2,PCM_16,491.95,-20.28,0.71194,0.0,0,1,0.00072
CD第2册\28\张子谦-楚歌1.wav,张子谦,楚歌1,重点复听，暂缓训练,,,44100,2,PCM_16,342.77,-16.53,1.0,2.51e-05,2,1,0.01221
CD第2册\28\张子谦-楚歌2.wav,张子谦,楚歌2,技术优先，待耳听,,,44100,2,PCM_16,332.57,-17.52,0.66931,0.0,0,2,0.00052
CD第2册\30\张子谦-樵歌.wav,张子谦,樵歌,技术优先，待耳听,,,44100,2,PCM_16,558.59,-19.48,0.71378,0.0,0,1,0.00063
CD第2册\28\张子谦-泛沧浪.wav,张子谦,泛沧浪,技术优先，待耳听,,,44100,2,PCM_16,175.0,-15.54,0.70798,0.0,0,2,0.002
CD第2册\31\张子谦-渔歌.wav,张子谦,渔歌,技术优先，待耳听,,,44100,2,PCM_16,670.89,-15.6,0.914,0.0,0,0,0.00224
CD第2册\31\张子谦-潇湘水云-残.wav,张子谦,潇湘水云-残,技术优先，待耳听,,,44100,2,PCM_16,515.69,-16.19,0.70798,0.0,0,1,0.00504
CD第2册\30\张子谦-秋塞吟-残.wav,张子谦,秋塞吟-残,重点复听，暂缓训练,,,44100,2,PCM_16,88.93,-17.19,1.0,5.49e-05,0,1,0.00035
CD第2册\30\张子谦-秋鸿1.wav,张子谦,秋鸿1,重点复听，暂缓训练,,,44100,2,PCM_16,744.91,-12.63,1.0,4.6e-06,0,1,0.00066
CD第2册\30\张子谦-秋鸿2.wav,张子谦,秋鸿2,技术优先，待耳听,,,44100,2,PCM_16,827.01,-19.19,0.70999,0.0,0,2,0.00175
CD第2册\28\张子谦-良宵引2.wav,张子谦,良宵引2,重点复听，暂缓训练,,,44100,2,PCM_16,120.61,-19.67,0.71356,0.0,0,2,0.00159
CD第2册\28\张子谦-酒狂2.wav,张子谦,酒狂2,重点复听，暂缓训练,,,44100,2,PCM_16,136.29,-18.21,0.71173,0.0,0,1,0.00045
CD第2册\28\张子谦-长清1.wav,张子谦,长清1,重点复听，暂缓训练,,,44100,2,PCM_16,362.83,-17.06,1.0,7.84e-05,5,1,0.00121
CD第2册\28\张子谦-飞鸣吟.wav,张子谦,飞鸣吟,重点复听，暂缓训练,,,44100,2,PCM_16,118.08,-16.31,1.0,0.0001421,6,2,0.00259
CD第2册\28\张子谦-龙翔操1-残.wav,张子谦,龙翔操1-残,技术优先，待耳听,,,44100,2,PCM_16,279.88,-11.9,1.0,0.0005113,50,1,0.00293
CD第2册\28\张子谦-龙翔操3.wav,张子谦,龙翔操3,技术优先，待耳听,,,44100,2,PCM_16,288.0,-20.54,1.0,4.7e-06,0,2,0.00973
CD第1册\CD09\徐元白-墨子悲丝.wav,徐元白,墨子悲丝,技术优先，待耳听,,,44100,2,PCM_16,843.13,-20.36,0.71576,0.0,0,5,0.00107
CD第1册\CD09\徐元白-普庵咒.wav,徐元白,普庵咒,重点复听，暂缓训练,,,44100,2,PCM_16,334.79,-13.07,1.0,0.0006824,80,1,0.00628
CD第1册\CD10\徐元白-渔樵问答2.wav,徐元白,渔樵问答2,技术优先，待耳听,,,44100,2,PCM_16,475.33,-17.94,0.71045,0.0,0,2,0.00092
CD第1册\CD10\徐元白-渔歌.wav,徐元白,渔歌,技术优先，待耳听,,,44100,2,PCM_16,932.87,-19.85,0.70636,0.0,0,5,0.00131
CD第1册\CD10\徐元白-潇湘水云.wav,徐元白,潇湘水云,技术优先，待耳听,,,44100,2,PCM_16,758.04,-20.88,0.71603,0.0,0,2,0.00072
CD第1册\CD09\徐元白-西泠话雨.wav,徐元白,西泠话雨,重点复听，暂缓训练,,,44100,2,PCM_16,311.4,-22.02,0.70236,0.0,0,0,0.00045
CD第1册\CD09\徐元白-高山.wav,徐元白,高山,技术优先，待耳听,,,44100,2,PCM_16,581.97,-20.94,0.72345,0.0,0,2,0.00082
CD第1册\CD09\徐元白-鸥鹭忘机.wav,徐元白,鸥鹭忘机,技术优先，待耳听,,,44100,2,PCM_16,336.21,-22.18,0.71359,0.0,0,3,0.0005
CD第2册\20\徐立孙-公社之春.wav,徐立孙,公社之春,技术优先，待耳听,,,44100,2,PCM_16,221.13,-16.84,0.99408,0.0,0,0,0.00062
CD第2册\21\徐立孙-平沙落雁.wav,徐立孙,平沙落雁,重点复听，暂缓训练,,,44100,2,PCM_16,248.56,-20.1,0.88574,0.0,0,2,0.0003
CD第2册\21\徐立孙-幽兰.wav,徐立孙,幽兰,技术优先，待耳听,,,44100,2,PCM_16,365.33,-17.59,0.87759,0.0,0,0,0.00034
CD第2册\21\徐立孙-广陵散.wav,徐立孙,广陵散,技术优先，待耳听,,,44100,2,PCM_16,1021.88,-20.16,1.0,0.0,0,1,0.00047
CD第2册\21\徐立孙-广陵散-残.wav,徐立孙,广陵散-残,重点复听，暂缓训练,,,44100,2,PCM_16,772.37,-16.56,0.92273,0.0,0,2,0.00032
CD第2册\20\徐立孙-捣衣1.wav,徐立孙,捣衣1,技术优先，待耳听,,,44100,2,PCM_16,302.03,-21.33,0.73325,0.0,0,2,0.00036
CD第2册\20\徐立孙-捣衣2.wav,徐立孙,捣衣2,技术优先，待耳听,,,44100,2,PCM_16,334.28,-19.81,0.66779,0.0,0,2,0.00019
CD第2册\20\徐立孙-捣衣3.wav,徐立孙,捣衣3,技术优先，待耳听,,,44100,2,PCM_16,324.0,-16.46,0.73999,0.0,0,2,0.01467
CD第2册\21\徐立孙-搔首问天1.wav,徐立孙,搔首问天1,技术优先，待耳听,,,44100,2,PCM_16,279.11,-22.03,0.66513,0.0,0,2,0.00028
CD第2册\20\徐立孙-长门怨1.wav,徐立孙,长门怨1,技术优先，待耳听,,,44100,2,PCM_16,205.21,-15.63,0.74557,0.0,0,2,0.0006
CD第2册\20\徐立孙-长门怨2.wav,徐立孙,长门怨2,技术优先，待耳听,,,44100,2,PCM_16,201.08,-21.38,0.73816,0.0,0,2,0.00017
CD第2册\20\徐立孙-长门怨3.wav,徐立孙,长门怨3,技术优先，待耳听,,,44100,2,PCM_16,188.0,-19.56,0.99936,1e-07,0,3,0.0003
CD第2册\20\徐立孙-风雷引.wav,徐立孙,风雷引,技术优先，待耳听,,,44100,2,PCM_16,131.07,-19.41,0.78183,0.0,0,2,0.00022
CD第4册\74\朱惜辰-挟仙游.wav,朱惜辰,挟仙游,技术优先，待耳听,,,44100,2,PCM_16,210.53,-13.87,0.82501,0.0,0,2,0.00033
CD第4册\74\朱惜辰-搔首问天.wav,朱惜辰,搔首问天,技术优先，待耳听,,,44100,2,PCM_16,312.0,-14.54,0.91968,0.0,0,2,0.00049
CD第4册\74\朱惜辰-秋江夜泊.wav,朱惜辰,秋江夜泊,技术优先，待耳听,,,44100,2,PCM_16,156.6,-16.59,0.90027,0.0,0,1,0.00036
CD第4册\74\朱惜辰-风雷引.wav,朱惜辰,风雷引,重点复听，暂缓训练,,,44100,2,PCM_16,133.13,-14.22,0.97559,0.0,0,2,0.00046
CD第3册\47\朱龙庵-平沙落雁.wav,朱龙庵,平沙落雁,重点复听，暂缓训练,,,44100,2,PCM_16,382.0,-16.68,1.0,0.0003163,44,2,0.00123
CD第3册\47\朱龙庵-忆故人.wav,朱龙庵,忆故人,重点复听，暂缓训练,,,44100,2,PCM_16,515.53,-13.19,1.0,0.0001634,19,1,0.00068
CD第3册\47\朱龙庵-普庵咒.wav,朱龙庵,普庵咒,技术优先，待耳听,,,44100,2,PCM_16,499.11,-12.95,0.7114,0.0,0,2,0.0031
CD第3册\47\朱龙庵-梧叶舞秋风.wav,朱龙庵,梧叶舞秋风,重点复听，暂缓训练,,,44100,2,PCM_16,306.63,-17.02,1.0,0.0002818,27,2,0.00132
CD第3册\47\朱龙庵-渔樵问答.wav,朱龙庵,渔樵问答,重点复听，暂缓训练,,,44100,2,PCM_16,565.76,-13.23,1.0,0.0001249,11,0,0.00042
CD第3册\47\朱龙庵-秋江夜泊.wav,朱龙庵,秋江夜泊,重点复听，暂缓训练,,,44100,2,PCM_16,214.33,-14.62,1.0,0.0004764,38,1,0.00174
CD第3册\47\朱龙庵-长门怨.wav,朱龙庵,长门怨,重点复听，暂缓训练,,,44100,2,PCM_16,328.71,-17.4,1.0,0.0001902,20,2,0.00099
CD第3册\47\朱龙庵-鸥鹭忘机1.wav,朱龙庵,鸥鹭忘机1,重点复听，暂缓训练,,,44100,2,PCM_16,294.71,-16.12,0.98398,0.0,0,1,0.00086
CD第3册\47\朱龙庵-鸥鹭忘机2.wav,朱龙庵,鸥鹭忘机2,重点复听，暂缓训练,,,44100,2,PCM_16,326.55,-17.26,1.0,0.0002004,18,1,0.00154
CD第4册\61\李传爱-潇湘水云.wav,李传爱,潇湘水云,技术优先，待耳听,,,44100,2,PCM_16,695.85,-19.21,1.0,1e-07,0,1,0.00074
CD第4册\57\李璠-平沙落雁1.wav,李璠,平沙落雁1,重点复听，暂缓训练,,,44100,2,PCM_16,309.0,-16.26,0.98398,0.0,0,2,0.0009
CD第4册\57\李璠-平沙落雁2.wav,李璠,平沙落雁2,重点复听，暂缓训练,,,44100,2,PCM_16,419.0,-13.94,1.0,0.0001723,19,2,0.00058
CD第4册\57\李璠-潇湘水云.wav,李璠,潇湘水云,重点复听，暂缓训练,,,44100,2,PCM_16,765.53,-13.99,1.0,7e-07,0,0,2e-05
CD第4册\57\李璠-长门怨.wav,李璠,长门怨,重点复听，暂缓训练,,,44100,2,PCM_16,363.24,-12.93,1.0,0.0004837,58,2,0.0007
CD第4册\57\李璠-高山2.wav,李璠,高山2,重点复听，暂缓训练,,,44100,2,PCM_16,511.84,-12.53,1.0,0.0004802,90,1,0.00173
CD第4册\57\李璠-鸥鹭忘机.wav,李璠,鸥鹭忘机,重点复听，暂缓训练,,,44100,2,PCM_16,377.81,-12.71,1.0,0.0006567,81,1,0.00103
CD第2册\22\杨新伦-乌夜啼.wav,杨新伦,乌夜啼,重点复听，暂缓训练,,,44100,2,PCM_16,400.89,-19.44,0.75272,0.0,0,1,0.01563
CD第2册\22\杨新伦-怀古.wav,杨新伦,怀古,重点复听，暂缓训练,,,44100,2,PCM_16,194.24,-17.79,1.0,9.94e-05,4,2,0.00086
CD第2册\22\杨新伦-玉树临风.wav,杨新伦,玉树临风,重点复听，暂缓训练,,,44100,2,PCM_16,211.69,-15.75,1.0,0.0002044,12,0,0.00162
CD第2册\22\杨新伦-碧涧流泉.wav,杨新伦,碧涧流泉,重点复听，暂缓训练,,,44100,2,PCM_16,242.0,-14.41,1.0,0.0003481,29,2,0.002
CD第2册\22\杨新伦-高山.wav,杨新伦,高山,技术优先，待耳听,,,44100,2,PCM_16,431.51,-22.32,0.72815,0.0,0,2,0.0008
CD第2册\26\杨葆元-伐檀.wav,杨葆元,伐檀,重点复听，暂缓训练,,,44100,2,PCM_16,145.69,-18.95,0.71103,0.0,0,1,0.01084
CD第2册\26\杨葆元-平沙落雁.wav,杨葆元,平沙落雁,重点复听，暂缓训练,,,44100,2,PCM_16,447.0,-18.25,1.0,3.36e-05,3,2,0.01255
CD第2册\26\杨葆元-归去来辞.wav,杨葆元,归去来辞,技术优先，待耳听,,,44100,2,PCM_16,255.0,-21.58,0.71127,0.0,0,2,0.00839
CD第2册\27\杨葆元-桃源春晓.wav,杨葆元,桃源春晓,技术优先，待耳听,,,44100,2,PCM_16,454.23,-14.2,1.0,0.0001734,22,2,0.00165
CD第2册\26\杨葆元-梅花三弄.wav,杨葆元,梅花三弄,技术优先，待耳听,,,44100,2,PCM_16,404.41,-18.53,0.61035,0.0,0,2,0.00054
CD第2册\27\杨葆元-水仙操1.wav,杨葆元,水仙操1,技术优先，待耳听,,,44100,2,PCM_16,567.0,-19.86,0.91968,0.0,0,2,0.0003
CD第2册\27\杨葆元-渔樵问答.wav,杨葆元,渔樵问答,技术优先，待耳听,,,44100,2,PCM_16,599.29,-15.94,0.97672,0.0,0,0,0.00115
CD第2册\26\杨葆元-秋鸿.wav,杨葆元,秋鸿,技术优先，待耳听,,,44100,2,PCM_16,1257.11,-19.25,0.79434,0.0,0,0,0.00027
CD第2册\26\杨葆元-鹿鸣操.wav,杨葆元,鹿鸣操,技术优先，待耳听,,,44100,2,PCM_16,167.0,-21.32,0.71039,0.0,0,2,0.00992
CD第1册\CD11\查阜西-关山月.wav,查阜西,关山月,重点复听，暂缓训练,,,44100,2,PCM_16,194.15,-16.94,1.0,0.0001729,11,2,0.00126
CD第1册\CD11\查阜西-凯歌.wav,查阜西,凯歌,重点复听，暂缓训练,,,44100,2,PCM_16,336.73,-14.31,1.0,0.0001997,11,1,0.00419
CD第1册\CD11\查阜西-大江东去.wav,查阜西,大江东去,重点复听，暂缓训练,,,44100,2,PCM_16,308.72,-16.87,1.0,3.87e-05,4,1,0.00049
CD第1册\CD12\查阜西-忆故人.wav,查阜西,忆故人,重点复听，暂缓训练,,,44100,2,PCM_16,382.63,-13.94,1.0,0.0002656,34,1,0.00448
CD第1册\CD11\查阜西-梅花三弄.wav,查阜西,梅花三弄,重点复听，暂缓训练,,,44100,2,PCM_16,580.8,-15.39,1.0,2.94e-05,1,1,0.00128
CD第1册\CD11\查阜西-洞庭秋思.wav,查阜西,洞庭秋思,重点复听，暂缓训练,,,44100,2,PCM_16,227.57,-24.98,0.99319,0.0,0,2,0.00041
CD第1册\CD12\查阜西-潇湘水云2.wav,查阜西,潇湘水云2,重点复听，暂缓训练,,,44100,2,PCM_16,795.61,-18.73,1.0,0.0001093,21,1,0.00237
CD第1册\CD12\查阜西-醉渔唱晚.wav,查阜西,醉渔唱晚,技术优先，待耳听,,,44100,2,PCM_16,270.6,-21.39,0.95914,0.0,0,0,0.00039
CD第1册\CD11\查阜西-长门怨.wav,查阜西,长门怨,重点复听，暂缓训练,,,44100,2,PCM_16,300.43,-22.1,1.0,2.5e-06,0,1,0.00029
CD第1册\CD12\查阜西-阳关三叠.wav,查阜西,阳关三叠,重点复听，暂缓训练,,,44100,2,PCM_16,250.68,-13.73,1.0,0.0001817,11,1,0.00284
CD第1册\CD11\查阜西-鸥鹭忘机.wav,查阜西,鸥鹭忘机,重点复听，暂缓训练,,,44100,2,PCM_16,324.41,-22.96,0.90018,0.0,0,1,0.00067
CD第1册\CD05\根如-平沙落雁.wav,根如,平沙落雁,重点复听，暂缓训练,,,44100,2,PCM_16,252.0,-17.06,1.0,0.0001593,3,2,0.00184
CD第3册\54\梁在平-梅花三弄-残.wav,梁在平,梅花三弄-残,技术优先，待耳听,,,44100,2,PCM_16,406.31,-16.4,0.98398,0.0,0,0,0.0004
CD第4册\74\毓邻初-风雷引.wav,毓邻初,风雷引,技术优先，待耳听,,,44100,2,PCM_16,217.84,-15.27,1.0,9.42e-05,0,1,0.00291
CD第1册\CD05\汪孟舒-广寒秋.wav,汪孟舒,广寒秋,技术优先，待耳听,,,44100,2,PCM_16,119.69,-14.54,1.0,0.0001762,3,2,0.00049
CD第1册\CD05\汪孟舒-清夜吟.wav,汪孟舒,清夜吟,技术优先，待耳听,,,44100,2,PCM_16,166.8,-17.04,1.0,7.68e-05,1,1,0.00086
CD第4册\61\汪振华-归去来辞.wav,汪振华,归去来辞,技术优先，待耳听,,,44100,2,PCM_16,221.55,-17.56,1.0,2.88e-05,1,1,0.00128
CD第4册\61\汪振华-渔樵问答1.wav,汪振华,渔樵问答1,技术优先，待耳听,,,44100,2,PCM_16,368.24,-15.36,1.0,0.0001448,12,2,0.00178
CD第4册\61\汪振华-渔樵问答2.wav,汪振华,渔樵问答2,重点复听，暂缓训练,,,44100,2,PCM_16,345.15,-13.6,1.0,0.0004809,65,2,0.00522
CD第1册\CD08\沈草农-平沙落雁.wav,沈草农,平沙落雁,技术优先，待耳听,,,44100,2,PCM_16,257.28,-18.68,0.70068,0.0,0,2,0.00372
CD第1册\CD08\沈草农-渔樵问答.wav,沈草农,渔樵问答,技术优先，待耳听,,,44100,2,PCM_16,518.43,-19.43,0.70758,0.0,0,2,0.00088
CD第1册\CD08\沈草农-秋塞.wav,沈草农,秋塞,技术优先，待耳听,,,44100,2,PCM_16,301.19,-13.48,0.73276,0.0,0,2,0.00879
CD第1册\CD08\溥雪斋-普庵咒.wav,溥雪斋,普庵咒,技术优先，待耳听,,,44100,2,PCM_16,431.77,-23.78,0.9238,0.0,0,0,0.00565
CD第1册\CD08\溥雪斋-梅花三弄1.wav,溥雪斋,梅花三弄1,重点复听，暂缓训练,,,44100,2,PCM_16,433.57,-19.8,0.70798,0.0,0,2,0.00103
CD第1册\CD08\溥雪斋-梅花三弄2.wav,溥雪斋,梅花三弄2,重点复听，暂缓训练,,,44100,2,PCM_16,434.51,-21.74,0.99997,1e-07,0,1,0.00018
CD第1册\CD08\溥雪斋-良宵引.wav,溥雪斋,良宵引,重点复听，暂缓训练,,,44100,2,PCM_16,129.83,-21.86,0.99997,2e-07,0,1,0.00031
CD第1册\CD08\溥雪斋-鸥鹭忘机.wav,溥雪斋,鸥鹭忘机,技术优先，待耳听,,,44100,2,PCM_16,246.24,-23.58,1.0,1.3e-06,0,2,0.00031
CD第2册\34\王生香-中秋月.wav,王生香,中秋月,重点复听，暂缓训练,,,44100,2,PCM_16,208.88,-18.0,1.0,0.0002487,18,0,0.00058
CD第2册\34\王生香-古交行.wav,王生香,古交行,重点复听，暂缓训练,,,44100,2,PCM_16,532.41,-17.72,1.0,0.0001537,26,2,0.00192
CD第2册\34\王生香-平沙落雁.wav,王生香,平沙落雁,技术优先，待耳听,,,44100,2,PCM_16,309.0,-17.22,1.0,0.0001674,17,2,0.00216
CD第2册\34\王生香-长门怨.wav,王生香,长门怨,重点复听，暂缓训练,,,44100,2,PCM_16,246.05,-18.97,1.0,7.04e-05,4,2,0.00076
CD第2册\34\程午嘉-关山月.wav,程午嘉,关山月,技术优先，待耳听,,,44100,2,PCM_16,192.79,-19.44,0.70966,0.0,0,1,0.00061
CD第2册\34\程午嘉-平沙落雁.wav,程午嘉,平沙落雁,技术优先，待耳听,,,44100,2,PCM_16,287.56,-18.21,0.70935,0.0,0,2,0.00241
CD第2册\34\程午嘉-玉楼春晓.wav,程午嘉,玉楼春晓,技术优先，待耳听,,,44100,2,PCM_16,120.32,-17.24,0.70612,0.0,0,2,0.00079
CD第2册\34\程午嘉-秋江夜泊.wav,程午嘉,秋江夜泊,技术优先，待耳听,,,44100,2,PCM_16,179.44,-17.96,0.71375,0.0,0,2,0.0007
CD第2册\34\程午嘉-长门怨.wav,程午嘉,长门怨,技术优先，待耳听,,,44100,2,PCM_16,255.44,-19.51,0.71063,0.0,0,2,0.00058
CD第2册\34\程午嘉-风雷引.wav,程午嘉,风雷引,技术优先，待耳听,,,44100,2,PCM_16,203.81,-18.38,0.70856,0.0,0,1,0.00077
CD第1册\CD05\章志荪-客窗夜话.wav,章志荪,客窗夜话,重点复听，暂缓训练,,,44100,2,PCM_16,330.73,-15.75,1.0,0.0006044,37,2,0.04243
CD第1册\CD19\管平湖-乌夜啼.wav,管平湖,乌夜啼,技术优先，待耳听,,,44100,2,PCM_16,511.97,-20.3,0.70514,0.0,0,4,0.01207
CD第1册\CD14\管平湖-关山月.wav,管平湖,关山月,技术优先，待耳听,,,44100,2,PCM_16,163.79,-12.9,1.0,8.9e-06,0,1,0.00052
CD第1册\CD19\管平湖-四大景.wav,管平湖,四大景,重点复听，暂缓训练,,,44100,2,PCM_16,242.0,-14.57,1.0,0.0003198,28,2,0.00449
CD第1册\CD16\管平湖-回忆.wav,管平湖,回忆,重点复听，暂缓训练,,,44100,2,PCM_16,118.23,-13.58,1.0,0.000325,11,2,0.00196
CD第1册\CD14\管平湖-大胡笳.wav,管平湖,大胡笳,技术优先，待耳听,,,44100,2,PCM_16,737.61,-15.89,0.70413,0.0,0,1,0.01109
CD第1册\CD19\管平湖-天风环珮1.wav,管平湖,天风环珮1,技术优先，待耳听,,,44100,2,PCM_16,138.51,-22.63,0.86847,0.0,0,2,0.0002
CD第1册\CD18\管平湖-平沙落雁2.wav,管平湖,平沙落雁2,重点复听，暂缓训练,,,44100,2,PCM_16,405.03,-19.87,0.71579,0.0,0,2,0.00375
CD第1册\CD19\管平湖-幽兰2.wav,管平湖,幽兰2,技术优先，待耳听,,,44100,2,PCM_16,631.0,-25.09,0.90524,0.0,0,2,0.00678
CD第1册\CD19\管平湖-幽兰3.wav,管平湖,幽兰3,重点复听，暂缓训练,,,44100,2,PCM_16,693.05,-14.77,1.0,0.0001836,19,0,0.00736
CD第1册\CD15\管平湖-广陵散1.wav,管平湖,广陵散1,重点复听，暂缓训练,,,44100,2,PCM_16,1355.0,-25.42,0.99057,0.0,0,2,0.00553
CD第1册\CD15\管平湖-广陵散2.wav,管平湖,广陵散2,技术优先，待耳听,,,44100,2,PCM_16,1344.95,-19.61,0.70587,0.0,0,1,0.01107
CD第1册\CD15\管平湖-广陵散3.wav,管平湖,广陵散3,重点复听，暂缓训练,,,44100,2,PCM_16,1349.99,-13.98,1.0,0.0003219,117,0,0.00279
CD第1册\CD14\管平湖-春晓吟.wav,管平湖,春晓吟,重点复听，暂缓训练,,,44100,2,PCM_16,202.92,-13.82,1.0,0.0002456,9,1,0.00384
CD第1册\CD14\管平湖-欸乃.wav,管平湖,欸乃,重点复听，暂缓训练,,,44100,2,PCM_16,752.0,-25.43,0.8877,0.0,0,2,0.00485
CD第1册\CD18\管平湖-水仙操1.wav,管平湖,水仙操1,重点复听，暂缓训练,,,44100,2,PCM_16,564.48,-16.7,1.0,7.76e-05,1,1,0.0018
CD第1册\CD18\管平湖-水仙操2.wav,管平湖,水仙操2,重点复听，暂缓训练,,,44100,2,PCM_16,621.24,-18.33,1.0,7.24e-05,0,0,0.00121
CD第1册\CD17\管平湖-流水1.wav,管平湖,流水1,重点复听，暂缓训练,,,44100,2,PCM_16,456.75,-14.59,1.0,0.0002462,23,1,0.00348
CD第1册\CD17\管平湖-流水2.wav,管平湖,流水2,技术优先，待耳听,,,44100,2,PCM_16,439.41,-13.11,1.0,0.0001694,9,1,0.01736
CD第1册\CD17\管平湖-流水3.wav,管平湖,流水3,重点复听，暂缓训练,,,44100,2,PCM_16,448.0,-15.94,0.98398,0.0,0,3,0.01383
CD第1册\CD17\管平湖-流水4.wav,管平湖,流水4,重点复听，暂缓训练,,,44100,2,PCM_16,462.0,-12.97,1.0,0.0001326,0,2,0.00137
CD第1册\CD14\管平湖-白雪1.wav,管平湖,白雪1,技术优先，待耳听,,,44100,2,PCM_16,304.76,-21.01,0.78702,0.0,0,1,0.00026
CD第1册\CD16\管平湖-离骚1.wav,管平湖,离骚1,技术优先，待耳听,,,44100,2,PCM_16,649.63,-23.51,1.0,2.61e-05,2,553,0.00111
CD第1册\CD16\管平湖-离骚2.wav,管平湖,离骚2,重点复听，暂缓训练,,,44100,2,PCM_16,618.36,-22.62,1.0,1e-07,0,0,0.00668
CD第1册\CD16\管平湖-胡笳十八拍.wav,管平湖,胡笳十八拍,重点复听，暂缓训练,,,44100,2,PCM_16,1189.0,-25.32,0.81775,0.0,0,3,0.00474
CD第1册\CD16\管平湖-胡笳十八拍-残.wav,管平湖,胡笳十八拍-残,重点复听，暂缓训练,,,44100,2,PCM_16,160.56,-14.5,1.0,8.7e-05,0,1,0.00112
CD第1册\CD17\管平湖-良宵引.wav,管平湖,良宵引,技术优先，待耳听,,,44100,2,PCM_16,186.55,-20.5,0.70828,0.0,0,2,0.01284
CD第1册\CD16\管平湖-获麟1.wav,管平湖,获麟1,重点复听，暂缓训练,,,44100,2,PCM_16,248.63,-19.0,0.85239,0.0,0,1,0.00031
CD第1册\CD16\管平湖-获麟2.wav,管平湖,获麟2,技术优先，待耳听,,,44100,2,PCM_16,254.51,-20.37,0.6998,0.0,0,2,0.01099
CD第1册\CD16\管平湖-获麟3.wav,管平湖,获麟3,重点复听，暂缓训练,,,44100,2,PCM_16,278.43,-14.85,1.0,0.0001188,4,1,0.00131
CD第1册\CD14\管平湖-长清.wav,管平湖,长清,技术优先，待耳听,,,44100,2,PCM_16,404.81,-18.65,0.70285,0.0,0,1,0.01021
CD第1册\CD14\管平湖-长门怨.wav,管平湖,长门怨,重点复听，暂缓训练,,,44100,2,PCM_16,346.04,-14.55,1.0,0.0002515,30,2,0.00402
CD第1册\CD19\管平湖-阳关三叠.wav,管平湖,阳关三叠,重点复听，暂缓训练,,,44100,2,PCM_16,227.56,-14.08,1.0,0.0006257,54,1,0.00198
CD第1册\CD19\管平湖-阳春.wav,管平湖,阳春,重点复听，暂缓训练,,,44100,2,PCM_16,329.16,-12.31,1.0,0.0002419,13,2,0.00139
CD第1册\CD14\管平湖-风雷引.wav,管平湖,风雷引,重点复听，暂缓训练,,,44100,2,PCM_16,231.6,-18.54,0.70053,0.0,0,1,0.00711
CD第1册\CD17\管平湖-鸥鹭忘机.wav,管平湖,鸥鹭忘机,技术优先，待耳听,,,44100,2,PCM_16,306.43,-18.88,0.70868,0.0,0,0,0.01048
CD第4册\61\翁瘦苍-平沙落雁.wav,翁瘦苍,平沙落雁,重点复听，暂缓训练,,,44100,2,PCM_16,367.49,-20.24,1.0,1.73e-05,2,2,0.00305
CD第4册\61\翁瘦苍-高山.wav,翁瘦苍,高山,重点复听，暂缓训练,,,44100,2,PCM_16,535.52,-17.39,1.0,0.0001324,24,1,0.00183
CD第3册\55\胡兰-普庵咒.wav,胡兰,普庵咒,技术优先，待耳听,,,44100,2,PCM_16,667.75,-17.09,0.98398,0.0,0,0,0.00177
CD第3册\54\胡斗东-平沙落雁-残.wav,胡斗东,平沙落雁-残,重点复听，暂缓训练,,,44100,2,PCM_16,281.51,-21.0,0.98398,0.0,0,1,0.00308
CD第1册\CD13\胡莹堂-忆故人.wav,胡莹堂,忆故人,重点复听，暂缓训练,,,44100,2,PCM_16,390.19,-15.92,1.0,0.0003096,34,1,0.00435
CD第1册\CD10\胡莹堂-渔歌.wav,胡莹堂,渔歌,技术优先，待耳听,,,44100,2,PCM_16,934.99,-21.64,0.90234,0.0,0,0,0.0005
CD第1册\CD13\胡莹堂-醉渔唱晚.wav,胡莹堂,醉渔唱晚,重点复听，暂缓训练,,,44100,2,PCM_16,206.95,-15.36,1.0,0.0001596,9,1,0.00164
CD第1册\CD13\胡莹堂-长门怨.wav,胡莹堂,长门怨,重点复听，暂缓训练,,,44100,2,PCM_16,325.23,-15.01,1.0,0.0003435,26,2,0.00308
CD第3册\56\莫尚德-忆故人.wav,莫尚德,忆故人,技术优先，待耳听,,,44100,2,PCM_16,340.35,-14.74,0.98398,0.0,0,2,0.00035
CD第3册\42\蔡德允-古琴吟.wav,蔡德允,古琴吟,重点复听，暂缓训练,,,44100,2,PCM_16,63.95,-11.99,0.72934,0.0,0,1,0.0053
CD第3册\42\蔡德允-平沙落雁1.wav,蔡德允,平沙落雁1,重点复听，暂缓训练,,,44100,2,PCM_16,231.01,-21.26,0.7106,0.0,0,3,0.00174
CD第3册\42\蔡德允-平沙落雁2.wav,蔡德允,平沙落雁2,技术优先，待耳听,,,44100,2,PCM_16,349.25,-18.36,0.71545,0.0,0,2,0.00502
CD第3册\43\蔡德允-忆故人.wav,蔡德允,忆故人,重点复听，暂缓训练,,,44100,2,PCM_16,334.21,-18.53,0.71799,0.0,0,2,0.00358
CD第3册\42\蔡德允-慨古吟.wav,蔡德允,慨古吟,重点复听，暂缓训练,,,44100,2,PCM_16,132.79,-18.34,0.71405,0.0,0,1,0.00245
CD第3册\42\蔡德允-梅花三弄.wav,蔡德允,梅花三弄,技术优先，待耳听,,,44100,2,PCM_16,487.95,-19.02,0.71768,0.0,0,1,0.00288
CD第3册\43\蔡德允-梧叶舞秋风.wav,蔡德允,梧叶舞秋风,技术优先，待耳听,,,44100,2,PCM_16,222.01,-17.63,0.70926,0.0,0,2,0.00348
CD第3册\42\蔡德允-水仙操.wav,蔡德允,水仙操,重点复听，暂缓训练,,,44100,2,PCM_16,375.41,-18.81,0.70673,0.0,0,0,0.00176
CD第3册\43\蔡德允-渔樵问答.wav,蔡德允,渔樵问答,技术优先，待耳听,,,44100,2,PCM_16,501.36,-19.38,0.71826,0.0,0,1,0.00396
CD第3册\43\蔡德允-潇湘水云1.wav,蔡德允,潇湘水云1,技术优先，待耳听,,,44100,2,PCM_16,606.0,-21.37,0.9772,0.0,0,4,0.00918
CD第3册\43\蔡德允-潇湘水云2.wav,蔡德允,潇湘水云2,技术优先，待耳听,,,44100,2,PCM_16,604.69,-18.42,0.70749,0.0,0,2,0.00189
CD第3册\43\蔡德允-玉楼春晓.wav,蔡德允,玉楼春晓,技术优先，待耳听,,,44100,2,PCM_16,119.24,-17.62,0.71271,0.0,0,2,0.00431
CD第3册\42\蔡德允-精忠词.wav,蔡德允,精忠词,重点复听，暂缓训练,,,44100,2,PCM_16,67.11,-15.58,0.70923,0.0,0,1,0.00146
CD第3册\42\蔡德允-胡笳十八拍.wav,蔡德允,胡笳十八拍,重点复听，暂缓训练,,,44100,2,PCM_16,706.0,-15.01,0.71939,0.0,0,2,0.00358
CD第3册\42\蔡德允-良宵引.wav,蔡德允,良宵引,重点复听，暂缓训练,,,44100,2,PCM_16,152.01,-16.32,0.71936,0.0,0,2,0.00403
CD第3册\43\蔡德允-醉渔唱晚2.wav,蔡德允,醉渔唱晚2,重点复听，暂缓训练,,,44100,2,PCM_16,193.57,-18.28,0.7168,0.0,0,0,0.03404
CD第3册\42\蔡德允-长门怨.wav,蔡德允,长门怨,重点复听，暂缓训练,,,44100,2,PCM_16,238.37,-21.12,0.77438,0.0,0,2,0.00292
CD第3册\43\蔡德允-阳关三叠.wav,蔡德允,阳关三叠,重点复听，暂缓训练,,,44100,2,PCM_16,209.48,-19.05,0.71304,0.0,0,2,0.00258
CD第3册\43\蔡德允-阳春.wav,蔡德允,阳春,重点复听，暂缓训练,,,44100,2,PCM_16,469.09,-15.54,0.71051,0.0,0,2,0.00381
CD第3册\42\蔡德允-龙翔操.wav,蔡德允,龙翔操,技术优先，待耳听,,,44100,2,PCM_16,257.49,-19.44,0.71744,0.0,0,1,0.0015
CD第1册\CD07\詹澄秋-听泉吟2.wav,詹澄秋,听泉吟2,重点复听，暂缓训练,,,44100,2,PCM_16,90.28,-19.77,0.72678,0.0,0,2,0.00901
CD第1册\CD07\詹澄秋-平沙落雁1.wav,詹澄秋,平沙落雁1,重点复听，暂缓训练,,,44100,2,PCM_16,232.2,-16.66,1.0,0.0001032,4,2,0.0005
CD第1册\CD07\詹澄秋-平沙落雁2.wav,詹澄秋,平沙落雁2,重点复听，暂缓训练,,,44100,2,PCM_16,269.93,-18.11,1.0,0.0001236,6,1,0.00044
CD第1册\CD06\詹澄秋-归去来辞.wav,詹澄秋,归去来辞,技术优先，待耳听,,,44100,2,PCM_16,202.17,-16.24,1.0,7.17e-05,1,2,0.03515
CD第1册\CD06\詹澄秋-捣衣.wav,詹澄秋,捣衣,重点复听，暂缓训练,,,44100,2,PCM_16,429.81,-14.37,1.0,0.0002331,29,1,0.05427
CD第1册\CD06\詹澄秋-流水.wav,詹澄秋,流水,技术优先，待耳听,,,44100,2,PCM_16,189.25,-14.69,1.0,5.07e-05,3,0,0.02776
CD第1册\CD07\詹澄秋-渔樵问答.wav,詹澄秋,渔樵问答,重点复听，暂缓训练,,,44100,2,PCM_16,247.59,-15.71,1.0,2.21e-05,2,0,0.02772
CD第1册\CD07\詹澄秋-潇湘水云.wav,詹澄秋,潇湘水云,重点复听，暂缓训练,,,44100,2,PCM_16,418.07,-12.71,1.0,0.0001202,11,2,0.04481
CD第1册\CD07\詹澄秋-石上流泉.wav,詹澄秋,石上流泉,重点复听，暂缓训练,,,44100,2,PCM_16,194.25,-15.4,1.0,0.0004959,26,1,0.04457
CD第1册\CD07\詹澄秋-秋江夜泊.wav,詹澄秋,秋江夜泊,技术优先，待耳听,,,44100,2,PCM_16,139.81,-18.17,1.0,0.000138,7,1,0.02788
CD第1册\CD06\詹澄秋-高山1.wav,詹澄秋,高山1,重点复听，暂缓训练,,,44100,2,PCM_16,343.67,-15.8,1.0,6.41e-05,3,1,0.03175
CD第1册\CD06\詹澄秋-高山2.wav,詹澄秋,高山2,重点复听，暂缓训练,,,44100,2,PCM_16,294.37,-12.03,1.0,0.0006253,71,1,0.10139
CD第1册\CD06\詹澄秋-鹤舞洞天.wav,詹澄秋,鹤舞洞天,重点复听，暂缓训练,,,44100,2,PCM_16,198.45,-13.64,1.0,0.0004282,28,1,0.05987
CD第3册\55\许光毅-关山月.wav,许光毅,关山月,技术优先，待耳听,,,44100,2,PCM_16,84.72,-16.71,0.72202,0.0,0,1,0.00091
CD第3册\55\许光毅-凤求凰.wav,许光毅,凤求凰,技术优先，待耳听,,,44100,2,PCM_16,77.0,-19.41,0.92621,0.0,0,2,0.00148
CD第3册\55\许光毅-古琴吟.wav,许光毅,古琴吟,技术优先，待耳听,,,44100,2,PCM_16,85.11,-15.74,1.0,5.24e-05,2,2,0.00055
CD第3册\55\许光毅-平沙落雁.wav,许光毅,平沙落雁,重点复听，暂缓训练,,,44100,2,PCM_16,341.57,-15.13,0.72076,0.0,0,1,0.00265
CD第3册\55\许光毅-梅花三弄1.wav,许光毅,梅花三弄1,技术优先，待耳听,,,44100,2,PCM_16,416.77,-17.09,0.71695,0.0,0,2,0.0006
CD第3册\55\许光毅-梅花三弄2.wav,许光毅,梅花三弄2,技术优先，待耳听,,,44100,2,PCM_16,461.55,-22.55,0.70798,0.0,0,2,0.00044
CD第3册\55\许光毅-醉渔唱晚.wav,许光毅,醉渔唱晚,技术优先，待耳听,,,44100,2,PCM_16,267.8,-16.64,0.71072,0.0,0,1,0.002
CD第3册\55\许光毅-阳关三叠.wav,许光毅,阳关三叠,技术优先，待耳听,,,44100,2,PCM_16,272.52,-18.03,0.71411,0.0,0,1,0.00034
CD第4册\70\邵元复-关山月.wav,邵元复,关山月,重点复听，暂缓训练,,,44100,2,PCM_16,104.41,-13.95,0.73923,0.0,0,1,0.00205
CD第4册\70\邵元复-平沙落雁.wav,邵元复,平沙落雁,技术优先，待耳听,,,44100,2,PCM_16,328.93,-13.6,0.77365,0.0,0,0,0.00318
CD第4册\71\邵元复-忆故人.wav,邵元复,忆故人,技术优先，待耳听,,,44100,2,PCM_16,416.65,-12.23,0.82135,0.0,0,1,0.00643
CD第4册\70\邵元复-极乐吟.wav,邵元复,极乐吟,技术优先，待耳听,,,44100,2,PCM_16,78.52,-16.05,0.70798,0.0,0,1,0.00081
CD第4册\71\邵元复-渔樵问答.wav,邵元复,渔樵问答,技术优先，待耳听,,,44100,2,PCM_16,547.56,-9.82,0.83252,0.0,0,1,0.01068
CD第4册\71\邵元复-潇湘水云.wav,邵元复,潇湘水云,技术优先，待耳听,,,44100,2,PCM_16,475.63,-8.86,0.90628,0.0,0,1,0.01284
CD第4册\71\邵元复-玉楼春晓.wav,邵元复,玉楼春晓,重点复听，暂缓训练,,,44100,2,PCM_16,84.09,-15.0,1.0,0.0005238,12,0,0.00188
CD第4册\71\邵元复-秋江夜泊.wav,邵元复,秋江夜泊,技术优先，待耳听,,,44100,2,PCM_16,185.91,-14.46,0.73605,0.0,0,1,0.00161
CD第4册\71\邵元复-秋风词.wav,邵元复,秋风词,重点复听，暂缓训练,,,44100,2,PCM_16,111.51,-12.58,0.72366,0.0,0,1,0.00239
CD第4册\70\邵元复-长门怨.wav,邵元复,长门怨,技术优先，待耳听,,,44100,2,PCM_16,243.68,-14.25,0.74225,0.0,0,1,0.00262
CD第4册\71\邵元复-阳关三叠.wav,邵元复,阳关三叠,技术优先，待耳听,,,44100,2,PCM_16,224.97,-7.67,0.99997,3e-07,0,1,0.03679
CD第4册\70\邵元复-风雷引.wav,邵元复,风雷引,重点复听，暂缓训练,,,44100,2,PCM_16,199.6,-14.26,0.73984,0.0,0,1,0.00207
CD第1册\CD10\郑颖孙-长门怨.wav,郑颖孙,长门怨,技术优先，待耳听,,,44100,2,PCM_16,313.68,-15.95,0.95044,0.0,0,2,0.00692
CD第1册\CD04\郭同甫-平沙落雁.wav,郭同甫,平沙落雁,重点复听，暂缓训练,,,44100,2,PCM_16,342.68,-14.82,1.0,0.0005658,67,1,0.00121
CD第1册\CD13\金致淇-鹿鸣操.wav,金致淇,鹿鸣操,重点复听，暂缓训练,,,44100,2,PCM_16,238.52,-19.1,1.0,0.0003448,32,2,0.00235
CD第4册\62\陈天乐-四大景.wav,陈天乐,四大景,技术优先，待耳听,,,44100,2,PCM_16,384.19,-17.33,1.0,0.0001963,25,2,0.00096
CD第3册\48\陈心园-平沙落雁.wav,陈心园,平沙落雁,技术优先，待耳听,,,44100,2,PCM_16,291.79,-18.16,0.7142,0.0,0,2,0.00037
CD第3册\48\陈心园-搔首问天.wav,陈心园,搔首问天,技术优先，待耳听,,,44100,2,PCM_16,292.87,-13.08,0.98398,0.0,0,1,0.00173
CD第3册\48\陈心园-玉楼春晓.wav,陈心园,玉楼春晓,技术优先，待耳听,,,44100,2,PCM_16,106.25,-16.35,0.711,0.0,0,0,0.00031
CD第3册\48\陈心园-秋江夜泊.wav,陈心园,秋江夜泊,重点复听，暂缓训练,,,44100,2,PCM_16,142.51,-13.22,0.98398,0.0,0,2,0.0011
CD第3册\48\陈心园-长门怨.wav,陈心园,长门怨,技术优先，待耳听,,,44100,2,PCM_16,234.97,-15.86,0.98398,0.0,0,1,0.00092
CD第1册\CD05\陈维斌-普庵咒.wav,陈维斌,普庵咒,重点复听，暂缓训练,,,44100,2,PCM_16,626.68,-11.58,1.0,0.0031139,400,0,0.01968
CD第4册\61\陈蕾士-乌夜啼.wav,陈蕾士,乌夜啼,技术优先，待耳听,,,44100,2,PCM_16,492.43,-14.96,1.0,0.0001115,1,0,0.00079
CD第4册\62\陈阅聪-归去来辞.wav,陈阅聪,归去来辞,重点复听，暂缓训练,,,44100,2,PCM_16,282.2,-20.89,0.70285,0.0,0,2,0.00099
CD第4册\62\陈阅聪-长门怨.wav,陈阅聪,长门怨,重点复听，暂缓训练,,,44100,2,PCM_16,314.0,-22.31,0.70871,0.0,0,2,0.00045
CD第4册\62\陈阅聪-阳关三叠.wav,陈阅聪,阳关三叠,重点复听，暂缓训练,,,44100,2,PCM_16,258.2,-21.34,0.70392,0.0,0,2,0.00032
CD第2册\23\顾梅羹-关山月.wav,顾梅羹,关山月,重点复听，暂缓训练,,,44100,2,PCM_16,170.65,-14.76,1.0,0.0001188,2,1,0.00202
CD第2册\24\顾梅羹-墨子悲丝.wav,顾梅羹,墨子悲丝,技术优先，待耳听,,,44100,2,PCM_16,580.41,-18.65,1.0,3.19e-05,6,1,0.00123
CD第2册\23\顾梅羹-孔子读易1.wav,顾梅羹,孔子读易1,技术优先，待耳听,,,44100,2,PCM_16,323.92,-15.43,1.0,9.97e-05,10,1,0.00088
CD第2册\23\顾梅羹-孔子读易2.wav,顾梅羹,孔子读易2,重点复听，暂缓训练,,,44100,2,PCM_16,337.99,-13.87,0.94119,0.0,0,1,0.00369
CD第2册\24\顾梅羹-平沙落雁1.wav,顾梅羹,平沙落雁1,技术优先，待耳听,,,44100,2,PCM_16,404.65,-16.21,1.0,0.0001099,12,1,0.00106
CD第2册\24\顾梅羹-平沙落雁3.wav,顾梅羹,平沙落雁3,技术优先，待耳听,,,44100,2,PCM_16,365.69,-16.05,1.0,0.000137,7,1,0.00156
CD第2册\25\顾梅羹-忆故人1.wav,顾梅羹,忆故人1,重点复听，暂缓训练,,,44100,2,PCM_16,416.17,-16.12,1.0,0.0001401,17,2,0.00314
CD第2册\25\顾梅羹-忆故人2.wav,顾梅羹,忆故人2,技术优先，待耳听,,,44100,2,PCM_16,413.29,-14.18,1.0,0.0003286,53,1,0.00208
CD第2册\24\顾梅羹-普庵咒.wav,顾梅羹,普庵咒,技术优先，待耳听,,,44100,2,PCM_16,436.39,-16.33,1.0,4.34e-05,1,0,0.00057
CD第2册\24\顾梅羹-梅花三弄2.wav,顾梅羹,梅花三弄2,技术优先，待耳听,,,44100,2,PCM_16,474.33,-13.25,1.0,0.0005015,88,2,0.00231
CD第2册\23\顾梅羹-流水1.wav,顾梅羹,流水1,技术优先，待耳听,,,44100,2,PCM_16,425.72,-14.91,0.99997,2.2e-06,0,1,0.00046
CD第2册\23\顾梅羹-流水2.wav,顾梅羹,流水2,技术优先，待耳听,,,44100,2,PCM_16,436.21,-22.14,1.0,4.4e-06,1,2,0.00052
CD第2册\23\顾梅羹-流水3.wav,顾梅羹,流水3,重点复听，暂缓训练,,,44100,2,PCM_16,431.87,-14.32,1.0,0.0001978,18,1,0.00499
CD第2册\25\顾梅羹-潇湘水云.wav,顾梅羹,潇湘水云,重点复听，暂缓训练,,,44100,2,PCM_16,571.04,-15.11,1.0,0.000145,27,1,0.00308
CD第2册\25\顾梅羹-醉渔唱晚1.wav,顾梅羹,醉渔唱晚1,技术优先，待耳听,,,44100,2,PCM_16,316.07,-13.3,1.0,5.87e-05,2,2,0.00065
CD第2册\25\顾梅羹-醉渔唱晚2.wav,顾梅羹,醉渔唱晚2,重点复听，暂缓训练,,,44100,2,PCM_16,312.53,-16.06,1.0,0.0001952,16,1,0.00211
CD第2册\25\顾梅羹-醉渔唱晚3.wav,顾梅羹,醉渔唱晚3,技术优先，待耳听,,,44100,2,PCM_16,323.63,-14.4,1.0,0.0002717,15,0,0.00145
CD第2册\23\顾梅羹-长侧.wav,顾梅羹,长侧,重点复听，暂缓训练,,,44100,2,PCM_16,408.93,-15.57,1.0,0.0001379,11,1,0.00078
CD第1册\CD01\马景洛-凤鸣朝阳.wav,马景洛,凤鸣朝阳,技术优先，待耳听,,,44100,2,PCM_16,240.71,-14.71,1.0,0.0002201,9,2,0.00049
CD第1册\CD01\马景洛-双鹤听泉.wav,马景洛,双鹤听泉,技术优先，待耳听,,,44100,2,PCM_16,133.72,-16.23,1.0,0.0001968,3,1,0.00074
CD第1册\CD01\马景洛-客窗夜话.wav,马景洛,客窗夜话,技术优先，待耳听,,,44100,2,PCM_16,316.29,-15.76,1.0,0.0001133,5,2,0.00049
CD第1册\CD01\马景洛-梧叶舞秋风.wav,马景洛,梧叶舞秋风,技术优先，待耳听,,,44100,2,PCM_16,222.65,-14.67,1.0,0.0004153,39,2,0.0016
CD第1册\CD01\马景洛-渔樵问答.wav,马景洛,渔樵问答,技术优先，待耳听,,,44100,2,PCM_16,303.36,-13.83,1.0,0.0004194,42,0,0.00076
CD第1册\CD01\马景洛-风云际会.wav,马景洛,风云际会,技术优先，待耳听,,,44100,2,PCM_16,370.64,-17.72,1.0,4.74e-05,0,1,0.00045
CD第4册\64\高仲钧-广寒游.wav,高仲钧,广寒游,技术优先，待耳听,,,44100,2,PCM_16,245.08,-21.43,1.0,3.51e-05,4,2,0.0003
CD第2册\32\高松如-平沙落雁.wav,高松如,平沙落雁,重点复听，暂缓训练,,,44100,2,PCM_16,271.65,-12.79,1.0,0.0004668,49,1,0.00133
CD第2册\32\高松如-渔樵问答.wav,高松如,渔樵问答,技术优先，待耳听,,,44100,2,PCM_16,264.76,-16.57,1.0,0.000248,19,1,0.02773
CD第2册\32\高松如-秋江夜泊.wav,高松如,秋江夜泊,重点复听，暂缓训练,,,44100,2,PCM_16,150.2,-14.12,1.0,0.0004333,22,2,0.0044
CD第2册\22\黄雪辉-忆故人.wav,黄雪辉,忆故人,技术优先，待耳听,,,44100,2,PCM_16,357.16,-18.48,0.70386,0.0,0,2,0.00119
CD第2册\22\黄雪辉-白雪.wav,黄雪辉,白雪,技术优先，待耳听,,,44100,2,PCM_16,338.01,-17.45,0.70081,0.0,0,2,0.00072
CD第2册\22\黄雪辉-秋江夜泊.wav,黄雪辉,秋江夜泊,技术优先，待耳听,,,44100,2,PCM_16,189.64,-16.71,0.70105,0.0,0,1,0.00089
CD第1册\CD05\龙琴舫-捣衣.wav,龙琴舫,捣衣,技术优先，待耳听,,,44100,2,PCM_16,398.4,-23.29,0.78555,0.0,0,2,0.00684
CD第1册\CD05\龙琴舫-观音咒.wav,龙琴舫,观音咒,技术优先，待耳听,,,44100,2,PCM_16,144.07,-12.81,0.92584,0.0,0,2,0.00054
CD第1册\CD01\Hsuh LuYuan-四大景.wav,Hsuh LuYuan,四大景,重点复听，暂缓训练,抽样削波>0.1%；不足1分钟,,44100,2,PCM_16,51.44,-10.43,1.0,0.0021791,31,1,0.00131
CD第3册\41\乐瑛-阳关三叠.wav,乐瑛,阳关三叠,重点复听，暂缓训练,安静处底声相对偏高,,44100,2,PCM_16,187.93,-18.61,0.76297,0.0,0,1,0.00019
CD第2册\32\关仲航-平沙落雁.wav,关仲航,平沙落雁,重点复听，暂缓训练,抽样削波>0.1%,,44100,2,PCM_16,333.08,-13.78,1.0,0.0046666,143,2,0.01028
CD第2册\32\关仲航-潇湘水云.wav,关仲航,潇湘水云,重点复听，暂缓训练,抽样削波>0.1%,,44100,2,PCM_16,554.67,-11.27,1.0,0.0068098,295,1,0.01398
CD第2册\33\刘少椿-山居吟.wav,刘少椿,山居吟,重点复听，暂缓训练,安静处高频偏强,,44100,2,PCM_16,214.33,-20.16,0.99997,1.4e-06,0,2,0.00116
CD第2册\33\刘少椿-酒狂.wav,刘少椿,酒狂,重点复听，暂缓训练,安静处高频偏强,,44100,2,PCM_16,155.08,-20.33,0.70053,0.0,0,2,0.00138
CD第2册\35\刘景韶-平沙落雁2.wav,刘景韶,平沙落雁2,重点复听，暂缓训练,安静处高频偏强,,44100,2,PCM_16,323.09,-16.58,0.70798,0.0,0,2,0.00064
CD第2册\35\刘景韶-长门怨2.wav,刘景韶,长门怨2,重点复听，暂缓训练,安静处高频偏强,,44100,2,PCM_16,276.43,-16.86,0.70798,0.0,0,1,0.00147
CD第4册\70\刘毅志-归去来辞.wav,刘毅志,归去来辞,重点复听，暂缓训练,抽样削波>0.1%,,44100,2,PCM_16,224.21,-11.97,1.0,0.0059061,97,2,0.05672
CD第4册\74\北京古琴研究会-古琴历史录音.wav,北京古琴研究会,古琴历史录音,重点复听，暂缓训练,安静处高频偏强,,44100,2,PCM_16,1758.89,-17.07,1.0,1.2e-06,1,2,0.15426
CD第1册\CD03\卢家炳-平沙落雁1.wav,卢家炳,平沙落雁1,重点复听，暂缓训练,安静处高频偏强,,44100,2,PCM_16,275.55,-16.74,0.70901,0.0,0,2,0.00259
CD第3册\49\卫仲乐-醉渔唱晚2.wav,卫仲乐,醉渔唱晚2,重点复听，暂缓训练,安静处高频偏强,,44100,2,PCM_16,197.83,-19.74,0.65503,0.0,0,2,0.00017
CD第3册\49\卫仲乐-阳关三叠2.wav,卫仲乐,阳关三叠2,重点复听，暂缓训练,安静处高频偏强,,44100,2,PCM_16,223.61,-19.64,0.67447,0.0,0,2,0.00021
CD第4册\64\吴兆奇-阳春.wav,吴兆奇,阳春,重点复听，暂缓训练,安静处高频偏强,,44100,2,PCM_16,597.83,-15.36,1.0,4.72e-05,5,1,0.01002
CD第3册\46\吴振平-梅花三弄-残.wav,吴振平,梅花三弄-残,重点复听，暂缓训练,抽样削波>0.1%；安静处高频偏强,,44100,2,PCM_16,122.75,-11.3,1.0,0.0049402,76,1,0.01096
CD第3册\45\吴景略-梧叶舞秋风.wav,吴景略,梧叶舞秋风,重点复听，暂缓训练,安静处高频偏强,,44100,2,PCM_16,206.48,-26.43,0.89993,0.0,0,1,9e-05
CD第2册\37\喻绍泽-佩兰2.wav,喻绍泽,佩兰2,重点复听，暂缓训练,安静处高频偏强,,44100,2,PCM_16,504.73,-20.38,1.0,1.5e-05,2,2,0.00083
CD第2册\37\喻绍泽-平沙落雁.wav,喻绍泽,平沙落雁,重点复听，暂缓训练,安静处高频偏强,,44100,2,PCM_16,299.81,-15.57,0.99997,5e-06,0,1,0.00052
CD第2册\36\喻绍泽-胡笳十八拍.wav,喻绍泽,胡笳十八拍,重点复听，暂缓训练,安静处高频偏强,,44100,2,PCM_16,755.75,-23.34,0.75522,0.0,0,2,0.00077
CD第2册\38\喻绍泽-跃进歌声1.wav,喻绍泽,跃进歌声1,重点复听，暂缓训练,安静处高频偏强,,44100,2,PCM_16,289.13,-21.71,1.0,1.11e-05,0,2,0.00053
CD第2册\36\喻绍泽-酒狂.wav,喻绍泽,酒狂,重点复听，暂缓训练,安静处高频偏强,,44100,2,PCM_16,116.49,-13.81,0.99997,3.05e-05,0,1,0.00049
CD第1册\CD02\夏一峰-平沙落雁.wav,夏一峰,平沙落雁,重点复听，暂缓训练,抽样削波>0.1%,,44100,2,PCM_16,455.49,-11.86,1.0,0.011832,259,2,0.03775
CD第1册\CD02\夏一峰-渔歌.wav,夏一峰,渔歌,重点复听，暂缓训练,抽样削波>0.1%,,44100,2,PCM_16,808.91,-5.7,1.0,0.0572108,731,0,0.02562
CD第1册\CD02\夏一峰-秋塞吟.wav,夏一峰,秋塞吟,重点复听，暂缓训练,抽样削波>0.1%,,44100,2,PCM_16,493.97,-7.02,1.0,0.039474,420,1,0.03711
CD第1册\CD02\夏一峰-阳关三叠.wav,夏一峰,阳关三叠,重点复听，暂缓训练,抽样削波>0.1%,,44100,2,PCM_16,212.19,-12.9,1.0,0.0048364,159,2,0.01171
CD第1册\CD02\夏一峰-风雷引.wav,夏一峰,风雷引,重点复听，暂缓训练,抽样削波>0.1%,,44100,2,PCM_16,240.53,-12.16,1.0,0.0056467,173,2,0.01104
CD第1册\CD04\夏莲居-春山听杜鹃.wav,夏莲居,春山听杜鹃,重点复听，暂缓训练,安静处高频偏强,,44100,2,PCM_16,305.51,-16.89,1.0,0.0001691,15,2,0.00266
CD第1册\CD04\夏莲居-秋江夜泊.wav,夏莲居,秋江夜泊,重点复听，暂缓训练,安静处高频偏强,,44100,2,PCM_16,142.0,-12.6,1.0,0.0004692,21,2,0.00199
CD第1册\CD04\夏莲居-长安一片月.wav,夏莲居,长安一片月,重点复听，暂缓训练,安静处高频偏强,,44100,2,PCM_16,456.44,-16.2,1.0,3.58e-05,2,1,0.00074
CD第4册\68\姚丙炎-乌夜啼1.wav,姚丙炎,乌夜啼1,重点复听，暂缓训练,安静处高频偏强,,44100,2,PCM_16,485.4,-16.96,1.0,8.84e-05,13,2,0.00202
CD第4册\68\姚丙炎-乌夜啼2.wav,姚丙炎,乌夜啼2,重点复听，暂缓训练,安静处高频偏强,,44100,2,PCM_16,532.12,-16.79,0.7103,0.0,0,0,0.00396
CD第4册\67\姚丙炎-华胥引2.wav,姚丙炎,华胥引2,重点复听，暂缓训练,安静处高频偏强；安静处底声相对偏高,,44100,2,PCM_16,140.4,-13.92,1.0,0.0001847,6,2,0.00227
CD第4册\66\姚丙炎-古风操.wav,姚丙炎,古风操,重点复听，暂缓训练,安静处底声相对偏高,,44100,2,PCM_16,232.25,-20.6,0.85248,0.0,0,2,0.00453
CD第4册\69\姚丙炎-忆故人-残.wav,姚丙炎,忆故人-残,重点复听，暂缓训练,安静处高频偏强,,44100,2,PCM_16,371.2,-20.66,0.78284,0.0,0,2,0.00247
CD第4册\68\姚丙炎-忘忧2.wav,姚丙炎,忘忧2,重点复听，暂缓训练,安静处高频偏强；安静处底声相对偏高,,44100,2,PCM_16,137.65,-20.49,0.69461,0.0,0,1,0.00038
CD第4册\69\姚丙炎-潇湘水云2.wav,姚丙炎,潇湘水云2,重点复听，暂缓训练,安静处高频偏强,,44100,2,PCM_16,518.93,-17.59,0.7225,0.0,0,2,0.00233
CD第4册\67\姚丙炎-胡笳十八拍2.wav,姚丙炎,胡笳十八拍2,重点复听，暂缓训练,安静处高频偏强,,44100,2,PCM_16,932.0,-22.1,1.0,6e-07,0,3,0.0002
CD第4册\67\姚丙炎-酒狂1.wav,姚丙炎,酒狂1,重点复听，暂缓训练,安静处高频偏强；安静处底声相对偏高,,44100,2,PCM_16,136.0,-14.45,0.76184,0.0,0,2,0.00051
CD第4册\69\姚丙炎-阳春.wav,姚丙炎,阳春,重点复听，暂缓训练,安静处高频偏强,,44100,2,PCM_16,420.01,-16.85,0.70999,0.0,0,2,0.00018
CD第4册\59\孙毓芹-凤求凰.wav,孙毓芹,凤求凰,重点复听，暂缓训练,安静处底声相对偏高,,44100,2,PCM_16,78.16,-16.77,0.74869,0.0,0,1,0.00084
CD第4册\59\孙毓芹-太古引.wav,孙毓芹,太古引,重点复听，暂缓训练,安静处底声相对偏高,,44100,2,PCM_16,128.23,-17.53,0.99326,0.0,0,2,0.00075
CD第4册\59\孙毓芹-归去来辞.wav,孙毓芹,归去来辞,重点复听，暂缓训练,安静处底声相对偏高,,44100,2,PCM_16,205.6,-16.33,0.75836,0.0,0,1,0.00075
CD第4册\60\孙毓芹-玉楼春晓1.wav,孙毓芹,玉楼春晓1,重点复听，暂缓训练,安静处高频偏强,,44100,2,PCM_16,93.27,-15.67,1.0,1.83e-05,0,2,0.00039
CD第2册\30\张子谦-天风环珮2.wav,张子谦,天风环珮2,重点复听，暂缓训练,安静处高频偏强,,44100,2,PCM_16,149.73,-18.82,0.70798,0.0,0,0,0.00101
CD第2册\29\张子谦-平沙落雁.wav,张子谦,平沙落雁,重点复听，暂缓训练,安静处高频偏强；安静处底声相对偏高,,44100,2,PCM_16,357.39,-15.23,1.0,0.0001394,16,2,0.00146
CD第2册\28\张子谦-良宵引1.wav,张子谦,良宵引1,重点复听，暂缓训练,安静处高频偏强,,44100,2,PCM_16,102.29,-13.07,1.0,0.0002238,2,1,0.00215
CD第2册\28\张子谦-酒狂1.wav,张子谦,酒狂1,重点复听，暂缓训练,安静处高频偏强,,44100,2,PCM_16,131.8,-14.14,1.0,0.0002122,2,1,0.00113
CD第2册\28\张子谦-长清2.wav,张子谦,长清2,重点复听，暂缓训练,安静处高频偏强,,44100,2,PCM_16,379.08,-14.48,1.0,9.13e-05,9,2,0.00116
CD第2册\28\张子谦-龙翔操2.wav,张子谦,龙翔操2,重点复听，暂缓训练,安静处高频偏强,,44100,2,PCM_16,265.89,-14.97,1.0,0.0001643,10,2,0.00224
CD第2册\28\张子谦-龙翔操4.wav,张子谦,龙翔操4,重点复听，暂缓训练,安静处高频偏强,,44100,2,PCM_16,333.27,-23.06,0.70987,0.0,0,2,0.0006
CD第1册\CD10\徐元白-渔樵问答1-残.wav,徐元白,渔樵问答1-残,重点复听，暂缓训练,安静处高频偏强,,44100,2,PCM_16,298.67,-16.59,1.0,4.41e-05,1,2,0.00118
CD第2册\21\徐立孙-搔首问天2.wav,徐立孙,搔首问天2,重点复听，暂缓训练,安静处高频偏强,,44100,2,PCM_16,289.67,-16.24,0.90936,0.0,0,2,0.00033
CD第4册\57\李璠-高山1.wav,李璠,高山1,重点复听，暂缓训练,安静处高频偏强,,44100,2,PCM_16,408.96,-17.48,0.98398,0.0,0,1,0.00071
CD第2册\22\杨新伦-渔樵问答.wav,杨新伦,渔樵问答,重点复听，暂缓训练,安静处底声相对偏高,,44100,2,PCM_16,335.63,-16.52,1.0,1.9e-06,0,1,0.00035
CD第2册\22\杨新伦-鸥鹭忘机.wav,杨新伦,鸥鹭忘机,重点复听，暂缓训练,安静处高频偏强,,44100,2,PCM_16,185.92,-17.67,0.82291,0.0,0,1,0.00107
CD第3册\56\杨清如-古寺钟声.wav,杨清如,古寺钟声,重点复听，暂缓训练,安静处底声相对偏高,,44100,2,PCM_16,379.32,-8.18,0.98398,0.0,0,1,0.01272
CD第3册\56\杨清如-平沙落雁.wav,杨清如,平沙落雁,重点复听，暂缓训练,安静处底声相对偏高,,44100,2,PCM_16,237.2,-12.44,0.98398,0.0,0,2,0.00194
CD第3册\56\杨清如-慨古吟.wav,杨清如,慨古吟,重点复听，暂缓训练,安静处底声相对偏高,,44100,2,PCM_16,105.0,-9.8,0.98398,0.0,0,2,0.00549
CD第3册\56\杨清如-醉渔唱晚.wav,杨清如,醉渔唱晚,重点复听，暂缓训练,安静处底声相对偏高,,44100,2,PCM_16,202.17,-15.21,0.98398,0.0,0,0,0.00129
CD第3册\56\杨清如-阳关三叠1.wav,杨清如,阳关三叠1,重点复听，暂缓训练,安静处底声相对偏高,,44100,2,PCM_16,182.07,-17.72,0.98398,0.0,0,2,0.00076
CD第3册\56\杨清如-阳关三叠2.wav,杨清如,阳关三叠2,重点复听，暂缓训练,安静处底声相对偏高,,44100,2,PCM_16,193.25,-10.01,0.98398,0.0,0,1,0.00511
CD第3册\56\杨清如-阳关三叠3.wav,杨清如,阳关三叠3,重点复听，暂缓训练,安静处底声相对偏高,,44100,2,PCM_16,148.64,-17.65,0.98398,0.0,0,1,0.00107
CD第2册\27\杨葆元-水仙操2.wav,杨葆元,水仙操2,重点复听，暂缓训练,安静处高频偏强,,44100,2,PCM_16,499.92,-22.78,1.0,2.25e-05,1,3,0.00038
CD第2册\26\杨葆元-流水.wav,杨葆元,流水,重点复听，暂缓训练,安静处高频偏强,,44100,2,PCM_16,424.17,-18.35,1.0,8.13e-05,8,2,0.00092
CD第1册\CD12\查阜西--渔歌.wav,查阜西,-渔歌,重点复听，暂缓训练,安静处底声相对偏高,,44100,2,PCM_16,936.32,-21.84,1.0,3e-07,0,2,0.00074
CD第1册\CD11\查阜西-普庵咒.wav,查阜西,普庵咒,重点复听，暂缓训练,安静处底声相对偏高,,44100,2,PCM_16,608.75,-15.39,1.0,0.000241,51,0,0.00206
CD第1册\CD12\查阜西-潇湘水云1.wav,查阜西,潇湘水云1,重点复听，暂缓训练,安静处高频偏强,,44100,2,PCM_16,846.63,-21.2,1.0,6.96e-05,14,1,0.00088
CD第1册\CD08\溥雪斋-酒狂.wav,溥雪斋,酒狂,重点复听，暂缓训练,安静处高频偏强；安静处底声相对偏高,,44100,2,PCM_16,91.64,-12.93,1.0,0.0001936,0,1,0.00387
CD第3册\56\王凤襄-秋江夜泊.wav,王凤襄,秋江夜泊,重点复听，暂缓训练,安静处底声相对偏高,,44100,2,PCM_16,176.96,-10.33,0.98398,0.0,0,1,0.00452
CD第3册\56\王凤襄-秋风词.wav,王凤襄,秋风词,重点复听，暂缓训练,安静处底声相对偏高,,44100,2,PCM_16,94.92,-10.97,0.98398,0.0,0,1,0.00524
CD第3册\56\王凤襄-良宵引.wav,王凤襄,良宵引,重点复听，暂缓训练,安静处底声相对偏高,,44100,2,PCM_16,149.99,-11.83,0.98398,0.0,0,1,0.00382
CD第2册\34\王生香-酒狂.wav,王生香,酒狂,重点复听，暂缓训练,安静处高频偏强,,44100,2,PCM_16,133.0,-15.49,1.0,0.0002278,6,2,0.00109
CD第4册\73\王绍舜-关山月.wav,王绍舜,关山月,重点复听，暂缓训练,安静处高频偏强,,44100,2,PCM_16,115.29,-25.4,0.85339,0.0,0,2,0.00291
CD第4册\73\王绍舜-梧叶舞秋风.wav,王绍舜,梧叶舞秋风,重点复听，暂缓训练,安静处高频偏强；安静处底声相对偏高,,44100,2,PCM_16,225.23,-26.45,0.97629,0.0,0,3,0.00227
CD第4册\73\王绍舜-渔樵问答.wav,王绍舜,渔樵问答,重点复听，暂缓训练,安静处高频偏强,,44100,2,PCM_16,589.69,-28.14,0.89722,0.0,0,0,0.00174
CD第4册\73\王绍舜-潇湘水云.wav,王绍舜,潇湘水云,重点复听，暂缓训练,安静处高频偏强；安静处底声相对偏高,,44100,2,PCM_16,644.35,-23.39,0.76059,0.0,0,2,0.00234
CD第4册\73\王绍舜-胡笳十八拍.wav,王绍舜,胡笳十八拍,重点复听，暂缓训练,安静处高频偏强,,44100,2,PCM_16,1451.96,-20.43,0.78067,0.0,0,12,0.00302
CD第4册\73\王绍舜-阳关三叠.wav,王绍舜,阳关三叠,重点复听，暂缓训练,安静处高频偏强,,44100,2,PCM_16,258.57,-24.22,0.77258,0.0,0,1,0.00227
CD第1册\CD10\程独清-归去来辞.wav,程独清,归去来辞,重点复听，暂缓训练,安静处高频偏强,,44100,2,PCM_16,317.79,-14.71,1.0,0.0002318,20,2,0.00188
CD第1册\CD19\管平湖-天风环珮2.wav,管平湖,天风环珮2,重点复听，暂缓训练,安静处高频偏强,,44100,2,PCM_16,209.43,-16.44,1.0,8.45e-05,3,2,0.00285
CD第1册\CD18\管平湖-平沙落雁1.wav,管平湖,平沙落雁1,重点复听，暂缓训练,安静处高频偏强,,44100,2,PCM_16,400.28,-15.28,1.0,0.0002265,13,2,0.00184
CD第1册\CD19\管平湖-幽兰1.wav,管平湖,幽兰1,重点复听，暂缓训练,安静处高频偏强,,44100,2,PCM_16,617.35,-14.71,1.0,0.0001311,6,2,0.00201
CD第1册\CD17\管平湖-梅花三弄.wav,管平湖,梅花三弄,重点复听，暂缓训练,安静处高频偏强,,44100,2,PCM_16,483.04,-14.14,1.0,0.0002662,26,1,0.00166
CD第1册\CD19\管平湖-潇湘水云.wav,管平湖,潇湘水云,重点复听，暂缓训练,安静处高频偏强,,44100,2,PCM_16,616.92,-15.03,1.0,0.0001573,11,1,0.00214
CD第1册\CD14\管平湖-白雪2.wav,管平湖,白雪2,重点复听，暂缓训练,安静处底声相对偏高,,44100,2,PCM_16,316.85,-10.37,1.0,0.0003218,18,1,0.00744
CD第1册\CD18\管平湖-秋鸿.wav,管平湖,秋鸿,重点复听，暂缓训练,安静处高频偏强,,44100,2,PCM_16,1447.95,-10.64,1.0,0.0049704,900,1,0.0198
CD第1册\CD17\管平湖-龙翔操.wav,管平湖,龙翔操,重点复听，暂缓训练,安静处高频偏强,,44100,2,PCM_16,418.39,-15.99,1.0,5.27e-05,1,2,0.00164
CD第1册\CD13\胡莹堂-平沙落雁1.wav,胡莹堂,平沙落雁1,重点复听，暂缓训练,抽样削波>0.1%,,44100,2,PCM_16,394.01,-10.62,1.0,0.0153241,241,2,0.0451
CD第1册\CD13\胡莹堂-平沙落雁2.wav,胡莹堂,平沙落雁2,重点复听，暂缓训练,安静处底声相对偏高,,44100,2,PCM_16,380.16,-16.88,0.85718,0.0,0,2,0.001
CD第1册\CD13\胡莹堂-普庵咒-残.wav,胡莹堂,普庵咒-残,重点复听，暂缓训练,安静处底声相对偏高,,44100,2,PCM_16,440.25,-17.43,0.89029,0.0,0,2,0.00066
CD第3册\44\胥桐华-平沙落雁.wav,胥桐华,平沙落雁,重点复听，暂缓训练,抽样削波>0.1%,,44100,2,PCM_16,634.89,-14.53,1.0,0.0018135,192,1,0.00307
CD第3册\44\胥桐华-渔樵问答.wav,胥桐华,渔樵问答,重点复听，暂缓训练,抽样削波>0.1%,,44100,2,PCM_16,550.63,-7.49,1.0,0.023614,486,1,0.02103
CD第3册\44\胥桐华-盘州.wav,胥桐华,盘州,重点复听，暂缓训练,抽样削波>0.1%,,44100,2,PCM_16,697.01,-7.5,1.0,0.0229016,608,2,0.02831
CD第3册\44\胥桐华-耕莘钓渭.wav,胥桐华,耕莘钓渭,重点复听，暂缓训练,抽样削波>0.1%,,44100,2,PCM_16,199.56,-8.24,1.0,0.0203681,146,1,0.02956
CD第3册\44\胥桐华-醉渔唱晚-残.wav,胥桐华,醉渔唱晚-残,重点复听，暂缓训练,抽样削波>0.1%,,44100,2,PCM_16,330.64,-9.5,1.0,0.0132148,235,1,0.00882
CD第3册\42\蔡德允-关山月.wav,蔡德允,关山月,重点复听，暂缓训练,安静处高频偏强,,44100,2,PCM_16,109.44,-17.0,0.71402,0.0,0,1,0.00294
CD第3册\42\蔡德允-普庵咒.wav,蔡德允,普庵咒,重点复听，暂缓训练,安静处高频偏强,,44100,2,PCM_16,499.93,-19.54,0.7316,0.0,0,2,0.00169
CD第3册\43\蔡德允-湘江怨.wav,蔡德允,湘江怨,重点复听，暂缓训练,安静处底声相对偏高,,44100,2,PCM_16,156.32,-15.4,0.73352,0.0,0,1,0.00438
CD第3册\43\蔡德允-醉渔唱晚1.wav,蔡德允,醉渔唱晚1,重点复听，暂缓训练,安静处高频偏强,,44100,2,PCM_16,199.49,-15.13,0.98856,0.0,0,1,0.00325
CD第1册\CD07\詹澄秋-听泉吟1.wav,詹澄秋,听泉吟1,重点复听，暂缓训练,安静处底声相对偏高,,44100,2,PCM_16,94.55,-15.11,1.0,0.0001402,4,1,0.07049
CD第1册\CD07\詹澄秋-挟仙游.wav,詹澄秋,挟仙游,重点复听，暂缓训练,安静处底声相对偏高,,44100,2,PCM_16,218.0,-14.6,1.0,0.0002349,8,2,0.07051
CD第1册\CD07\詹澄秋-水仙操.wav,詹澄秋,水仙操,重点复听，暂缓训练,安静处底声相对偏高,,44100,2,PCM_16,296.88,-15.32,1.0,5.65e-05,3,1,0.03624
CD第1册\CD06\詹澄秋-良宵引.wav,詹澄秋,良宵引,重点复听，暂缓训练,安静处高频偏强,,44100,2,PCM_16,110.0,-17.38,1.0,0.0002522,4,2,0.05723
CD第1册\CD07\詹澄秋-释谈章.wav,詹澄秋,释谈章,重点复听，暂缓训练,安静处底声相对偏高,,44100,2,PCM_16,404.35,-15.31,1.0,0.0001282,13,1,0.02826
CD第1册\CD06\詹澄秋-长门怨.wav,詹澄秋,长门怨,重点复听，暂缓训练,安静处底声相对偏高,,44100,2,PCM_16,216.87,-13.53,1.0,0.000483,33,1,0.08704
CD第4册\72\邓文权-平沙落雁.wav,邓文权,平沙落雁,重点复听，暂缓训练,安静处高频偏强,,44100,2,PCM_16,447.96,-14.35,1.0,2.57e-05,0,1,0.00124
CD第4册\72\邓文权-忆故人.wav,邓文权,忆故人,重点复听，暂缓训练,安静处高频偏强,,44100,2,PCM_16,352.31,-15.01,1.0,8.8e-06,0,2,0.00094
CD第4册\72\邓文权-渔樵问答.wav,邓文权,渔樵问答,重点复听，暂缓训练,安静处高频偏强,,44100,2,PCM_16,378.84,-15.4,0.99997,4e-07,0,1,0.00054
CD第4册\72\邓文权-秋风词.wav,邓文权,秋风词,重点复听，暂缓训练,安静处高频偏强,,44100,2,PCM_16,97.29,-13.81,1.0,4.23e-05,0,1,0.00167
CD第4册\72\邓文权-良宵引.wav,邓文权,良宵引,重点复听，暂缓训练,安静处高频偏强,,44100,2,PCM_16,240.55,-14.73,1.0,8.1e-06,0,1,0.00099
CD第4册\72\邓文权-醉渔唱晚.wav,邓文权,醉渔唱晚,重点复听，暂缓训练,安静处高频偏强,,44100,2,PCM_16,313.99,-12.37,1.0,5.44e-05,0,0,0.00127
CD第4册\72\邓文权-静观吟.wav,邓文权,静观吟,重点复听，暂缓训练,安静处高频偏强,,44100,2,PCM_16,197.0,-16.04,1.0,1.15e-05,0,2,0.00256
CD第4册\70\邵元复-凤求凰.wav,邵元复,凤求凰,重点复听，暂缓训练,抽样削波>0.1%,,44100,2,PCM_16,133.8,-12.37,1.0,0.0014351,43,1,0.00086
CD第4册\71\邵元复-挟仙游.wav,邵元复,挟仙游,重点复听，暂缓训练,安静处底声相对偏高,,44100,2,PCM_16,192.92,-8.49,0.72861,0.0,0,1,0.03324
CD第4册\70\邵元复-捣衣.wav,邵元复,捣衣,重点复听，暂缓训练,安静处底声相对偏高,,44100,2,PCM_16,361.04,-10.57,0.74927,0.0,0,2,0.08995
CD第4册\70\邵元复-梅花三弄.wav,邵元复,梅花三弄,重点复听，暂缓训练,安静处底声相对偏高,,44100,2,PCM_16,434.88,-8.89,0.87521,0.0,0,1,0.01011
CD第4册\71\邵元复-秋夜长.wav,邵元复,秋夜长,重点复听，暂缓训练,安静处高频偏强,,44100,2,PCM_16,144.91,-11.59,0.70798,0.0,0,1,0.00906
CD第1册\CD04\郭同甫-山居吟.wav,郭同甫,山居吟,重点复听，暂缓训练,安静处高频偏强；安静处底声相对偏高,,44100,2,PCM_16,373.4,-16.05,1.0,8.33e-05,6,2,0.00218
CD第1册\CD04\郭同甫-水仙操.wav,郭同甫,水仙操,重点复听，暂缓训练,安静处高频偏强,,44100,2,PCM_16,739.48,-15.43,1.0,0.000331,78,0,0.00196
CD第1册\CD13\金致淇-平沙落雁.wav,金致淇,平沙落雁,重点复听，暂缓训练,安静处底声相对偏高,,44100,2,PCM_16,630.84,-18.09,1.0,0.0005382,114,0,0.00538
CD第3册\48\陈心园-凤求凰.wav,陈心园,凤求凰,重点复听，暂缓训练,安静处底声相对偏高,,44100,2,PCM_16,99.35,-12.62,0.98398,0.0,0,2,0.00317
CD第3册\48\陈心园-秋风词.wav,陈心园,秋风词,重点复听，暂缓训练,安静处底声相对偏高,,44100,2,PCM_16,77.19,-12.36,0.98398,0.0,0,2,0.00123
CD第3册\48\陈心园-风雷引.wav,陈心园,风雷引,重点复听，暂缓训练,安静处底声相对偏高,,44100,2,PCM_16,134.2,-9.84,0.98398,0.0,0,2,0.00762
CD第4册\62\陈阅聪-平沙落雁.wav,陈阅聪,平沙落雁,重点复听，暂缓训练,安静处高频偏强,,44100,2,PCM_16,321.07,-22.83,0.70584,0.0,0,2,0.00031
CD第4册\62\陈阅聪-捣衣.wav,陈阅聪,捣衣,重点复听，暂缓训练,安静处高频偏强,,44100,2,PCM_16,578.49,-23.0,0.7189,0.0,0,2,0.00037
CD第2册\24\顾梅羹-平沙落雁2.wav,顾梅羹,平沙落雁2,重点复听，暂缓训练,抽样削波>0.1%；安静处高频偏强,,44100,2,PCM_16,398.73,-10.06,1.0,0.0014537,219,1,0.01667
CD第2册\24\顾梅羹-梅花三弄1.wav,顾梅羹,梅花三弄1,重点复听，暂缓训练,安静处高频偏强,,44100,2,PCM_16,438.13,-10.32,1.0,0.0005785,94,2,0.0172
CD第2册\23\顾梅羹-汉宫秋月-残.wav,顾梅羹,汉宫秋月-残,重点复听，暂缓训练,抽样削波>0.1%；安静处高频偏强,,44100,2,PCM_16,387.8,-9.56,1.0,0.0010973,172,1,0.01835
CD第2册\23\顾梅羹-离骚.wav,顾梅羹,离骚,重点复听，暂缓训练,抽样削波>0.1%；安静处高频偏强；安静处底声相对偏高,,44100,2,PCM_16,703.08,-9.16,1.0,0.0011726,379,2,0.01765
CD第2册\25\顾梅羹-秋塞吟.wav,顾梅羹,秋塞吟,重点复听，暂缓训练,安静处高频偏强,,44100,2,PCM_16,465.95,-11.33,1.0,0.0004506,67,1,0.0137
CD第2册\23\顾梅羹-高山.wav,顾梅羹,高山,重点复听，暂缓训练,安静处高频偏强,,44100,2,PCM_16,344.61,-10.26,1.0,0.0007782,113,1,0.01835
CD第2册\32\高松如-归去来辞.wav,高松如,归去来辞,重点复听，暂缓训练,安静处高频偏强；安静处底声相对偏高,,44100,2,PCM_16,332.57,-15.32,1.0,3.96e-05,0,1,0.00165
CD第2册\32\高松如-梧叶舞秋风.wav,高松如,梧叶舞秋风,重点复听，暂缓训练,安静处高频偏强,,44100,2,PCM_16,283.04,-10.83,1.0,0.0008806,100,2,0.00314
CD第2册\32\高松如-流水.wav,高松如,流水,重点复听，暂缓训练,安静处高频偏强,,44100,2,PCM_16,268.48,-16.4,1.0,0.0004412,37,1,0.00346
CD第2册\32\高松如-良宵引.wav,高松如,良宵引,重点复听，暂缓训练,安静处高频偏强；安静处底声相对偏高,,44100,2,PCM_16,133.84,-11.56,1.0,0.0004623,20,1,0.00211
CD第2册\32\高松如-长门怨.wav,高松如,长门怨,重点复听，暂缓训练,安静处高频偏强,,44100,2,PCM_16,299.24,-15.37,1.0,0.0007495,91,1,0.00388
CD第1册\CD05\黄渔仙-平沙落雁.wav,黄渔仙,平沙落雁,重点复听，暂缓训练,安静处高频偏强；安静处底声相对偏高,,44100,2,PCM_16,312.96,-12.71,1.0,9.29e-05,2,1,0.00318
