演奏者,曲名,Y盘相对路径,试听文件,该演奏者候选首数,该演奏者技术优先首数,本曲技术优先,已知噪声参照
吴兆基,平沙落雁1,CD第3册\51\吴兆基-平沙落雁1.wav,试听片段/001.flac,29,21,True,False
姚丙炎,华胥引1,CD第4册\67\姚丙炎-华胥引1.wav,试听片段/002.flac,35,15,True,False
管平湖,乌夜啼,CD第1册\CD19\管平湖-乌夜啼.wav,试听片段/003.flac,43,13,True,False
孙毓芹,乌夜啼,CD第4册\59\孙毓芹-乌夜啼.wav,试听片段/004.flac,20,12,True,False
顾梅羹,平沙落雁3,CD第2册\24\顾梅羹-平沙落雁3.wav,试听片段/005.flac,24,11,True,False
徐立孙,公社之春,CD第2册\20\徐立孙-公社之春.wav,试听片段/006.flac,14,11,True,False
张子谦,忆故人,CD第2册\31\张子谦-忆故人.wav,试听片段/007.flac,27,9,True,False
卫仲乐,平沙落雁,CD第3册\49\卫仲乐-平沙落雁.wav,试听片段/008.flac,13,9,True,False
刘景韶,关山月,CD第2册\35\刘景韶-关山月.wav,试听片段/009.flac,12,9,True,False
蔡德允,平沙落雁2,CD第3册\42\蔡德允-平沙落雁2.wav,试听片段/010.flac,24,8,True,False
邵元复,平沙落雁,CD第4册\70\邵元复-平沙落雁.wav,试听片段/011.flac,17,8,True,False
乐瑛,列子御风,CD第3册\40\乐瑛-列子御风.wav,试听片段/012.flac,13,7,True,False
杨葆元,归去来辞,CD第2册\26\杨葆元-归去来辞.wav,试听片段/013.flac,11,7,True,False
刘少椿,平沙落雁,CD第2册\33\刘少椿-平沙落雁.wav,试听片段/014.flac,10,7,True,False
吴宗汉,关山月,CD第3册\39\吴宗汉-关山月.wav,试听片段/015.flac,10,7,True,False
许光毅,关山月,CD第3册\55\许光毅-关山月.wav,试听片段/016.flac,8,7,True,False
喻绍泽,佩兰1,CD第2册\37\喻绍泽-佩兰1.wav,试听片段/017.flac,26,6,True,False
徐元白,墨子悲丝,CD第1册\CD09\徐元白-墨子悲丝.wav,试听片段/018.flac,9,6,True,False
程午嘉,关山月,CD第2册\34\程午嘉-关山月.wav,试听片段/019.flac,6,6,True,False
马景洛,凤鸣朝阳,CD第1册\CD01\马景洛-凤鸣朝阳.wav,试听片段/020.flac,6,6,True,False
陈心园,平沙落雁,CD第3册\48\陈心园-平沙落雁.wav,试听片段/021.flac,8,4,True,False
詹澄秋,流水,CD第1册\CD06\詹澄秋-流水.wav,试听片段/022.flac,19,3,True,False
卢家炳,平沙落雁2,CD第1册\CD03\卢家炳-平沙落雁2.wav,试听片段/023.flac,10,3,True,False
夏一峰,静观吟2,CD第1册\CD02\夏一峰-静观吟2.wav,试听片段/024.flac,8,3,True,False
朱惜辰,挟仙游,CD第4册\74\朱惜辰-挟仙游.wav,试听片段/025.flac,4,3,True,False
周吉荪,良宵引,CD第2册\34\周吉荪-良宵引.wav,试听片段/026.flac,3,3,True,False
沈草农,平沙落雁,CD第1册\CD08\沈草农-平沙落雁.wav,试听片段/027.flac,3,3,True,False
黄雪辉,忆故人,CD第2册\22\黄雪辉-忆故人.wav,试听片段/028.flac,3,3,True,False
溥雪斋,普庵咒,CD第1册\CD08\溥雪斋-普庵咒.wav,试听片段/029.flac,6,2,True,False
汪振华,归去来辞,CD第4册\61\汪振华-归去来辞.wav,试听片段/030.flac,3,2,True,False
汪孟舒,广寒秋,CD第1册\CD05\汪孟舒-广寒秋.wav,试听片段/031.flac,2,2,True,False
龙琴舫,捣衣,CD第1册\CD05\龙琴舫-捣衣.wav,试听片段/032.flac,2,2,True,False
查阜西,醉渔唱晚,CD第1册\CD12\查阜西-醉渔唱晚.wav,试听片段/033.flac,14,1,True,False
朱龙庵,普庵咒,CD第3册\47\朱龙庵-普庵咒.wav,试听片段/034.flac,9,1,True,False
高松如,渔樵问答,CD第2册\32\高松如-渔樵问答.wav,试听片段/035.flac,8,1,True,False
吴景略,普庵咒,CD第3册\45\吴景略-普庵咒.wav,试听片段/036.flac,7,1,True,False
杨新伦,高山,CD第2册\22\杨新伦-高山.wav,试听片段/037.flac,7,1,True,False
胡莹堂,渔歌,CD第1册\CD10\胡莹堂-渔歌.wav,试听片段/038.flac,7,1,True,False
王生香,平沙落雁,CD第2册\34\王生香-平沙落雁.wav,试听片段/039.flac,5,1,True,False
关仲航,渔樵问答,CD第2册\32\关仲航-渔樵问答.wav,试听片段/040.flac,4,1,True,False
孙培章,阳关三叠,CD第4册\62\孙培章-阳关三叠.wav,试听片段/041.flac,2,1,True,False
侯作吾,高山流水,CD第3册\54\侯作吾-高山流水.wav,试听片段/042.flac,1,1,True,False
向笙阶,春闺怨,CD第1册\CD10\向笙阶-春闺怨.wav,试听片段/043.flac,1,1,True,False
庄剑丞,潇湘水云-残,CD第3册\44\庄剑丞-潇湘水云-残.wav,试听片段/044.flac,1,1,True,False
张友鹤,平沙落雁,CD第1册\CD13\张友鹤-平沙落雁.wav,试听片段/045.flac,1,1,True,False
李传爱,潇湘水云,CD第4册\61\李传爱-潇湘水云.wav,试听片段/046.flac,1,1,True,False
梁在平,梅花三弄-残,CD第3册\54\梁在平-梅花三弄-残.wav,试听片段/047.flac,1,1,True,False
毓邻初,风雷引,CD第4册\74\毓邻初-风雷引.wav,试听片段/048.flac,1,1,True,False
胡兰,普庵咒,CD第3册\55\胡兰-普庵咒.wav,试听片段/049.flac,1,1,True,False
莫尚德,忆故人,CD第3册\56\莫尚德-忆故人.wav,试听片段/050.flac,1,1,True,False
郑颖孙,长门怨,CD第1册\CD10\郑颖孙-长门怨.wav,试听片段/051.flac,1,1,True,False
陈天乐,四大景,CD第4册\62\陈天乐-四大景.wav,试听片段/052.flac,1,1,True,False
陈蕾士,乌夜啼,CD第4册\61\陈蕾士-乌夜啼.wav,试听片段/053.flac,1,1,True,False
高仲钧,广寒游,CD第4册\64\高仲钧-广寒游.wav,试听片段/054.flac,1,1,True,False
李璠,高山2,CD第4册\57\李璠-高山2.wav,试听片段/055.flac,7,0,False,False
杨清如,阳关三叠1,CD第3册\56\杨清如-阳关三叠1.wav,试听片段/056.flac,7,0,False,False
邓文权,良宵引,CD第4册\72\邓文权-良宵引.wav,试听片段/057.flac,7,0,False,False
王绍舜,胡笳十八拍,CD第4册\73\王绍舜-胡笳十八拍.wav,试听片段/058.flac,6,0,False,False
吴振平,幽兰,CD第3册\46\吴振平-幽兰.wav,试听片段/059.flac,5,0,False,False
胥桐华,平沙落雁,CD第3册\44\胥桐华-平沙落雁.wav,试听片段/060.flac,5,0,False,False
陈阅聪,长门怨,CD第4册\62\陈阅聪-长门怨.wav,试听片段/061.flac,5,0,False,False
夏莲居,风入松,CD第1册\CD04\夏莲居-风入松.wav,试听片段/062.flac,4,0,False,False
王凤襄,秋江夜泊,CD第3册\56\王凤襄-秋江夜泊.wav,试听片段/063.flac,3,0,False,False
郭同甫,平沙落雁,CD第1册\CD04\郭同甫-平沙落雁.wav,试听片段/064.flac,3,0,False,False
吴兆奇,白雪,CD第4册\64\吴兆奇-白雪.wav,试听片段/065.flac,2,0,False,False
翁瘦苍,平沙落雁,CD第4册\61\翁瘦苍-平沙落雁.wav,试听片段/066.flac,2,0,False,False
金致淇,平沙落雁,CD第1册\CD13\金致淇-平沙落雁.wav,试听片段/067.flac,2,0,False,False
Hsuh LuYuan,四大景,CD第1册\CD01\Hsuh LuYuan-四大景.wav,试听片段/068.flac,1,0,False,False
刘毅志,归去来辞,CD第4册\70\刘毅志-归去来辞.wav,试听片段/069.flac,1,0,False,False
北京古琴研究会,古琴历史录音,CD第4册\74\北京古琴研究会-古琴历史录音.wav,试听片段/070.flac,1,0,False,False
根如,平沙落雁,CD第1册\CD05\根如-平沙落雁.wav,试听片段/071.flac,1,0,False,False
程独清,归去来辞,CD第1册\CD10\程独清-归去来辞.wav,试听片段/072.flac,1,0,False,False
章志荪,客窗夜话,CD第1册\CD05\章志荪-客窗夜话.wav,试听片段/073.flac,1,0,False,False
胡斗东,平沙落雁-残,CD第3册\54\胡斗东-平沙落雁-残.wav,试听片段/074.flac,1,0,False,False
陈维斌,普庵咒,CD第1册\CD05\陈维斌-普庵咒.wav,试听片段/075.flac,1,0,False,False
黄渔仙,平沙落雁,CD第1册\CD05\黄渔仙-平沙落雁.wav,试听片段/076.flac,1,0,False,False
张育瑾,关山月,CD第4册\58\张育瑾-关山月.wav,试听片段/077.flac,7,0,False,True
谢孝苹,梅花三弄,CD第4册\63\谢孝苹-梅花三弄.wav,试听片段/078.flac,12,0,False,True
