演奏者,曲名,Y盘相对路径,原先技术层级,原先复听提示,处理,原因,片段文件,start_seconds,duration_seconds,rms_dbfs,clipped_fraction,quiet_second_fraction
乐瑛,列子御风,CD第3册\40\乐瑛-列子御风.wav,技术优先，待耳听,,本轮训练,,guqin_001.flac,16,60,-20.49,0.0,0.0
乐瑛,平沙落雁1,CD第3册\40\乐瑛-平沙落雁1.wav,技术优先，待耳听,,本轮训练,,guqin_002.flac,14,60,-17.98,0.0,0.0
乐瑛,平沙落雁2,CD第3册\40\乐瑛-平沙落雁2.wav,技术优先，待耳听,,本轮训练,,guqin_003.flac,3,60,-19.81,0.0,0.0
乐瑛,沧海龙吟1,CD第3册\40\乐瑛-沧海龙吟1.wav,重点复听，暂缓训练,,本轮训练,,guqin_004.flac,16,60,-15.74,0.0,0.0
乐瑛,沧海龙吟2,CD第3册\40\乐瑛-沧海龙吟2.wav,技术优先，待耳听,,本轮训练,,guqin_005.flac,56,60,-18.62,0.0,0.0
乐瑛,秋塞吟,CD第3册\40\乐瑛-秋塞吟.wav,重点复听，暂缓训练,,本轮训练,,guqin_006.flac,35,60,-21.99,0.0,0.0
侯作吾,高山流水,CD第3册\54\侯作吾-高山流水.wav,技术优先，待耳听,,本轮训练,,guqin_007.flac,326,60,-22.75,0.0,0.0
关仲航,平沙落雁,CD第2册\32\关仲航-平沙落雁.wav,重点复听，暂缓训练,抽样削波>0.1%,暂缓：未找到合适一分钟,每个一分钟窗口均有削波、长静音或异常电平,,,,,,
关仲航,水仙操,CD第2册\32\关仲航-水仙操.wav,重点复听，暂缓训练,,本轮训练,,guqin_009.flac,4,60,-16.42,9.67e-05,0.0
关仲航,渔樵问答,CD第2册\32\关仲航-渔樵问答.wav,技术优先，待耳听,,本轮训练,,guqin_010.flac,330,60,-22.37,0.0,0.0
关仲航,潇湘水云,CD第2册\32\关仲航-潇湘水云.wav,重点复听，暂缓训练,抽样削波>0.1%,暂缓：未找到合适一分钟,每个一分钟窗口均有削波、长静音或异常电平,,,,,,
刘少椿,墨子悲丝,CD第2册\33\刘少椿-墨子悲丝.wav,重点复听，暂缓训练,,本轮训练,,guqin_012.flac,500,60,-22.0,0.0,0.0
刘少椿,山居吟,CD第2册\33\刘少椿-山居吟.wav,重点复听，暂缓训练,安静处高频偏强,本轮训练,,guqin_013.flac,152,60,-20.33,0.0,0.0
刘少椿,平沙落雁,CD第2册\33\刘少椿-平沙落雁.wav,技术优先，待耳听,,本轮训练,,guqin_014.flac,298,60,-23.63,0.0,0.0
刘少椿,梅花三弄1,CD第2册\33\刘少椿-梅花三弄1.wav,技术优先，待耳听,,本轮训练,,guqin_015.flac,266,60,-21.99,0.0,0.0
刘少椿,梅花三弄2,CD第2册\33\刘少椿-梅花三弄2.wav,技术优先，待耳听,,本轮训练,,guqin_016.flac,202,60,-22.0,0.0,0.0
刘少椿,梧叶舞秋风,CD第2册\33\刘少椿-梧叶舞秋风.wav,技术优先，待耳听,,本轮训练,,guqin_017.flac,75,60,-22.0,0.0,0.0
刘少椿,樵歌,CD第2册\33\刘少椿-樵歌.wav,技术优先，待耳听,,本轮训练,,guqin_018.flac,147,60,-22.06,0.0,0.0
刘少椿,良宵引,CD第2册\33\刘少椿-良宵引.wav,技术优先，待耳听,,本轮训练,,guqin_019.flac,50,60,-22.01,0.0,0.0
刘少椿,酒狂,CD第2册\33\刘少椿-酒狂.wav,重点复听，暂缓训练,安静处高频偏强,本轮训练,,guqin_020.flac,93,60,-21.26,0.0,0.0
刘少椿,龙翔操,CD第2册\33\刘少椿-龙翔操.wav,技术优先，待耳听,,本轮训练,,guqin_021.flac,246,60,-22.0,0.0,0.0
刘景韶,关山月,CD第2册\35\刘景韶-关山月.wav,技术优先，待耳听,,本轮训练,,guqin_022.flac,3,60,-19.77,0.0,0.0
刘景韶,平沙落雁1,CD第2册\35\刘景韶-平沙落雁1.wav,技术优先，待耳听,,本轮训练,,guqin_023.flac,21,60,-20.96,0.0,0.0
刘景韶,平沙落雁2,CD第2册\35\刘景韶-平沙落雁2.wav,重点复听，暂缓训练,安静处高频偏强,本轮训练,,guqin_024.flac,72,60,-17.75,0.0,0.0
刘景韶,归去来辞,CD第2册\35\刘景韶-归去来辞.wav,重点复听，暂缓训练,,本轮训练,,guqin_025.flac,23,60,-21.78,0.0,0.0
刘景韶,捣衣,CD第2册\35\刘景韶-捣衣.wav,技术优先，待耳听,,本轮训练,,guqin_026.flac,9,60,-17.41,0.0,0.0
刘景韶,搔首问天1,CD第2册\35\刘景韶-搔首问天1.wav,技术优先，待耳听,,本轮训练,,guqin_027.flac,316,60,-21.98,0.0,0.0
刘景韶,搔首问天2,CD第2册\35\刘景韶-搔首问天2.wav,技术优先，待耳听,,本轮训练,,guqin_028.flac,47,60,-22.04,0.0,0.0
刘景韶,樵歌,CD第2册\35\刘景韶-樵歌.wav,技术优先，待耳听,,本轮训练,,guqin_029.flac,11,60,-21.87,0.0,0.017
刘景韶,玉楼春晓,CD第2册\35\刘景韶-玉楼春晓.wav,技术优先，待耳听,,本轮训练,,guqin_030.flac,3,60,-16.85,0.0,0.0
刘景韶,秋风词,CD第2册\35\刘景韶-秋风词.wav,技术优先，待耳听,,本轮训练,,guqin_031.flac,0,60,-15.47,0.0,0.0
刘景韶,长门怨1,CD第2册\35\刘景韶-长门怨1.wav,技术优先，待耳听,,本轮训练,,guqin_032.flac,38,60,-22.0,0.0,0.0
刘景韶,长门怨2,CD第2册\35\刘景韶-长门怨2.wav,重点复听，暂缓训练,安静处高频偏强,本轮训练,,guqin_033.flac,90,60,-18.39,0.0,0.0
卢家炳,午夜焚修,CD第1册\CD03\卢家炳-午夜焚修.wav,重点复听，暂缓训练,,本轮训练,,guqin_034.flac,92,60,-22.02,0.0,0.0
卢家炳,孤鸿,CD第1册\CD03\卢家炳-孤鸿.wav,重点复听，暂缓训练,,本轮训练,,guqin_035.flac,232,60,-18.82,0.0,0.0
卢家炳,平沙落雁1,CD第1册\CD03\卢家炳-平沙落雁1.wav,重点复听，暂缓训练,安静处高频偏强,本轮训练,,guqin_036.flac,147,60,-17.58,0.0,0.0
卢家炳,平沙落雁2,CD第1册\CD03\卢家炳-平沙落雁2.wav,技术优先，待耳听,,本轮训练,,guqin_037.flac,3,60,-21.25,0.0,0.0
卢家炳,归去来辞,CD第1册\CD03\卢家炳-归去来辞.wav,技术优先，待耳听,,本轮训练,,guqin_038.flac,54,60,-20.96,0.0,0.0
卢家炳,月下吟,CD第1册\CD03\卢家炳-月下吟.wav,重点复听，暂缓训练,,本轮训练,,guqin_039.flac,188,60,-17.09,0.0,0.0
卢家炳,水仙操1,CD第1册\CD03\卢家炳-水仙操1.wav,重点复听，暂缓训练,,本轮训练,,guqin_040.flac,330,60,-15.12,0.0,0.0
卢家炳,水仙操2,CD第1册\CD03\卢家炳-水仙操2.wav,重点复听，暂缓训练,,本轮训练,,guqin_041.flac,355,60,-22.0,0.0,0.0
卢家炳,碧云深,CD第1册\CD03\卢家炳-碧云深.wav,技术优先，待耳听,,本轮训练,,guqin_042.flac,89,60,-20.23,0.0,0.0
卢家炳,释谈章,CD第1册\CD03\卢家炳-释谈章.wav,重点复听，暂缓训练,,本轮训练,,guqin_043.flac,64,60,-18.56,0.0,0.0
卫仲乐,平沙落雁,CD第3册\49\卫仲乐-平沙落雁.wav,技术优先，待耳听,,暂缓：未找到合适一分钟,每个一分钟窗口均有削波、长静音或异常电平,,,,,,
卫仲乐,普庵咒,CD第3册\49\卫仲乐-普庵咒.wav,重点复听，暂缓训练,,本轮训练,,guqin_045.flac,3,60,-17.45,0.0001323,0.0
卫仲乐,梅花三弄1,CD第3册\49\卫仲乐-梅花三弄1.wav,技术优先，待耳听,,本轮训练,,guqin_046.flac,4,60,-17.16,0.0,0.0
卫仲乐,梅花三弄2,CD第3册\49\卫仲乐-梅花三弄2.wav,技术优先，待耳听,,本轮训练,,guqin_047.flac,35,60,-14.5,0.0001253,0.0
卫仲乐,流水,CD第3册\49\卫仲乐-流水.wav,技术优先，待耳听,,本轮训练,,guqin_048.flac,87,60,-16.86,0.0,0.0
卫仲乐,流水-残,CD第3册\49\卫仲乐-流水-残.wav,技术优先，待耳听,,本轮训练,,guqin_049.flac,3,60,-21.68,0.0,0.0
卫仲乐,醉渔唱晚1,CD第3册\49\卫仲乐-醉渔唱晚1.wav,技术优先，待耳听,,本轮训练,,guqin_050.flac,96,60,-13.63,3.4e-05,0.0
卫仲乐,醉渔唱晚2,CD第3册\49\卫仲乐-醉渔唱晚2.wav,重点复听，暂缓训练,安静处高频偏强,本轮训练,,guqin_051.flac,13,60,-22.02,0.0,0.0
卫仲乐,醉渔唱晚3,CD第3册\49\卫仲乐-醉渔唱晚3.wav,技术优先，待耳听,,本轮训练,,guqin_052.flac,18,60,-15.87,0.0001863,0.0
卫仲乐,醉渔唱晚4,CD第3册\49\卫仲乐-醉渔唱晚4.wav,技术优先，待耳听,,本轮训练,,guqin_053.flac,3,60,-20.86,0.0,0.0
卫仲乐,长门怨,CD第3册\49\卫仲乐-长门怨.wav,技术优先，待耳听,,暂缓：未找到合适一分钟,每个一分钟窗口均有削波、长静音或异常电平,,,,,,
卫仲乐,阳关三叠1,CD第3册\49\卫仲乐-阳关三叠1.wav,重点复听，暂缓训练,,本轮训练,,guqin_055.flac,3,60,-15.73,0.0,0.0
卫仲乐,阳关三叠2,CD第3册\49\卫仲乐-阳关三叠2.wav,重点复听，暂缓训练,安静处高频偏强,本轮训练,,guqin_056.flac,12,60,-20.17,0.0,0.0
吴兆基,平沙落雁1,CD第3册\51\吴兆基-平沙落雁1.wav,技术优先，待耳听,,本轮训练,,guqin_057.flac,39,60,-21.84,0.0,0.0
吴兆基,平沙落雁2,CD第3册\51\吴兆基-平沙落雁2.wav,技术优先，待耳听,,本轮训练,,guqin_058.flac,39,60,-16.4,8.69e-05,0.0
吴兆基,普庵咒1,CD第3册\51\吴兆基-普庵咒1.wav,技术优先，待耳听,,本轮训练,,guqin_059.flac,299,60,-15.12,0.0,0.0
吴兆基,普庵咒2,CD第3册\51\吴兆基-普庵咒2.wav,重点复听，暂缓训练,,本轮训练,,guqin_060.flac,157,60,-14.51,3.65e-05,0.0
吴兆基,石上流泉1,CD第3册\51\吴兆基-石上流泉1.wav,技术优先，待耳听,,本轮训练,,guqin_061.flac,4,60,-22.04,0.0,0.0
吴兆基,石上流泉2,CD第3册\51\吴兆基-石上流泉2.wav,技术优先，待耳听,,本轮训练,,guqin_062.flac,82,60,-15.4,2.5e-06,0.0
吴兆基,秋塞吟1,CD第3册\51\吴兆基-秋塞吟1.wav,技术优先，待耳听,,本轮训练,,guqin_063.flac,229,60,-22.0,0.0,0.0
吴兆基,秋塞吟2,CD第3册\51\吴兆基-秋塞吟2.wav,技术优先，待耳听,,本轮训练,,guqin_064.flac,81,60,-22.05,1.1e-06,0.0
吴兆基,秋塞吟3,CD第3册\51\吴兆基-秋塞吟3.wav,技术优先，待耳听,,本轮训练,,guqin_065.flac,10,60,-22.29,9e-07,0.0
吴兆奇,白雪,CD第4册\64\吴兆奇-白雪.wav,重点复听，暂缓训练,,本轮训练,,guqin_066.flac,133,60,-22.01,0.0,0.0
吴兆奇,阳春,CD第4册\64\吴兆奇-阳春.wav,重点复听，暂缓训练,安静处高频偏强,本轮训练,,guqin_067.flac,242,60,-17.43,2.15e-05,0.0
吴景略,忆故人,CD第3册\45\吴景略-忆故人.wav,重点复听，暂缓训练,,本轮训练,,guqin_068.flac,107,60,-15.82,0.0001158,0.0
吴景略,普庵咒,CD第3册\45\吴景略-普庵咒.wav,技术优先，待耳听,,本轮训练,,guqin_069.flac,3,60,-20.91,0.0,0.0
吴景略,梧叶舞秋风,CD第3册\45\吴景略-梧叶舞秋风.wav,重点复听，暂缓训练,安静处高频偏强,本轮训练,,guqin_070.flac,72,60,-24.95,0.0,0.0
吴景略,渔樵问答,CD第3册\45\吴景略-渔樵问答.wav,重点复听，暂缓训练,,暂缓：未找到合适一分钟,每个一分钟窗口均有削波、长静音或异常电平,,,,,,
吴景略,潇湘水云,CD第3册\45\吴景略-潇湘水云.wav,重点复听，暂缓训练,,暂缓：未找到合适一分钟,每个一分钟窗口均有削波、长静音或异常电平,,,,,,
吴景略,离骚,CD第3册\45\吴景略-离骚.wav,重点复听，暂缓训练,,本轮训练,,guqin_073.flac,330,60,-12.75,2.1e-06,0.0
吴景略,阳关三叠,CD第3册\45\吴景略-阳关三叠.wav,重点复听，暂缓训练,,本轮训练,,guqin_074.flac,127,60,-15.23,5.84e-05,0.0
周吉荪,平沙落雁,CD第2册\34\周吉荪-平沙落雁.wav,技术优先，待耳听,,本轮训练,,guqin_075.flac,422,60,-20.6,8.9e-06,0.0
周吉荪,潇湘水云,CD第2册\34\周吉荪-潇湘水云.wav,技术优先，待耳听,,本轮训练,,guqin_076.flac,268,60,-22.0,0.0,0.0
周吉荪,良宵引,CD第2册\34\周吉荪-良宵引.wav,技术优先，待耳听,,本轮训练,,guqin_077.flac,77,60,-18.35,7.77e-05,0.0
喻绍泽,佩兰1,CD第2册\37\喻绍泽-佩兰1.wav,技术优先，待耳听,,本轮训练,,guqin_078.flac,47,60,-21.81,0.0,0.0
喻绍泽,佩兰2,CD第2册\37\喻绍泽-佩兰2.wav,重点复听，暂缓训练,安静处高频偏强,本轮训练,,guqin_079.flac,438,60,-22.02,0.0,0.0
喻绍泽,平沙落雁,CD第2册\37\喻绍泽-平沙落雁.wav,重点复听，暂缓训练,安静处高频偏强,本轮训练,,guqin_080.flac,161,60,-16.33,1.9e-06,0.0
喻绍泽,普庵咒,CD第2册\37\喻绍泽-普庵咒.wav,技术优先，待耳听,,本轮训练,,guqin_081.flac,300,60,-11.45,8.45e-05,0.0
喻绍泽,梅花三弄,CD第2册\37\喻绍泽-梅花三弄.wav,重点复听，暂缓训练,,本轮训练,,guqin_082.flac,35,60,-15.03,2.1e-06,0.0
喻绍泽,秋鸿,CD第2册\37\喻绍泽-秋鸿.wav,重点复听，暂缓训练,,本轮训练,,guqin_083.flac,420,60,-22.0,0.0,0.0
夏一峰,平沙落雁,CD第1册\CD02\夏一峰-平沙落雁.wav,重点复听，暂缓训练,抽样削波>0.1%,暂缓：未找到合适一分钟,每个一分钟窗口均有削波、长静音或异常电平,,,,,,
夏一峰,渔歌,CD第1册\CD02\夏一峰-渔歌.wav,重点复听，暂缓训练,抽样削波>0.1%,暂缓：未找到合适一分钟,每个一分钟窗口均有削波、长静音或异常电平,,,,,,
夏一峰,秋塞吟,CD第1册\CD02\夏一峰-秋塞吟.wav,重点复听，暂缓训练,抽样削波>0.1%,暂缓：未找到合适一分钟,每个一分钟窗口均有削波、长静音或异常电平,,,,,,
夏一峰,良宵引,CD第1册\CD02\夏一峰-良宵引.wav,技术优先，待耳听,,本轮训练,,guqin_087.flac,102,60,-20.33,0.0,0.0
夏一峰,阳关三叠,CD第1册\CD02\夏一峰-阳关三叠.wav,重点复听，暂缓训练,抽样削波>0.1%,暂缓：未找到合适一分钟,每个一分钟窗口均有削波、长静音或异常电平,,,,,,
夏一峰,静观吟1,CD第1册\CD02\夏一峰-静观吟1.wav,技术优先，待耳听,,本轮训练,,guqin_089.flac,107,60,-14.99,0.0001224,0.0
夏一峰,静观吟2,CD第1册\CD02\夏一峰-静观吟2.wav,技术优先，待耳听,,本轮训练,,guqin_090.flac,3,60,-21.51,0.0,0.0
夏一峰,风雷引,CD第1册\CD02\夏一峰-风雷引.wav,重点复听，暂缓训练,抽样削波>0.1%,暂缓：未找到合适一分钟,每个一分钟窗口均有削波、长静音或异常电平,,,,,,
夏莲居,春山听杜鹃,CD第1册\CD04\夏莲居-春山听杜鹃.wav,重点复听，暂缓训练,安静处高频偏强,本轮训练,,guqin_092.flac,28,60,-18.27,5.95e-05,0.0
夏莲居,秋江夜泊,CD第1册\CD04\夏莲居-秋江夜泊.wav,重点复听，暂缓训练,安静处高频偏强,暂缓：未找到合适一分钟,每个一分钟窗口均有削波、长静音或异常电平,,,,,,
夏莲居,长安一片月,CD第1册\CD04\夏莲居-长安一片月.wav,重点复听，暂缓训练,安静处高频偏强,本轮训练,,guqin_094.flac,56,60,-17.88,6.4e-06,0.0
夏莲居,风入松,CD第1册\CD04\夏莲居-风入松.wav,重点复听，暂缓训练,,本轮训练,,guqin_095.flac,3,60,-19.2,0.0,0.0
姚丙炎,华胥引1,CD第4册\67\姚丙炎-华胥引1.wav,技术优先，待耳听,,本轮训练,,guqin_096.flac,3,60,-21.32,0.0,0.0
姚丙炎,华胥引2,CD第4册\67\姚丙炎-华胥引2.wav,重点复听，暂缓训练,安静处高频偏强；安静处底声相对偏高,本轮训练,,guqin_097.flac,62,60,-14.76,0.0001136,0.0
姚丙炎,明君,CD第4册\67\姚丙炎-明君.wav,技术优先，待耳听,,本轮训练,,guqin_098.flac,81,60,-14.64,0.0,0.0
姚丙炎,胡笳十八拍1,CD第4册\67\姚丙炎-胡笳十八拍1.wav,技术优先，待耳听,,本轮训练,,guqin_099.flac,12,60,-18.81,0.0,0.0
姚丙炎,胡笳十八拍2,CD第4册\67\姚丙炎-胡笳十八拍2.wav,重点复听，暂缓训练,安静处高频偏强,本轮训练,,guqin_100.flac,276,60,-22.0,0.0,0.0
姚丙炎,酒狂1,CD第4册\67\姚丙炎-酒狂1.wav,重点复听，暂缓训练,安静处高频偏强；安静处底声相对偏高,本轮训练,,guqin_101.flac,74,60,-14.53,0.0,0.0
姚丙炎,酒狂2,CD第4册\67\姚丙炎-酒狂2.wav,技术优先，待耳听,,本轮训练,,guqin_102.flac,62,60,-19.66,0.0,0.0
姚丙炎,酒狂3,CD第4册\67\姚丙炎-酒狂3.wav,重点复听，暂缓训练,,本轮训练,,guqin_103.flac,15,60,-15.19,6.44e-05,0.0
姚丙炎,酒狂4,CD第4册\67\姚丙炎-酒狂4.wav,技术优先，待耳听,,本轮训练,,guqin_104.flac,81,60,-18.38,0.0,0.0
孙毓芹,乌夜啼,CD第4册\59\孙毓芹-乌夜啼.wav,技术优先，待耳听,,本轮训练,,guqin_105.flac,50,60,-22.02,0.0,0.0
孙毓芹,凤求凰,CD第4册\59\孙毓芹-凤求凰.wav,重点复听，暂缓训练,安静处底声相对偏高,本轮训练,,guqin_106.flac,17,60,-16.89,0.0,0.0
孙毓芹,太古引,CD第4册\59\孙毓芹-太古引.wav,重点复听，暂缓训练,安静处底声相对偏高,本轮训练,,guqin_107.flac,3,60,-18.13,0.0,0.0
孙毓芹,归去来辞,CD第4册\59\孙毓芹-归去来辞.wav,重点复听，暂缓训练,安静处底声相对偏高,本轮训练,,guqin_108.flac,3,60,-17.2,0.0,0.0
孙毓芹,梅花三弄,CD第4册\59\孙毓芹-梅花三弄.wav,重点复听，暂缓训练,,本轮训练,,guqin_109.flac,231,60,-15.13,4.89e-05,0.0
孙毓芹,梧叶舞秋风1,CD第4册\59\孙毓芹-梧叶舞秋风1.wav,重点复听，暂缓训练,,本轮训练,,guqin_110.flac,31,60,-17.94,0.0,0.0
孙毓芹,梧叶舞秋风2,CD第4册\59\孙毓芹-梧叶舞秋风2.wav,技术优先，待耳听,,本轮训练,,guqin_111.flac,26,60,-14.18,8e-07,0.0
孙毓芹,欸乃-残,CD第4册\59\孙毓芹-欸乃-残.wav,技术优先，待耳听,,本轮训练,,guqin_112.flac,185,60,-22.0,0.0,0.0
孙毓芹,湘江怨,CD第4册\59\孙毓芹-湘江怨.wav,技术优先，待耳听,,本轮训练,,guqin_113.flac,3,60,-21.28,0.0,0.0
徐元白,墨子悲丝,CD第1册\CD09\徐元白-墨子悲丝.wav,技术优先，待耳听,,本轮训练,,guqin_114.flac,146,60,-21.99,0.0,0.0
徐元白,普庵咒,CD第1册\CD09\徐元白-普庵咒.wav,重点复听，暂缓训练,,暂缓：未找到合适一分钟,每个一分钟窗口均有削波、长静音或异常电平,,,,,,
徐元白,西泠话雨,CD第1册\CD09\徐元白-西泠话雨.wav,重点复听，暂缓训练,,本轮训练,,guqin_116.flac,181,60,-22.0,0.0,0.0
徐元白,高山,CD第1册\CD09\徐元白-高山.wav,技术优先，待耳听,,本轮训练,,guqin_117.flac,108,60,-22.0,0.0,0.0
徐元白,鸥鹭忘机,CD第1册\CD09\徐元白-鸥鹭忘机.wav,技术优先，待耳听,,本轮训练,,guqin_118.flac,267,60,-22.0,0.0,0.0
徐立孙,公社之春,CD第2册\20\徐立孙-公社之春.wav,技术优先，待耳听,,本轮训练,,guqin_119.flac,161,60,-17.58,0.0,0.0
徐立孙,捣衣1,CD第2册\20\徐立孙-捣衣1.wav,技术优先，待耳听,,本轮训练,,guqin_120.flac,27,60,-22.0,0.0,0.0
徐立孙,捣衣2,CD第2册\20\徐立孙-捣衣2.wav,技术优先，待耳听,,本轮训练,,guqin_121.flac,18,60,-21.99,0.0,0.0
徐立孙,捣衣3,CD第2册\20\徐立孙-捣衣3.wav,技术优先，待耳听,,本轮训练,,guqin_122.flac,3,60,-18.3,0.0,0.0
徐立孙,长门怨1,CD第2册\20\徐立孙-长门怨1.wav,技术优先，待耳听,,本轮训练,,guqin_123.flac,3,60,-16.51,0.0,0.0
徐立孙,长门怨2,CD第2册\20\徐立孙-长门怨2.wav,技术优先，待耳听,,本轮训练,,guqin_124.flac,24,60,-22.0,0.0,0.0
徐立孙,长门怨3,CD第2册\20\徐立孙-长门怨3.wav,技术优先，待耳听,,本轮训练,,guqin_125.flac,43,60,-20.72,2e-07,0.0
徐立孙,风雷引,CD第2册\20\徐立孙-风雷引.wav,技术优先，待耳听,,本轮训练,,guqin_126.flac,7,60,-19.95,0.0,0.0
朱惜辰,挟仙游,CD第4册\74\朱惜辰-挟仙游.wav,技术优先，待耳听,,本轮训练,,guqin_127.flac,148,60,-14.45,0.0,0.0
朱惜辰,搔首问天,CD第4册\74\朱惜辰-搔首问天.wav,技术优先，待耳听,,本轮训练,,guqin_128.flac,3,60,-16.69,0.0,0.0
朱惜辰,秋江夜泊,CD第4册\74\朱惜辰-秋江夜泊.wav,技术优先，待耳听,,本轮训练,,guqin_129.flac,15,60,-16.94,0.0,0.0
朱惜辰,风雷引,CD第4册\74\朱惜辰-风雷引.wav,重点复听，暂缓训练,,本轮训练,,guqin_130.flac,3,60,-14.68,0.0,0.0
杨清如,古寺钟声,CD第3册\56\杨清如-古寺钟声.wav,重点复听，暂缓训练,安静处底声相对偏高,本轮训练,,guqin_131.flac,185,60,-9.82,0.0,0.0
杨清如,平沙落雁,CD第3册\56\杨清如-平沙落雁.wav,重点复听，暂缓训练,安静处底声相对偏高,本轮训练,,guqin_132.flac,160,60,-13.36,0.0,0.0
杨清如,慨古吟,CD第3册\56\杨清如-慨古吟.wav,重点复听，暂缓训练,安静处底声相对偏高,本轮训练,,guqin_133.flac,5,60,-9.66,0.0,0.0
杨清如,醉渔唱晚,CD第3册\56\杨清如-醉渔唱晚.wav,重点复听，暂缓训练,安静处底声相对偏高,本轮训练,,guqin_134.flac,142,60,-15.55,0.0,0.0
杨清如,阳关三叠1,CD第3册\56\杨清如-阳关三叠1.wav,重点复听，暂缓训练,安静处底声相对偏高,本轮训练,,guqin_135.flac,120,60,-18.12,0.0,0.0
杨清如,阳关三叠2,CD第3册\56\杨清如-阳关三叠2.wav,重点复听，暂缓训练,安静处底声相对偏高,本轮训练,,guqin_136.flac,110,60,-10.45,0.0,0.0
杨清如,阳关三叠3,CD第3册\56\杨清如-阳关三叠3.wav,重点复听，暂缓训练,安静处底声相对偏高,本轮训练,,guqin_137.flac,87,60,-18.2,0.0,0.0
杨葆元,伐檀,CD第2册\26\杨葆元-伐檀.wav,重点复听，暂缓训练,,本轮训练,,guqin_138.flac,6,60,-19.44,0.0,0.0
杨葆元,平沙落雁,CD第2册\26\杨葆元-平沙落雁.wav,重点复听，暂缓训练,,本轮训练,,guqin_139.flac,11,60,-21.95,0.0,0.0
杨葆元,归去来辞,CD第2册\26\杨葆元-归去来辞.wav,技术优先，待耳听,,本轮训练,,guqin_140.flac,93,60,-22.0,0.0,0.0
杨葆元,梅花三弄,CD第2册\26\杨葆元-梅花三弄.wav,技术优先，待耳听,,本轮训练,,guqin_141.flac,55,60,-21.98,0.0,0.0
杨葆元,流水,CD第2册\26\杨葆元-流水.wav,重点复听，暂缓训练,安静处高频偏强,本轮训练,,guqin_142.flac,187,60,-19.26,1.44e-05,0.0
杨葆元,秋鸿,CD第2册\26\杨葆元-秋鸿.wav,技术优先，待耳听,,本轮训练,,guqin_143.flac,135,60,-22.0,0.0,0.0
杨葆元,鹿鸣操,CD第2册\26\杨葆元-鹿鸣操.wav,技术优先，待耳听,,本轮训练,,guqin_144.flac,40,60,-21.78,0.0,0.0
查阜西,-渔歌,CD第1册\CD12\查阜西--渔歌.wav,重点复听，暂缓训练,安静处底声相对偏高,本轮训练,,guqin_145.flac,714,60,-22.0,0.0,0.0
查阜西,忆故人,CD第1册\CD12\查阜西-忆故人.wav,重点复听，暂缓训练,,本轮训练,,guqin_146.flac,51,60,-16.36,0.0001087,0.0
查阜西,潇湘水云1,CD第1册\CD12\查阜西-潇湘水云1.wav,重点复听，暂缓训练,安静处高频偏强,本轮训练,,guqin_147.flac,501,60,-22.3,5.3e-06,0.0
查阜西,潇湘水云2,CD第1册\CD12\查阜西-潇湘水云2.wav,重点复听，暂缓训练,,本轮训练,,guqin_148.flac,19,60,-22.08,1.11e-05,0.0
查阜西,醉渔唱晚,CD第1册\CD12\查阜西-醉渔唱晚.wav,技术优先，待耳听,,本轮训练,,guqin_149.flac,186,60,-22.0,0.0,0.0
查阜西,阳关三叠,CD第1册\CD12\查阜西-阳关三叠.wav,重点复听，暂缓训练,,本轮训练,,guqin_150.flac,137,60,-14.53,7.33e-05,0.0
根如,平沙落雁,CD第1册\CD05\根如-平沙落雁.wav,重点复听，暂缓训练,,本轮训练,,guqin_151.flac,4,60,-18.63,7.99e-05,0.0
梁在平,梅花三弄-残,CD第3册\54\梁在平-梅花三弄-残.wav,技术优先，待耳听,,本轮训练,,guqin_152.flac,38,60,-21.27,0.0,0.0
毓邻初,风雷引,CD第4册\74\毓邻初-风雷引.wav,技术优先，待耳听,,本轮训练,,guqin_153.flac,92,60,-15.98,3.42e-05,0.0
汪孟舒,广寒秋,CD第1册\CD05\汪孟舒-广寒秋.wav,技术优先，待耳听,,本轮训练,,guqin_154.flac,43,60,-14.38,0.0001183,0.0
汪孟舒,清夜吟,CD第1册\CD05\汪孟舒-清夜吟.wav,技术优先，待耳听,,本轮训练,,guqin_155.flac,38,60,-18.99,2.04e-05,0.0
汪振华,归去来辞,CD第4册\61\汪振华-归去来辞.wav,技术优先，待耳听,,本轮训练,,guqin_156.flac,38,60,-18.87,8.7e-06,0.0
汪振华,渔樵问答1,CD第4册\61\汪振华-渔樵问答1.wav,技术优先，待耳听,,本轮训练,,guqin_157.flac,14,60,-17.66,3.36e-05,0.0
汪振华,渔樵问答2,CD第4册\61\汪振华-渔樵问答2.wav,重点复听，暂缓训练,,本轮训练,,guqin_158.flac,5,60,-17.74,1.13e-05,0.0
沈草农,平沙落雁,CD第1册\CD08\沈草农-平沙落雁.wav,技术优先，待耳听,,本轮训练,,guqin_159.flac,3,60,-21.02,0.0,0.0
沈草农,渔樵问答,CD第1册\CD08\沈草农-渔樵问答.wav,技术优先，待耳听,,本轮训练,,guqin_160.flac,159,60,-22.0,0.0,0.0
沈草农,秋塞,CD第1册\CD08\沈草农-秋塞.wav,技术优先，待耳听,,本轮训练,,guqin_161.flac,18,60,-15.97,0.0,0.0
溥雪斋,普庵咒,CD第1册\CD08\溥雪斋-普庵咒.wav,技术优先，待耳听,,本轮训练,,guqin_162.flac,263,60,-21.99,0.0,0.0
溥雪斋,梅花三弄1,CD第1册\CD08\溥雪斋-梅花三弄1.wav,重点复听，暂缓训练,,本轮训练,,guqin_163.flac,118,60,-21.99,0.0,0.0
溥雪斋,梅花三弄2,CD第1册\CD08\溥雪斋-梅花三弄2.wav,重点复听，暂缓训练,,本轮训练,,guqin_164.flac,346,60,-22.0,0.0,0.0
溥雪斋,良宵引,CD第1册\CD08\溥雪斋-良宵引.wav,重点复听，暂缓训练,,本轮训练,,guqin_165.flac,17,60,-22.0,0.0,0.0
溥雪斋,酒狂,CD第1册\CD08\溥雪斋-酒狂.wav,重点复听，暂缓训练,安静处高频偏强；安静处底声相对偏高,本轮训练,,guqin_166.flac,5,60,-12.92,0.0001801,0.0
溥雪斋,鸥鹭忘机,CD第1册\CD08\溥雪斋-鸥鹭忘机.wav,技术优先，待耳听,,本轮训练,,guqin_167.flac,169,60,-22.26,0.0,0.0
王生香,中秋月,CD第2册\34\王生香-中秋月.wav,重点复听，暂缓训练,,本轮训练,,guqin_168.flac,5,60,-19.69,0.0001141,0.0
王生香,古交行,CD第2册\34\王生香-古交行.wav,重点复听，暂缓训练,,本轮训练,,guqin_169.flac,470,60,-21.01,7.6e-06,0.0
王生香,平沙落雁,CD第2册\34\王生香-平沙落雁.wav,技术优先，待耳听,,本轮训练,,guqin_170.flac,3,60,-20.02,6.01e-05,0.0
王生香,酒狂,CD第2册\34\王生香-酒狂.wav,重点复听，暂缓训练,安静处高频偏强,本轮训练,,guqin_171.flac,17,60,-15.63,0.0001731,0.0
王生香,长门怨,CD第2册\34\王生香-长门怨.wav,重点复听，暂缓训练,,本轮训练,,guqin_172.flac,3,60,-21.18,2.59e-05,0.0
程午嘉,关山月,CD第2册\34\程午嘉-关山月.wav,技术优先，待耳听,,本轮训练,,guqin_173.flac,78,60,-19.96,0.0,0.0
程午嘉,平沙落雁,CD第2册\34\程午嘉-平沙落雁.wav,技术优先，待耳听,,本轮训练,,guqin_174.flac,83,60,-19.71,0.0,0.0
程午嘉,玉楼春晓,CD第2册\34\程午嘉-玉楼春晓.wav,技术优先，待耳听,,本轮训练,,guqin_175.flac,58,60,-18.38,0.0,0.0
程午嘉,秋江夜泊,CD第2册\34\程午嘉-秋江夜泊.wav,技术优先，待耳听,,本轮训练,,guqin_176.flac,51,60,-18.62,0.0,0.0
程午嘉,长门怨,CD第2册\34\程午嘉-长门怨.wav,技术优先，待耳听,,本轮训练,,guqin_177.flac,189,60,-21.28,0.0,0.0
程午嘉,风雷引,CD第2册\34\程午嘉-风雷引.wav,技术优先，待耳听,,本轮训练,,guqin_178.flac,142,60,-19.26,0.0,0.0
管平湖,乌夜啼,CD第1册\CD19\管平湖-乌夜啼.wav,技术优先，待耳听,,本轮训练,,guqin_179.flac,378,60,-22.01,0.0,0.0
管平湖,四大景,CD第1册\CD19\管平湖-四大景.wav,重点复听，暂缓训练,,本轮训练,,guqin_180.flac,182,60,-15.61,0.0001924,0.033
管平湖,天风环珮1,CD第1册\CD19\管平湖-天风环珮1.wav,技术优先，待耳听,,本轮训练,,guqin_181.flac,3,60,-22.17,0.0,0.0
管平湖,天风环珮2,CD第1册\CD19\管平湖-天风环珮2.wav,重点复听，暂缓训练,安静处高频偏强,本轮训练,,guqin_182.flac,74,60,-17.59,2.44e-05,0.0
管平湖,幽兰1,CD第1册\CD19\管平湖-幽兰1.wav,重点复听，暂缓训练,安静处高频偏强,本轮训练,,guqin_183.flac,504,60,-17.03,3.89e-05,0.0
管平湖,幽兰2,CD第1册\CD19\管平湖-幽兰2.wav,技术优先，待耳听,,本轮训练,,guqin_184.flac,418,60,-23.32,0.0,0.0
管平湖,幽兰3,CD第1册\CD19\管平湖-幽兰3.wav,重点复听，暂缓训练,,本轮训练,,guqin_185.flac,382,60,-15.56,7.31e-05,0.0
管平湖,潇湘水云,CD第1册\CD19\管平湖-潇湘水云.wav,重点复听，暂缓训练,安静处高频偏强,本轮训练,,guqin_186.flac,15,60,-17.07,4.48e-05,0.0
管平湖,阳关三叠,CD第1册\CD19\管平湖-阳关三叠.wav,重点复听，暂缓训练,,暂缓：未找到合适一分钟,每个一分钟窗口均有削波、长静音或异常电平,,,,,,
管平湖,阳春,CD第1册\CD19\管平湖-阳春.wav,重点复听，暂缓训练,,本轮训练,,guqin_188.flac,232,60,-12.45,0.0001648,0.0
翁瘦苍,平沙落雁,CD第4册\61\翁瘦苍-平沙落雁.wav,重点复听，暂缓训练,,本轮训练,,guqin_189.flac,7,60,-21.97,3.2e-06,0.0
翁瘦苍,高山,CD第4册\61\翁瘦苍-高山.wav,重点复听，暂缓训练,,本轮训练,,guqin_190.flac,266,60,-21.89,2.1e-06,0.0
胡兰,普庵咒,CD第3册\55\胡兰-普庵咒.wav,技术优先，待耳听,,本轮训练,,guqin_191.flac,66,60,-21.98,0.0,0.0
胡斗东,平沙落雁-残,CD第3册\54\胡斗东-平沙落雁-残.wav,重点复听，暂缓训练,,本轮训练,,guqin_192.flac,203,60,-22.01,0.0,0.0
莫尚德,忆故人,CD第3册\56\莫尚德-忆故人.wav,技术优先，待耳听,,本轮训练,,guqin_193.flac,16,60,-16.58,0.0,0.0
许光毅,关山月,CD第3册\55\许光毅-关山月.wav,技术优先，待耳听,,本轮训练,,guqin_194.flac,23,60,-16.51,0.0,0.0
许光毅,凤求凰,CD第3册\55\许光毅-凤求凰.wav,技术优先，待耳听,,本轮训练,,guqin_195.flac,3,60,-18.79,0.0,0.0
许光毅,古琴吟,CD第3册\55\许光毅-古琴吟.wav,技术优先，待耳听,,本轮训练,,guqin_196.flac,3,60,-16.22,2.82e-05,0.0
许光毅,平沙落雁,CD第3册\55\许光毅-平沙落雁.wav,重点复听，暂缓训练,,本轮训练,,guqin_197.flac,4,60,-15.81,0.0,0.0
许光毅,梅花三弄1,CD第3册\55\许光毅-梅花三弄1.wav,技术优先，待耳听,,本轮训练,,guqin_198.flac,24,60,-18.59,0.0,0.0
许光毅,梅花三弄2,CD第3册\55\许光毅-梅花三弄2.wav,技术优先，待耳听,,本轮训练,,guqin_199.flac,336,60,-22.0,0.0,0.0
许光毅,醉渔唱晚,CD第3册\55\许光毅-醉渔唱晚.wav,技术优先，待耳听,,本轮训练,,guqin_200.flac,11,60,-18.18,0.0,0.0
许光毅,阳关三叠,CD第3册\55\许光毅-阳关三叠.wav,技术优先，待耳听,,本轮训练,,guqin_201.flac,38,60,-18.67,0.0,0.0
邓文权,平沙落雁,CD第4册\72\邓文权-平沙落雁.wav,重点复听，暂缓训练,安静处高频偏强,本轮训练,,guqin_202.flac,72,60,-16.43,2.6e-06,0.0
邓文权,忆故人,CD第4册\72\邓文权-忆故人.wav,重点复听，暂缓训练,安静处高频偏强,本轮训练,,guqin_203.flac,4,60,-17.45,0.0,0.0
邓文权,渔樵问答,CD第4册\72\邓文权-渔樵问答.wav,重点复听，暂缓训练,安静处高频偏强,本轮训练,,guqin_204.flac,7,60,-16.75,0.0,0.0
邓文权,秋风词,CD第4册\72\邓文权-秋风词.wav,重点复听，暂缓训练,安静处高频偏强,本轮训练,,guqin_205.flac,8,60,-13.98,2.65e-05,0.0
邓文权,良宵引,CD第4册\72\邓文权-良宵引.wav,重点复听，暂缓训练,安静处高频偏强,本轮训练,,guqin_206.flac,6,60,-16.81,0.0,0.0
邓文权,醉渔唱晚,CD第4册\72\邓文权-醉渔唱晚.wav,重点复听，暂缓训练,安静处高频偏强,本轮训练,,guqin_207.flac,250,60,-13.69,9.4e-06,0.0
邓文权,静观吟,CD第4册\72\邓文权-静观吟.wav,重点复听，暂缓训练,安静处高频偏强,本轮训练,,guqin_208.flac,4,60,-18.41,1.06e-05,0.0
陈天乐,四大景,CD第4册\62\陈天乐-四大景.wav,技术优先，待耳听,,本轮训练,,guqin_209.flac,49,60,-20.53,3.6e-06,0.0
陈心园,凤求凰,CD第3册\48\陈心园-凤求凰.wav,重点复听，暂缓训练,安静处底声相对偏高,本轮训练,,guqin_210.flac,37,60,-12.61,0.0,0.0
陈心园,平沙落雁,CD第3册\48\陈心园-平沙落雁.wav,技术优先，待耳听,,本轮训练,,guqin_211.flac,77,60,-19.19,0.0,0.0
陈心园,搔首问天,CD第3册\48\陈心园-搔首问天.wav,技术优先，待耳听,,本轮训练,,guqin_212.flac,16,60,-14.41,0.0,0.0
陈心园,玉楼春晓,CD第3册\48\陈心园-玉楼春晓.wav,技术优先，待耳听,,本轮训练,,guqin_213.flac,3,60,-17.22,0.0,0.0
陈心园,秋江夜泊,CD第3册\48\陈心园-秋江夜泊.wav,重点复听，暂缓训练,,本轮训练,,guqin_214.flac,50,60,-13.54,0.0,0.0
陈心园,秋风词,CD第3册\48\陈心园-秋风词.wav,重点复听，暂缓训练,安静处底声相对偏高,本轮训练,,guqin_215.flac,15,60,-12.26,0.0,0.0
陈心园,长门怨,CD第3册\48\陈心园-长门怨.wav,技术优先，待耳听,,本轮训练,,guqin_216.flac,57,60,-18.02,0.0,0.0
陈心园,风雷引,CD第3册\48\陈心园-风雷引.wav,重点复听，暂缓训练,安静处底声相对偏高,本轮训练,,guqin_217.flac,72,60,-9.88,0.0,0.0
陈蕾士,乌夜啼,CD第4册\61\陈蕾士-乌夜啼.wav,技术优先，待耳听,,本轮训练,,guqin_218.flac,4,60,-17.37,4.86e-05,0.0
陈阅聪,平沙落雁,CD第4册\62\陈阅聪-平沙落雁.wav,重点复听，暂缓训练,安静处高频偏强,本轮训练,,guqin_219.flac,141,60,-22.0,0.0,0.0
陈阅聪,归去来辞,CD第4册\62\陈阅聪-归去来辞.wav,重点复听，暂缓训练,,本轮训练,,guqin_220.flac,125,60,-22.02,0.0,0.0
陈阅聪,捣衣,CD第4册\62\陈阅聪-捣衣.wav,重点复听，暂缓训练,安静处高频偏强,本轮训练,,guqin_221.flac,422,60,-21.96,0.0,0.0
陈阅聪,长门怨,CD第4册\62\陈阅聪-长门怨.wav,重点复听，暂缓训练,,本轮训练,,guqin_222.flac,40,60,-21.99,0.0,0.0
陈阅聪,阳关三叠,CD第4册\62\陈阅聪-阳关三叠.wav,重点复听，暂缓训练,,本轮训练,,guqin_223.flac,55,60,-21.99,0.0,0.0
顾梅羹,墨子悲丝,CD第2册\24\顾梅羹-墨子悲丝.wav,技术优先，待耳听,,本轮训练,,guqin_224.flac,8,60,-21.98,1.5e-06,0.0
顾梅羹,平沙落雁1,CD第2册\24\顾梅羹-平沙落雁1.wav,技术优先，待耳听,,本轮训练,,guqin_225.flac,49,60,-18.26,1.78e-05,0.0
顾梅羹,平沙落雁2,CD第2册\24\顾梅羹-平沙落雁2.wav,重点复听，暂缓训练,抽样削波>0.1%；安静处高频偏强,暂缓：未找到合适一分钟,每个一分钟窗口均有削波、长静音或异常电平,,,,,,
顾梅羹,平沙落雁3,CD第2册\24\顾梅羹-平沙落雁3.wav,技术优先，待耳听,,本轮训练,,guqin_227.flac,304,60,-17.89,6.03e-05,0.0
顾梅羹,普庵咒,CD第2册\24\顾梅羹-普庵咒.wav,技术优先，待耳听,,本轮训练,,guqin_228.flac,3,60,-20.02,1.98e-05,0.0
顾梅羹,梅花三弄1,CD第2册\24\顾梅羹-梅花三弄1.wav,重点复听，暂缓训练,安静处高频偏强,暂缓：未找到合适一分钟,每个一分钟窗口均有削波、长静音或异常电平,,,,,,
顾梅羹,梅花三弄2,CD第2册\24\顾梅羹-梅花三弄2.wav,技术优先，待耳听,,本轮训练,,guqin_230.flac,9,60,-15.62,0.0001978,0.0
高仲钧,广寒游,CD第4册\64\高仲钧-广寒游.wav,技术优先，待耳听,,本轮训练,,guqin_231.flac,46,60,-22.49,1.1e-06,0.0
高松如,平沙落雁,CD第2册\32\高松如-平沙落雁.wav,重点复听，暂缓训练,,暂缓：未找到合适一分钟,每个一分钟窗口均有削波、长静音或异常电平,,,,,,
高松如,归去来辞,CD第2册\32\高松如-归去来辞.wav,重点复听，暂缓训练,安静处高频偏强；安静处底声相对偏高,本轮训练,,guqin_233.flac,183,60,-15.8,2.55e-05,0.0
高松如,梧叶舞秋风,CD第2册\32\高松如-梧叶舞秋风.wav,重点复听，暂缓训练,安静处高频偏强,暂缓：未找到合适一分钟,每个一分钟窗口均有削波、长静音或异常电平,,,,,,
高松如,流水,CD第2册\32\高松如-流水.wav,重点复听，暂缓训练,安静处高频偏强,暂缓：未找到合适一分钟,每个一分钟窗口均有削波、长静音或异常电平,,,,,,
高松如,渔樵问答,CD第2册\32\高松如-渔樵问答.wav,技术优先，待耳听,,本轮训练,,guqin_236.flac,3,60,-20.6,5.69e-05,0.0
高松如,秋江夜泊,CD第2册\32\高松如-秋江夜泊.wav,重点复听，暂缓训练,,暂缓：未找到合适一分钟,每个一分钟窗口均有削波、长静音或异常电平,,,,,,
高松如,良宵引,CD第2册\32\高松如-良宵引.wav,重点复听，暂缓训练,安静处高频偏强；安静处底声相对偏高,暂缓：未找到合适一分钟,每个一分钟窗口均有削波、长静音或异常电平,,,,,,
高松如,长门怨,CD第2册\32\高松如-长门怨.wav,重点复听，暂缓训练,安静处高频偏强,暂缓：未找到合适一分钟,每个一分钟窗口均有削波、长静音或异常电平,,,,,,
黄雪辉,忆故人,CD第2册\22\黄雪辉-忆故人.wav,技术优先，待耳听,,本轮训练,,guqin_240.flac,12,60,-21.97,0.0,0.0
黄雪辉,白雪,CD第2册\22\黄雪辉-白雪.wav,技术优先，待耳听,,本轮训练,,guqin_241.flac,59,60,-19.28,0.0,0.0
黄雪辉,秋江夜泊,CD第2册\22\黄雪辉-秋江夜泊.wav,技术优先，待耳听,,本轮训练,,guqin_242.flac,13,60,-18.59,0.0,0.0
龙琴舫,捣衣,CD第1册\CD05\龙琴舫-捣衣.wav,技术优先，待耳听,,本轮训练,,guqin_243.flac,280,60,-22.43,0.0,0.0
龙琴舫,观音咒,CD第1册\CD05\龙琴舫-观音咒.wav,技术优先，待耳听,,本轮训练,,guqin_244.flac,78,60,-14.96,0.0,0.0
