演奏者,曲名,Y盘相对路径,试听文件,该演奏者候选首数,该演奏者技术优先首数,本曲技术优先,已知噪声参照,前一段评价
詹澄秋,归去来辞,CD第1册\CD06\詹澄秋-归去来辞.wav,试听片段/079.flac,19,3,True,False,不适合训练；底噪明显；可能只是这一首
吴宗汉,平沙落雁,CD第3册\39\吴宗汉-平沙落雁.wav,试听片段/080.flac,10,7,True,False,不适合训练
朱龙庵,鸥鹭忘机1,CD第3册\47\朱龙庵-鸥鹭忘机1.wav,试听片段/081.flac,9,1,False,False,不适合训练；爆音或失真
李璠,潇湘水云,CD第4册\57\李璠-潇湘水云.wav,试听片段/082.flac,7,0,False,False,不适合训练
胡莹堂,醉渔唱晚,CD第1册\CD13\胡莹堂-醉渔唱晚.wav,试听片段/083.flac,7,1,False,False,不适合训练；爆音或失真
王绍舜,梧叶舞秋风,CD第4册\73\王绍舜-梧叶舞秋风.wav,试听片段/084.flac,6,0,False,False,不适合训练
吴振平,屈原问渡,CD第3册\46\吴振平-屈原问渡.wav,试听片段/085.flac,5,0,False,False,不适合训练
胥桐华,醉渔唱晚-残,CD第3册\44\胥桐华-醉渔唱晚-残.wav,试听片段/086.flac,5,0,False,False,不适合训练
王凤襄,良宵引,CD第3册\56\王凤襄-良宵引.wav,试听片段/087.flac,3,0,False,False,不适合训练
郭同甫,水仙操,CD第1册\CD04\郭同甫-水仙操.wav,试听片段/088.flac,3,0,False,False,不适合训练
孙培章,良宵引,CD第4册\62\孙培章-良宵引.wav,试听片段/089.flac,2,1,False,False,不适合训练；过闷
金致淇,鹿鸣操,CD第1册\CD13\金致淇-鹿鸣操.wav,试听片段/090.flac,2,0,False,False,不适合训练
张子谦,楚歌2,CD第2册\28\张子谦-楚歌2.wav,试听片段/091.flac,27,9,True,False,有氛围，待处理；有一点点闷
邵元复,忆故人,CD第4册\71\邵元复-忆故人.wav,试听片段/092.flac,17,8,True,False,有氛围，待处理；底噪明显、爆音或失真
杨新伦,乌夜啼,CD第2册\22\杨新伦-乌夜啼.wav,试听片段/093.flac,7,1,False,False,有氛围，待处理；底噪明显
马景洛,双鹤听泉,CD第1册\CD01\马景洛-双鹤听泉.wav,试听片段/094.flac,6,6,True,False,有氛围，待处理；有轻微底噪
管平湖,获麟1,CD第1册\CD16\管平湖-获麟1.wav,试听片段/095.flac,43,13,False,False,可用于训练
姚丙炎,潇湘水云2,CD第4册\69\姚丙炎-潇湘水云2.wav,试听片段/096.flac,35,15,False,False,可用于训练
吴兆基,普庵咒2,CD第3册\51\吴兆基-普庵咒2.wav,试听片段/097.flac,29,21,False,False,可用于训练
喻绍泽,幽兰,CD第2册\38\喻绍泽-幽兰.wav,试听片段/098.flac,26,6,False,False,可用于训练
顾梅羹,醉渔唱晚2,CD第2册\25\顾梅羹-醉渔唱晚2.wav,试听片段/099.flac,24,11,False,False,可用于训练
孙毓芹,归去来辞,CD第4册\59\孙毓芹-归去来辞.wav,试听片段/100.flac,20,12,False,False,可用于训练
徐立孙,广陵散-残,CD第2册\21\徐立孙-广陵散-残.wav,试听片段/101.flac,14,11,False,False,可用于训练
查阜西,普庵咒,CD第1册\CD11\查阜西-普庵咒.wav,试听片段/102.flac,14,1,False,False,可用于训练
乐瑛,阳关三叠,CD第3册\41\乐瑛-阳关三叠.wav,试听片段/103.flac,13,7,False,False,可用于训练
卫仲乐,醉渔唱晚2,CD第3册\49\卫仲乐-醉渔唱晚2.wav,试听片段/104.flac,13,9,False,False,可用于训练
刘景韶,长门怨2,CD第2册\35\刘景韶-长门怨2.wav,试听片段/105.flac,12,9,False,False,可用于训练
杨葆元,水仙操2,CD第2册\27\杨葆元-水仙操2.wav,试听片段/106.flac,11,7,False,False,可用于训练
刘少椿,山居吟,CD第2册\33\刘少椿-山居吟.wav,试听片段/107.flac,10,7,False,False,可用于训练
卢家炳,水仙操2,CD第1册\CD03\卢家炳-水仙操2.wav,试听片段/108.flac,10,3,False,False,可用于训练
徐元白,西泠话雨,CD第1册\CD09\徐元白-西泠话雨.wav,试听片段/109.flac,9,6,False,False,可用于训练
夏一峰,平沙落雁,CD第1册\CD02\夏一峰-平沙落雁.wav,试听片段/110.flac,8,3,False,False,可用于训练
许光毅,平沙落雁,CD第3册\55\许光毅-平沙落雁.wav,试听片段/111.flac,8,7,False,False,可用于训练
陈心园,秋风词,CD第3册\48\陈心园-秋风词.wav,试听片段/112.flac,8,4,False,False,可用于训练
高松如,流水,CD第2册\32\高松如-流水.wav,试听片段/113.flac,8,1,False,False,可用于训练
吴景略,潇湘水云,CD第3册\45\吴景略-潇湘水云.wav,试听片段/114.flac,7,1,False,False,可用于训练
杨清如,平沙落雁,CD第3册\56\杨清如-平沙落雁.wav,试听片段/115.flac,7,0,False,False,可用于训练
邓文权,静观吟,CD第4册\72\邓文权-静观吟.wav,试听片段/116.flac,7,0,False,False,可用于训练
溥雪斋,良宵引,CD第1册\CD08\溥雪斋-良宵引.wav,试听片段/117.flac,6,2,False,False,可用于训练
程午嘉,秋江夜泊,CD第2册\34\程午嘉-秋江夜泊.wav,试听片段/118.flac,6,6,True,False,可用于训练
王生香,古交行,CD第2册\34\王生香-古交行.wav,试听片段/119.flac,5,1,False,False,可用于训练
陈阅聪,捣衣,CD第4册\62\陈阅聪-捣衣.wav,试听片段/120.flac,5,0,False,False,可用于训练
关仲航,平沙落雁,CD第2册\32\关仲航-平沙落雁.wav,试听片段/121.flac,4,1,False,False,可用于训练
夏莲居,长安一片月,CD第1册\CD04\夏莲居-长安一片月.wav,试听片段/122.flac,4,0,False,False,可用于训练
朱惜辰,风雷引,CD第4册\74\朱惜辰-风雷引.wav,试听片段/123.flac,4,3,False,False,可用于训练
周吉荪,平沙落雁,CD第2册\34\周吉荪-平沙落雁.wav,试听片段/124.flac,3,3,True,False,可用于训练
汪振华,渔樵问答2,CD第4册\61\汪振华-渔樵问答2.wav,试听片段/125.flac,3,2,False,False,可用于训练
沈草农,秋塞,CD第1册\CD08\沈草农-秋塞.wav,试听片段/126.flac,3,3,True,False,可用于训练
黄雪辉,秋江夜泊,CD第2册\22\黄雪辉-秋江夜泊.wav,试听片段/127.flac,3,3,True,False,可用于训练
吴兆奇,阳春,CD第4册\64\吴兆奇-阳春.wav,试听片段/128.flac,2,0,False,False,可用于训练
汪孟舒,清夜吟,CD第1册\CD05\汪孟舒-清夜吟.wav,试听片段/129.flac,2,2,True,False,可用于训练
翁瘦苍,高山,CD第4册\61\翁瘦苍-高山.wav,试听片段/130.flac,2,0,False,False,可用于训练
龙琴舫,观音咒,CD第1册\CD05\龙琴舫-观音咒.wav,试听片段/131.flac,2,2,True,False,可用于训练
