筛选状态,演奏者,曲名,Y盘相对路径,时长分钟,采样率Hz,声道,PCM位深,提示复听的指标,抽样削波比例,安静处高频相对全曲dB,安静处总声相对全曲dB,首轮层级,稳定底声比dB_仅供参考,高频谱平坦度_仅供参考
候选：待抽听,乐瑛,列子御风,CD第3册\40\乐瑛-列子御风.wav,6.9,44100,2,16,,0.0,-67.9,-13.16,技术优先，待耳听,-21.91,0.00325
候选：待抽听,乐瑛,岳阳三醉,CD第3册\41\乐瑛-岳阳三醉.wav,8.91,44100,2,16,,7.4e-05,-59.17,-11.62,技术优先，待耳听,-23.79,0.06011
候选：待抽听,乐瑛,岳阳三醉-残,CD第3册\41\乐瑛-岳阳三醉-残.wav,3.87,44100,2,16,,0.0,-41.94,-14.62,重点复听，暂缓训练,-23.43,0.03157
候选：待抽听,乐瑛,平沙落雁1,CD第3册\40\乐瑛-平沙落雁1.wav,5.44,44100,2,16,,0.0,-65.77,-11.17,技术优先，待耳听,-24.05,0.35716
候选：待抽听,乐瑛,平沙落雁2,CD第3册\40\乐瑛-平沙落雁2.wav,6.74,44100,2,16,,0.0,-63.08,-9.03,技术优先，待耳听,-14.3,0.08106
候选：待抽听,乐瑛,沧海龙吟1,CD第3册\40\乐瑛-沧海龙吟1.wav,5.72,44100,2,16,,0.0,-48.86,-17.36,重点复听，暂缓训练,-20.34,0.11231
候选：待抽听,乐瑛,沧海龙吟2,CD第3册\40\乐瑛-沧海龙吟2.wav,5.47,44100,2,16,,0.0,-54.3,-11.94,技术优先，待耳听,-21.28,0.03046
候选：待抽听,乐瑛,渔樵问答1,CD第3册\41\乐瑛-渔樵问答1.wav,7.76,44100,2,16,,0.0,-48.3,-16.49,重点复听，暂缓训练,-22.54,0.00413
候选：待抽听,乐瑛,渔樵问答2,CD第3册\41\乐瑛-渔樵问答2.wav,8.42,44100,2,16,,0.0,-60.66,-8.3,重点复听，暂缓训练,-13.96,0.0256
候选：待抽听,乐瑛,秋塞吟,CD第3册\40\乐瑛-秋塞吟.wav,9.19,44100,2,16,,0.0,-44.73,-20.68,重点复听，暂缓训练,-24.1,0.0166
候选：待抽听,乐瑛,韦编三绝1,CD第3册\41\乐瑛-韦编三绝1.wav,2.88,44100,2,16,,0.0,-65.08,-12.38,技术优先，待耳听,-24.24,0.07491
候选：待抽听,乐瑛,韦编三绝2,CD第3册\41\乐瑛-韦编三绝2.wav,2.89,44100,2,16,,0.0,-65.5,-12.07,技术优先，待耳听,-15.23,0.07598
候选：待抽听,侯作吾,高山流水,CD第3册\54\侯作吾-高山流水.wav,7.98,44100,2,16,,0.0,-60.38,-13.08,技术优先，待耳听,-21.06,0.45968
候选：待抽听,关仲航,水仙操,CD第2册\32\关仲航-水仙操.wav,7.84,44100,2,16,,0.0,-40.27,-10.43,重点复听，暂缓训练,-10.82,0.15671
候选：待抽听,关仲航,渔樵问答,CD第2册\32\关仲航-渔樵问答.wav,7.74,44100,2,16,,0.0,-52.27,-13.69,技术优先，待耳听,-23.49,0.01431
候选：待抽听,刘少椿,墨子悲丝,CD第2册\33\刘少椿-墨子悲丝.wav,9.82,44100,2,16,,0.0,-49.42,-16.06,重点复听，暂缓训练,-23.43,0.01884
候选：待抽听,刘少椿,平沙落雁,CD第2册\33\刘少椿-平沙落雁.wav,6.74,44100,2,16,,0.0,-51.02,-20.99,技术优先，待耳听,-26.77,0.15844
候选：待抽听,刘少椿,梅花三弄1,CD第2册\33\刘少椿-梅花三弄1.wav,9.03,44100,2,16,,0.0,-56.35,-18.82,技术优先，待耳听,-21.56,0.02698
候选：待抽听,刘少椿,梅花三弄2,CD第2册\33\刘少椿-梅花三弄2.wav,7.98,44100,2,16,,0.0,-59.08,-16.06,技术优先，待耳听,-20.1,0.08174
候选：待抽听,刘少椿,梧叶舞秋风,CD第2册\33\刘少椿-梧叶舞秋风.wav,3.63,44100,2,16,,0.0,-50.45,-12.38,技术优先，待耳听,-21.64,0.00837
候选：待抽听,刘少椿,樵歌,CD第2册\33\刘少椿-樵歌.wav,9.37,44100,2,16,,0.0,-58.11,-18.97,技术优先，待耳听,-24.18,0.04554
候选：待抽听,刘少椿,良宵引,CD第2册\33\刘少椿-良宵引.wav,2.66,44100,2,16,,0.0,-65.92,-18.48,技术优先，待耳听,-21.73,0.11116
候选：待抽听,刘少椿,龙翔操,CD第2册\33\刘少椿-龙翔操.wav,5.76,44100,2,16,,0.0,-57.88,-12.3,技术优先，待耳听,-19.92,0.02646
候选：待抽听,刘景韶,关山月,CD第2册\35\刘景韶-关山月.wav,1.97,44100,2,16,,0.0,-58.47,-12.16,技术优先，待耳听,-20.16,0.03715
候选：待抽听,刘景韶,平沙落雁1,CD第2册\35\刘景韶-平沙落雁1.wav,5.75,44100,2,16,,0.0,-68.15,-19.91,技术优先，待耳听,-27.44,0.54264
候选：待抽听,刘景韶,归去来辞,CD第2册\35\刘景韶-归去来辞.wav,3.2,44100,2,16,,0.0,-43.9,-10.87,重点复听，暂缓训练,-15.57,0.0101
候选：待抽听,刘景韶,捣衣,CD第2册\35\刘景韶-捣衣.wav,6.21,44100,2,16,,0.0,-57.74,-11.63,技术优先，待耳听,-20.45,6e-05
候选：待抽听,刘景韶,搔首问天1,CD第2册\35\刘景韶-搔首问天1.wav,6.32,44100,2,16,,0.0,-61.04,-18.09,技术优先，待耳听,-31.0,0.47479
候选：待抽听,刘景韶,搔首问天2,CD第2册\35\刘景韶-搔首问天2.wav,5.59,44100,2,16,,0.0,-61.2,-18.64,技术优先，待耳听,-26.94,0.03058
候选：待抽听,刘景韶,樵歌,CD第2册\35\刘景韶-樵歌.wav,8.21,44100,2,16,,0.0,-71.65,-21.88,技术优先，待耳听,-27.9,0.20333
候选：待抽听,刘景韶,玉楼春晓,CD第2册\35\刘景韶-玉楼春晓.wav,1.19,44100,2,16,,0.0,-53.06,-17.0,技术优先，待耳听,-22.2,0.08549
候选：待抽听,刘景韶,秋风词,CD第2册\35\刘景韶-秋风词.wav,1.02,44100,2,16,,0.0,-59.53,-11.82,技术优先，待耳听,-19.07,0.00221
候选：待抽听,刘景韶,长门怨1,CD第2册\35\刘景韶-长门怨1.wav,4.68,44100,2,16,,0.0,-60.88,-17.79,技术优先，待耳听,-26.39,0.36776
候选：待抽听,卢家炳,午夜焚修,CD第1册\CD03\卢家炳-午夜焚修.wav,3.68,44100,2,16,,0.0,-42.44,-8.13,重点复听，暂缓训练,-14.57,0.04064
候选：待抽听,卢家炳,孤鸿,CD第1册\CD03\卢家炳-孤鸿.wav,4.9,44100,2,16,,0.0,-47.9,-16.08,重点复听，暂缓训练,-23.37,0.06542
候选：待抽听,卢家炳,平沙落雁2,CD第1册\CD03\卢家炳-平沙落雁2.wav,4.58,44100,2,16,,0.0,-59.4,-16.24,技术优先，待耳听,-19.54,0.03904
候选：待抽听,卢家炳,归去来辞,CD第1册\CD03\卢家炳-归去来辞.wav,4.08,44100,2,16,,0.0,-57.39,-9.87,技术优先，待耳听,-19.31,0.03784
候选：待抽听,卢家炳,月下吟,CD第1册\CD03\卢家炳-月下吟.wav,4.14,44100,2,16,,0.0,-48.14,-10.53,重点复听，暂缓训练,-20.94,0.014
候选：待抽听,卢家炳,水仙操1,CD第1册\CD03\卢家炳-水仙操1.wav,6.67,44100,2,16,,0.0,-59.19,-7.44,重点复听，暂缓训练,-23.3,0.02483
候选：待抽听,卢家炳,水仙操2,CD第1册\CD03\卢家炳-水仙操2.wav,7.1,44100,2,16,,0.0,-48.59,-8.01,重点复听，暂缓训练,-14.81,0.52415
候选：待抽听,卢家炳,碧云深,CD第1册\CD03\卢家炳-碧云深.wav,4.47,44100,2,16,,0.0,-57.84,-10.18,技术优先，待耳听,-16.72,0.16322
候选：待抽听,卢家炳,释谈章,CD第1册\CD03\卢家炳-释谈章.wav,5.06,44100,2,16,,0.0,-60.32,-7.01,重点复听，暂缓训练,-9.09,0.53985
候选：待抽听,卫仲乐,平沙落雁,CD第3册\49\卫仲乐-平沙落雁.wav,3.87,44100,2,16,,0.0,-52.01,-16.0,技术优先，待耳听,-22.99,0.31441
候选：待抽听,卫仲乐,普庵咒,CD第3册\49\卫仲乐-普庵咒.wav,5.92,44100,2,16,,5e-06,-49.57,-12.78,重点复听，暂缓训练,-19.04,0.09287
候选：待抽听,卫仲乐,梅花三弄1,CD第3册\49\卫仲乐-梅花三弄1.wav,7.02,44100,2,16,,0.0,-50.83,-10.65,技术优先，待耳听,-13.18,0.02439
候选：待抽听,卫仲乐,梅花三弄2,CD第3册\49\卫仲乐-梅花三弄2.wav,7.39,44100,2,16,,1e-06,-51.75,-15.4,技术优先，待耳听,-22.7,0.22773
候选：待抽听,卫仲乐,流水,CD第3册\49\卫仲乐-流水.wav,10.03,44100,2,16,,0.0,-62.62,-10.91,技术优先，待耳听,-19.56,0.31365
候选：待抽听,卫仲乐,流水-残,CD第3册\49\卫仲乐-流水-残.wav,5.7,44100,2,16,,0.0,-75.53,-18.09,技术优先，待耳听,-21.87,0.33608
候选：待抽听,卫仲乐,醉渔唱晚1,CD第3册\49\卫仲乐-醉渔唱晚1.wav,2.99,44100,2,16,,1.8e-05,-67.88,-13.18,技术优先，待耳听,-19.24,0.07525
候选：待抽听,卫仲乐,醉渔唱晚3,CD第3册\49\卫仲乐-醉渔唱晚3.wav,3.44,44100,2,16,,7e-06,-55.6,-11.62,技术优先，待耳听,-20.36,0.27308
候选：待抽听,卫仲乐,醉渔唱晚4,CD第3册\49\卫仲乐-醉渔唱晚4.wav,3.56,44100,2,16,,0.0,-71.56,-19.94,技术优先，待耳听,-19.79,0.04853
候选：待抽听,卫仲乐,长门怨,CD第3册\49\卫仲乐-长门怨.wav,4.64,44100,2,16,,1e-06,-52.98,-12.86,技术优先，待耳听,-25.55,0.07893
候选：待抽听,卫仲乐,阳关三叠1,CD第3册\49\卫仲乐-阳关三叠1.wav,3.26,44100,2,16,,0.0,-48.92,-24.06,重点复听，暂缓训练,-25.58,0.36132
候选：待抽听,向笙阶,春闺怨,CD第1册\CD10\向笙阶-春闺怨.wav,2.58,44100,2,16,,0.0,-64.03,-15.12,技术优先，待耳听,-21.74,0.31037
候选：待抽听,吴兆基,平沙落雁1,CD第3册\51\吴兆基-平沙落雁1.wav,4.65,44100,2,16,,0.0,-53.39,-13.69,技术优先，待耳听,-24.2,0.22049
候选：待抽听,吴兆基,平沙落雁2,CD第3册\51\吴兆基-平沙落雁2.wav,5.08,44100,2,16,,7.5e-05,-63.4,-21.88,技术优先，待耳听,-23.43,0.3613
候选：待抽听,吴兆基,忆故人1,CD第3册\52\吴兆基-忆故人1.wav,7.85,44100,2,16,,0.0,-63.73,-14.46,技术优先，待耳听,-28.21,0.51522
候选：待抽听,吴兆基,忆故人2,CD第3册\52\吴兆基-忆故人2.wav,7.15,44100,2,16,,0.000117,-57.65,-14.53,重点复听，暂缓训练,-19.09,0.31199
候选：待抽听,吴兆基,普庵咒1,CD第3册\51\吴兆基-普庵咒1.wav,6.02,44100,2,16,,0.0,-69.41,-9.34,技术优先，待耳听,-17.75,0.55412
候选：待抽听,吴兆基,普庵咒2,CD第3册\51\吴兆基-普庵咒2.wav,7.51,44100,2,16,,0.000189,-65.24,-14.25,重点复听，暂缓训练,-20.45,0.37119
候选：待抽听,吴兆基,梅花三弄1,CD第3册\50\吴兆基-梅花三弄1.wav,4.52,44100,2,16,,0.0,-58.91,-21.64,技术优先，待耳听,-21.06,0.07655
候选：待抽听,吴兆基,梅花三弄2,CD第3册\50\吴兆基-梅花三弄2.wav,4.26,44100,2,16,,5.1e-05,-68.55,-9.47,技术优先，待耳听,-21.39,0.38422
候选：待抽听,吴兆基,渔樵问答,CD第3册\53\吴兆基-渔樵问答.wav,7.58,44100,2,16,,5.5e-05,-64.95,-16.35,技术优先，待耳听,-20.8,0.40916
候选：待抽听,吴兆基,渔歌1,CD第3册\53\吴兆基-渔歌1.wav,14.33,44100,2,16,,0.0,-64.88,-19.2,技术优先，待耳听,-27.51,0.50379
候选：待抽听,吴兆基,渔歌2,CD第3册\53\吴兆基-渔歌2.wav,12.7,44100,2,16,,0.0,-67.19,-15.62,技术优先，待耳听,-19.26,0.55861
候选：待抽听,吴兆基,渔歌3,CD第3册\53\吴兆基-渔歌3.wav,13.08,44100,2,16,,3.8e-05,-61.74,-23.27,技术优先，待耳听,-25.34,0.37562
候选：待抽听,吴兆基,潇湘水云1,CD第3册\52\吴兆基-潇湘水云1.wav,9.93,44100,2,16,,2.9e-05,-51.46,-19.69,技术优先，待耳听,-25.28,0.10436
候选：待抽听,吴兆基,潇湘水云2,CD第3册\52\吴兆基-潇湘水云2.wav,10.45,44100,2,16,,0.0,-67.95,-19.25,技术优先，待耳听,-26.43,0.40975
候选：待抽听,吴兆基,白雪,CD第3册\50\吴兆基-白雪.wav,7.73,44100,2,16,,0.0,-48.04,-18.73,重点复听，暂缓训练,-26.5,0.01322
候选：待抽听,吴兆基,石上流泉1,CD第3册\51\吴兆基-石上流泉1.wav,4.12,44100,2,16,,0.0,-65.32,-19.19,技术优先，待耳听,-24.71,0.45228
候选：待抽听,吴兆基,石上流泉2,CD第3册\51\吴兆基-石上流泉2.wav,3.75,44100,2,16,,7e-06,-64.85,-17.22,技术优先，待耳听,-21.42,0.37886
候选：待抽听,吴兆基,秋塞吟1,CD第3册\51\吴兆基-秋塞吟1.wav,9.64,44100,2,16,,0.0,-66.16,-27.29,技术优先，待耳听,-30.12,0.53555
候选：待抽听,吴兆基,秋塞吟2,CD第3册\51\吴兆基-秋塞吟2.wav,9.32,44100,2,16,,8.3e-05,-53.7,-10.98,技术优先，待耳听,-25.6,0.54232
候选：待抽听,吴兆基,秋塞吟3,CD第3册\51\吴兆基-秋塞吟3.wav,8.85,44100,2,16,,8e-06,-57.83,-18.26,技术优先，待耳听,-19.49,0.38361
候选：待抽听,吴兆基,胡笳十八拍1,CD第3册\50\吴兆基-胡笳十八拍1.wav,11.81,44100,2,16,,0.000767,-52.01,-13.54,重点复听，暂缓训练,-25.25,0.12543
候选：待抽听,吴兆基,胡笳十八拍2,CD第3册\50\吴兆基-胡笳十八拍2.wav,19.43,44100,2,16,,0.000107,-70.04,-32.37,重点复听，暂缓训练,-43.09,0.14803
候选：待抽听,吴兆基,良宵引1,CD第3册\50\吴兆基-良宵引1.wav,2.57,44100,2,16,,0.0,-67.84,-14.83,技术优先，待耳听,-20.37,0.55352
候选：待抽听,吴兆基,良宵引2,CD第3册\50\吴兆基-良宵引2.wav,2.56,44100,2,16,,2.6e-05,-67.54,-16.4,技术优先，待耳听,-23.96,0.37753
候选：待抽听,吴兆基,阳关三叠1,CD第3册\52\吴兆基-阳关三叠1.wav,4.33,44100,2,16,,0.000241,-63.81,-13.35,重点复听，暂缓训练,-20.28,0.55672
候选：待抽听,吴兆基,阳关三叠2,CD第3册\52\吴兆基-阳关三叠2.wav,5.03,44100,2,16,,0.000116,-65.72,-14.81,重点复听，暂缓训练,-20.64,0.41778
候选：待抽听,吴兆基,阳春,CD第3册\52\吴兆基-阳春.wav,10.01,44100,2,16,,0.0,-42.69,-13.31,重点复听，暂缓训练,-18.79,0.10062
候选：待抽听,吴兆基,鸥鹭忘机1,CD第3册\50\吴兆基-鸥鹭忘机1.wav,5.32,44100,2,16,,0.0,-68.96,-14.86,技术优先，待耳听,-21.24,0.55473
候选：待抽听,吴兆基,鸥鹭忘机2,CD第3册\50\吴兆基-鸥鹭忘机2.wav,5.55,44100,2,16,,2.6e-05,-64.15,-16.59,技术优先，待耳听,-24.28,0.3259
候选：待抽听,吴兆奇,白雪,CD第4册\64\吴兆奇-白雪.wav,8.96,44100,2,16,,0.0,-42.97,-16.18,重点复听，暂缓训练,-26.74,0.05767
候选：待抽听,吴宗汉,关山月,CD第3册\39\吴宗汉-关山月.wav,2.61,44100,2,16,,0.0,-58.27,-10.35,技术优先，待耳听,-14.69,0.55079
候选：待抽听,吴宗汉,平沙落雁,CD第3册\39\吴宗汉-平沙落雁.wav,6.33,44100,2,16,,0.0,-57.39,-9.2,技术优先，待耳听,-15.9,0.55359
候选：待抽听,吴宗汉,挟仙游,CD第3册\39\吴宗汉-挟仙游.wav,5.42,44100,2,16,,0.0,-76.83,-11.58,技术优先，待耳听,-17.56,0.55298
候选：待抽听,吴宗汉,梅花三弄,CD第3册\39\吴宗汉-梅花三弄.wav,7.14,44100,2,16,,0.0,-59.99,-8.83,重点复听，暂缓训练,-17.52,0.54775
候选：待抽听,吴宗汉,梧叶舞秋风,CD第3册\39\吴宗汉-梧叶舞秋风.wav,5.0,44100,2,16,,0.0,-58.73,-12.56,技术优先，待耳听,-17.77,0.54838
候选：待抽听,吴宗汉,玉楼春晓,CD第3册\39\吴宗汉-玉楼春晓.wav,3.11,44100,2,16,,0.0,-67.2,-7.86,重点复听，暂缓训练,-13.49,0.5462
候选：待抽听,吴宗汉,秋夜长,CD第3册\39\吴宗汉-秋夜长.wav,3.19,44100,2,16,,0.0,-56.17,-10.51,技术优先，待耳听,-14.72,0.55231
候选：待抽听,吴宗汉,良宵引,CD第3册\39\吴宗汉-良宵引.wav,2.27,44100,2,16,,0.0,-59.63,-8.29,重点复听，暂缓训练,-15.79,0.5525
候选：待抽听,吴宗汉,长门怨,CD第3册\39\吴宗汉-长门怨.wav,5.67,44100,2,16,,0.0,-59.41,-13.66,技术优先，待耳听,-18.25,0.55054
候选：待抽听,吴宗汉,风雷引,CD第3册\39\吴宗汉-风雷引.wav,2.56,44100,2,16,,0.0,-57.32,-10.72,技术优先，待耳听,-15.21,0.55148
候选：待抽听,吴振平,屈原问渡,CD第3册\46\吴振平-屈原问渡.wav,6.05,44100,2,16,,0.0,-44.25,-11.55,重点复听，暂缓训练,-17.39,0.35109
候选：待抽听,吴振平,幽兰,CD第3册\46\吴振平-幽兰.wav,9.3,44100,2,16,,0.0,-48.18,-14.12,重点复听，暂缓训练,-18.9,0.06271
候选：待抽听,吴振平,电影李时珍,CD第3册\46\吴振平-电影李时珍.wav,1.94,44100,2,16,,2.4e-05,-43.43,-7.6,重点复听，暂缓训练,-14.21,0.01928
候选：待抽听,吴振平,苏门长啸,CD第3册\46\吴振平-苏门长啸.wav,6.73,44100,2,16,,0.0,-42.77,-16.55,重点复听，暂缓训练,-18.96,0.54837
候选：待抽听,吴景略,忆故人,CD第3册\45\吴景略-忆故人.wav,7.12,44100,2,16,,0.000137,-57.18,-15.54,重点复听，暂缓训练,-21.85,0.00027
候选：待抽听,吴景略,普庵咒,CD第3册\45\吴景略-普庵咒.wav,7.1,44100,2,16,,0.0,-69.86,-22.46,技术优先，待耳听,-27.67,0.34682
候选：待抽听,吴景略,渔樵问答,CD第3册\45\吴景略-渔樵问答.wav,7.75,44100,2,16,,0.000461,-62.18,-11.46,重点复听，暂缓训练,-22.93,0.00445
候选：待抽听,吴景略,潇湘水云,CD第3册\45\吴景略-潇湘水云.wav,8.05,44100,2,16,,0.000386,-58.81,-15.53,重点复听，暂缓训练,-23.15,0.00123
候选：待抽听,吴景略,离骚,CD第3册\45\吴景略-离骚.wav,11.7,44100,2,16,,9e-06,-48.71,-7.99,重点复听，暂缓训练,-19.06,0.31455
候选：待抽听,吴景略,阳关三叠,CD第3册\45\吴景略-阳关三叠.wav,4.64,44100,2,16,,0.000131,-49.8,-11.46,重点复听，暂缓训练,-15.86,0.23593
候选：待抽听,周吉荪,平沙落雁,CD第2册\34\周吉荪-平沙落雁.wav,8.12,44100,2,16,,6.6e-05,-73.86,-35.82,技术优先，待耳听,-37.7,0.03629
候选：待抽听,周吉荪,潇湘水云,CD第2册\34\周吉荪-潇湘水云.wav,11.23,44100,2,16,,3.5e-05,-74.85,-26.69,技术优先，待耳听,-39.42,0.25241
候选：待抽听,周吉荪,良宵引,CD第2册\34\周吉荪-良宵引.wav,2.38,44100,2,16,,3.2e-05,-65.17,-36.57,技术优先，待耳听,-39.85,0.23355
候选：待抽听,喻绍泽,佩兰1,CD第2册\37\喻绍泽-佩兰1.wav,8.05,44100,2,16,,0.0,-53.34,-15.04,技术优先，待耳听,-24.07,0.01845
候选：待抽听,喻绍泽,关山月,CD第2册\36\喻绍泽-关山月.wav,2.58,44100,2,16,,0.0,-42.14,-9.76,重点复听，暂缓训练,-22.05,0.03918
候选：待抽听,喻绍泽,幽兰,CD第2册\38\喻绍泽-幽兰.wav,8.66,44100,2,16,,0.0,-42.63,-14.24,重点复听，暂缓训练,-18.97,0.05331
候选：待抽听,喻绍泽,春山听杜鹃1,CD第2册\36\喻绍泽-春山听杜鹃1.wav,6.03,44100,2,16,,7.5e-05,-61.01,-12.34,技术优先，待耳听,-22.63,0.0065
候选：待抽听,喻绍泽,春山听杜鹃2,CD第2册\36\喻绍泽-春山听杜鹃2.wav,6.17,44100,2,16,,0.0,-42.94,-11.12,重点复听，暂缓训练,-17.82,0.08983
候选：待抽听,喻绍泽,普庵咒,CD第2册\37\喻绍泽-普庵咒.wav,7.02,44100,2,16,,1e-06,-51.37,-17.76,技术优先，待耳听,-21.19,0.02825
候选：待抽听,喻绍泽,桃李园序,CD第2册\38\喻绍泽-桃李园序.wav,2.04,44100,2,16,,0.0,-45.12,-12.77,重点复听，暂缓训练,-19.21,0.02997
候选：待抽听,喻绍泽,梅花三弄,CD第2册\37\喻绍泽-梅花三弄.wav,6.39,44100,2,16,,0.0,-42.75,-8.66,重点复听，暂缓训练,-21.42,0.04867
候选：待抽听,喻绍泽,梧叶舞秋风,CD第2册\38\喻绍泽-梧叶舞秋风.wav,3.67,44100,2,16,,0.0,-46.02,-11.89,重点复听，暂缓训练,-19.48,0.03619
候选：待抽听,喻绍泽,欢乐的除夕,CD第2册\36\喻绍泽-欢乐的除夕.wav,5.42,44100,2,16,,4e-06,-41.61,-14.37,重点复听，暂缓训练,-19.47,0.30816
候选：待抽听,喻绍泽,流水1,CD第2册\36\喻绍泽-流水1.wav,8.54,44100,2,16,,0.0,-44.1,-10.91,重点复听，暂缓训练,-16.07,0.03726
候选：待抽听,喻绍泽,流水2,CD第2册\36\喻绍泽-流水2.wav,7.47,44100,2,16,,0.0,-61.85,-14.42,技术优先，待耳听,-24.66,0.05649
候选：待抽听,喻绍泽,秋水1,CD第2册\38\喻绍泽-秋水1.wav,7.23,44100,2,16,,1e-06,-53.34,-13.24,技术优先，待耳听,-17.52,0.15597
候选：待抽听,喻绍泽,秋水2,CD第2册\38\喻绍泽-秋水2.wav,7.53,44100,2,16,,0.0,-47.13,-12.21,重点复听，暂缓训练,-23.54,0.00203
候选：待抽听,喻绍泽,秋鸿,CD第2册\37\喻绍泽-秋鸿.wav,16.6,44100,2,16,,0.0,-48.52,-14.62,重点复听，暂缓训练,-21.9,0.00387
候选：待抽听,喻绍泽,跃进歌声2,CD第2册\38\喻绍泽-跃进歌声2.wav,4.54,44100,2,16,,0.0,-49.41,-10.32,重点复听，暂缓训练,-19.69,0.43959
候选：待抽听,喻绍泽,醉渔晚唱1,CD第2册\38\喻绍泽-醉渔晚唱1.wav,4.37,44100,2,16,,0.0,-49.48,-13.15,重点复听，暂缓训练,-20.33,0.40487
候选：待抽听,喻绍泽,醉渔晚唱2,CD第2册\38\喻绍泽-醉渔晚唱2.wav,4.48,44100,2,16,,0.0,-43.79,-14.95,重点复听，暂缓训练,-20.99,0.10955
候选：待抽听,喻绍泽,阳春,CD第2册\38\喻绍泽-阳春.wav,9.49,44100,2,16,,0.0,-41.2,-11.15,重点复听，暂缓训练,-15.85,0.35948
候选：待抽听,喻绍泽,高山1,CD第2册\36\喻绍泽-高山1.wav,6.12,44100,2,16,,0.0,-44.29,-9.87,重点复听，暂缓训练,-17.5,0.05094
候选：待抽听,喻绍泽,高山2,CD第2册\36\喻绍泽-高山2.wav,5.51,44100,2,16,,0.0,-63.84,-12.05,技术优先，待耳听,-23.7,0.01471
候选：待抽听,夏一峰,良宵引,CD第1册\CD02\夏一峰-良宵引.wav,2.83,44100,2,16,,1e-06,-64.71,-22.25,技术优先，待耳听,-25.31,0.01101
候选：待抽听,夏一峰,静观吟1,CD第1册\CD02\夏一峰-静观吟1.wav,2.81,44100,2,16,,8.1e-05,-61.83,-20.79,技术优先，待耳听,-24.11,0.01491
候选：待抽听,夏一峰,静观吟2,CD第1册\CD02\夏一峰-静观吟2.wav,3.24,44100,2,16,,0.0,-58.87,-18.01,技术优先，待耳听,-21.83,0.00773
候选：待抽听,夏莲居,风入松,CD第1册\CD04\夏莲居-风入松.wav,2.48,44100,2,16,,0.0,-45.62,-8.76,重点复听，暂缓训练,-17.17,0.04078
候选：待抽听,姚丙炎,华胥引1,CD第4册\67\姚丙炎-华胥引1.wav,2.1,44100,2,16,,0.0,-58.12,-12.73,技术优先，待耳听,-24.18,0.03654
候选：待抽听,姚丙炎,古怨,CD第4册\66\姚丙炎-古怨.wav,2.15,44100,2,16,,0.0,-54.73,-9.16,技术优先，待耳听,-14.23,0.04639
候选：待抽听,姚丙炎,大胡笳,CD第4册\65\姚丙炎-大胡笳.wav,12.83,44100,2,16,,0.0,-58.63,-11.15,技术优先，待耳听,-22.77,0.01142
候选：待抽听,姚丙炎,孤馆遇神1,CD第4册\65\姚丙炎-孤馆遇神1.wav,8.65,44100,2,16,,0.000125,-55.92,-7.61,重点复听，暂缓训练,-15.43,0.09491
候选：待抽听,姚丙炎,孤馆遇神2,CD第4册\65\姚丙炎-孤馆遇神2.wav,8.17,44100,2,16,,0.0,-48.35,-8.71,重点复听，暂缓训练,-13.27,0.47967
候选：待抽听,姚丙炎,孤馆遇神3,CD第4册\65\姚丙炎-孤馆遇神3.wav,9.56,44100,2,16,,0.0,-66.97,-13.93,技术优先，待耳听,-17.02,0.00088
候选：待抽听,姚丙炎,小胡笳,CD第4册\69\姚丙炎-小胡笳.wav,13.16,44100,2,16,,0.0,-41.71,-15.04,重点复听，暂缓训练,-26.43,0.27538
候选：待抽听,姚丙炎,屈原问渡,CD第4册\68\姚丙炎-屈原问渡.wav,9.08,44100,2,16,,1.5e-05,-47.49,-7.76,重点复听，暂缓训练,-11.27,0.39387
候选：待抽听,姚丙炎,平沙落雁1,CD第4册\68\姚丙炎-平沙落雁1.wav,5.4,44100,2,16,,0.0,-63.28,-18.15,技术优先，待耳听,-25.11,0.48558
候选：待抽听,姚丙炎,平沙落雁2,CD第4册\68\姚丙炎-平沙落雁2.wav,4.58,44100,2,16,,0.0,-42.97,-12.83,重点复听，暂缓训练,-18.73,0.02552
候选：待抽听,姚丙炎,幽兰,CD第4册\69\姚丙炎-幽兰.wav,9.64,44100,2,16,,0.000116,-48.14,-13.66,重点复听，暂缓训练,-19.62,0.00611
候选：待抽听,姚丙炎,广陵散,CD第4册\66\姚丙炎-广陵散.wav,20.8,44100,2,16,,0.0,-73.14,-10.21,技术优先，待耳听,-20.52,0.19836
候选：待抽听,姚丙炎,忘忧1,CD第4册\68\姚丙炎-忘忧1.wav,2.32,44100,2,16,,0.0,-53.06,-7.54,重点复听，暂缓训练,-16.35,0.00378
候选：待抽听,姚丙炎,明君,CD第4册\67\姚丙炎-明君.wav,9.18,44100,2,16,,0.0,-69.94,-9.08,技术优先，待耳听,-16.23,0.02086
候选：待抽听,姚丙炎,楚歌1,CD第4册\65\姚丙炎-楚歌1.wav,4.05,44100,2,16,,0.0,-46.72,-12.14,重点复听，暂缓训练,-20.26,0.00174
候选：待抽听,姚丙炎,楚歌2,CD第4册\65\姚丙炎-楚歌2.wav,4.98,44100,2,16,,0.0,-55.45,-7.35,重点复听，暂缓训练,-10.0,0.01794
候选：待抽听,姚丙炎,潇湘水云1,CD第4册\69\姚丙炎-潇湘水云1.wav,9.39,44100,2,16,,0.0,-68.98,-21.06,技术优先，待耳听,-25.66,0.32104
候选：待抽听,姚丙炎,秋宵步月,CD第4册\68\姚丙炎-秋宵步月.wav,3.45,44100,2,16,,0.0,-70.93,-13.14,技术优先，待耳听,-18.23,0.32306
候选：待抽听,姚丙炎,胡笳十八拍1,CD第4册\67\姚丙炎-胡笳十八拍1.wav,15.51,44100,2,16,,0.0,-74.8,-16.05,技术优先，待耳听,-22.5,0.37261
候选：待抽听,姚丙炎,酒狂2,CD第4册\67\姚丙炎-酒狂2.wav,2.06,44100,2,16,,0.0,-56.81,-9.97,技术优先，待耳听,-18.14,0.53482
候选：待抽听,姚丙炎,酒狂3,CD第4册\67\姚丙炎-酒狂3.wav,2.28,44100,2,16,,3e-06,-59.92,-8.58,重点复听，暂缓训练,-17.27,0.0178
候选：待抽听,姚丙炎,酒狂4,CD第4册\67\姚丙炎-酒狂4.wav,2.38,44100,2,16,,0.0,-61.81,-12.53,技术优先，待耳听,-15.73,0.05246
候选：待抽听,姚丙炎,高山1,CD第4册\65\姚丙炎-高山1.wav,8.34,44100,2,16,,0.0,-65.53,-12.79,技术优先，待耳听,-22.94,0.51873
候选：待抽听,姚丙炎,高山2,CD第4册\65\姚丙炎-高山2.wav,7.69,44100,2,16,,0.0,-72.57,-14.13,技术优先，待耳听,-25.56,0.32053
候选：待抽听,姚丙炎,鸥鹭忘机,CD第4册\68\姚丙炎-鸥鹭忘机.wav,4.79,44100,2,16,,0.0,-69.09,-18.05,技术优先，待耳听,-24.03,0.50593
候选：待抽听,孙培章,良宵引,CD第4册\62\孙培章-良宵引.wav,3.02,44100,2,16,,0.0,-46.05,-20.23,重点复听，暂缓训练,-25.6,0.21943
候选：待抽听,孙培章,阳关三叠,CD第4册\62\孙培章-阳关三叠.wav,4.05,44100,2,16,,9e-06,-60.21,-17.81,技术优先，待耳听,-22.29,0.13727
候选：待抽听,孙毓芹,乌夜啼,CD第4册\59\孙毓芹-乌夜啼.wav,8.91,44100,2,16,,0.0,-70.38,-19.64,技术优先，待耳听,-26.39,0.22514
候选：待抽听,孙毓芹,忆故人1,CD第4册\60\孙毓芹-忆故人1.wav,6.76,44100,2,16,,6e-05,-72.2,-11.64,技术优先，待耳听,-19.76,0.03222
候选：待抽听,孙毓芹,忆故人2,CD第4册\60\孙毓芹-忆故人2.wav,6.96,44100,2,16,,0.0,-59.01,-17.44,技术优先，待耳听,-23.05,0.19038
候选：待抽听,孙毓芹,梅花三弄,CD第4册\59\孙毓芹-梅花三弄.wav,7.75,44100,2,16,,4.6e-05,-42.24,-12.16,重点复听，暂缓训练,-20.02,0.06007
候选：待抽听,孙毓芹,梧叶舞秋风1,CD第4册\59\孙毓芹-梧叶舞秋风1.wav,3.68,44100,2,16,,0.0,-49.13,-15.15,重点复听，暂缓训练,-20.15,0.05279
候选：待抽听,孙毓芹,梧叶舞秋风2,CD第4册\59\孙毓芹-梧叶舞秋风2.wav,3.8,44100,2,16,,0.0,-57.95,-11.15,技术优先，待耳听,-19.11,0.17688
候选：待抽听,孙毓芹,欸乃-残,CD第4册\59\孙毓芹-欸乃-残.wav,5.65,44100,2,16,,0.0,-63.59,-17.12,技术优先，待耳听,-27.13,0.14722
候选：待抽听,孙毓芹,渔樵问答1,CD第4册\60\孙毓芹-渔樵问答1.wav,8.04,44100,2,16,,0.0,-42.75,-16.58,重点复听，暂缓训练,-29.93,0.02582
候选：待抽听,孙毓芹,渔樵问答2,CD第4册\60\孙毓芹-渔樵问答2.wav,8.36,44100,2,16,,0.0,-73.94,-18.15,技术优先，待耳听,-23.06,0.55412
候选：待抽听,孙毓芹,湘江怨,CD第4册\59\孙毓芹-湘江怨.wav,3.08,44100,2,16,,0.0,-50.11,-10.84,技术优先，待耳听,-23.76,0.00905
候选：待抽听,孙毓芹,潇湘水云1,CD第4册\60\孙毓芹-潇湘水云1.wav,10.25,44100,2,16,,0.0,-74.07,-19.25,技术优先，待耳听,-25.57,0.02603
候选：待抽听,孙毓芹,潇湘水云2,CD第4册\60\孙毓芹-潇湘水云2.wav,11.28,44100,2,16,,0.0,-52.2,-17.58,技术优先，待耳听,-21.31,0.00348
候选：待抽听,孙毓芹,玉楼春晓2,CD第4册\60\孙毓芹-玉楼春晓2.wav,1.6,44100,2,16,,0.0,-55.32,-11.78,技术优先，待耳听,-18.86,0.53916
候选：待抽听,孙毓芹,醉渔唱晚,CD第4册\60\孙毓芹-醉渔唱晚.wav,4.62,44100,2,16,,0.0,-54.8,-16.14,技术优先，待耳听,-21.76,0.10925
候选：待抽听,孙毓芹,醉渔晚唱,CD第4册\60\孙毓芹-醉渔晚唱.wav,4.21,44100,2,16,,0.000224,-51.24,-18.42,重点复听，暂缓训练,-22.15,0.05225
候选：待抽听,孙毓芹,阳关三叠,CD第4册\60\孙毓芹-阳关三叠.wav,3.72,44100,2,16,,0.0,-60.35,-10.07,技术优先，待耳听,-18.84,0.54787
候选：待抽听,庄剑丞,潇湘水云-残,CD第3册\44\庄剑丞-潇湘水云-残.wav,11.54,44100,2,16,,0.0,-62.12,-13.13,技术优先，待耳听,-20.08,0.12381
候选：待抽听,张友鹤,平沙落雁,CD第1册\CD13\张友鹤-平沙落雁.wav,4.6,44100,2,16,,0.0,-54.43,-10.37,技术优先，待耳听,-15.66,0.24621
候选：待抽听,张子谦,天风环珮1,CD第2册\30\张子谦-天风环珮1.wav,2.44,44100,2,16,,0.0,-42.29,-10.49,重点复听，暂缓训练,-14.47,0.51977
候选：待抽听,张子谦,忆故人,CD第2册\31\张子谦-忆故人.wav,6.76,44100,2,16,,0.0,-55.11,-23.94,技术优先，待耳听,-27.58,0.14073
候选：待抽听,张子谦,梅花三弄1,CD第2册\29\张子谦-梅花三弄1.wav,7.25,44100,2,16,,9.3e-05,-48.64,-10.19,重点复听，暂缓训练,-17.12,0.11497
候选：待抽听,张子谦,梅花三弄2,CD第2册\29\张子谦-梅花三弄2.wav,8.1,44100,2,16,,2e-06,-48.79,-13.4,重点复听，暂缓训练,-21.96,0.00782
候选：待抽听,张子谦,梅花三弄3,CD第2册\29\张子谦-梅花三弄3.wav,8.2,44100,2,16,,0.0,-41.94,-9.32,重点复听，暂缓训练,-24.23,0.02041
候选：待抽听,张子谦,楚歌1,CD第2册\28\张子谦-楚歌1.wav,5.71,44100,2,16,,5e-06,-41.09,-12.0,重点复听，暂缓训练,-20.08,0.01906
候选：待抽听,张子谦,楚歌2,CD第2册\28\张子谦-楚歌2.wav,5.54,44100,2,16,,0.0,-63.36,-11.33,技术优先，待耳听,-22.2,0.00105
候选：待抽听,张子谦,樵歌,CD第2册\30\张子谦-樵歌.wav,9.31,44100,2,16,,0.0,-57.19,-14.64,技术优先，待耳听,-19.06,0.01446
候选：待抽听,张子谦,泛沧浪,CD第2册\28\张子谦-泛沧浪.wav,2.92,44100,2,16,,0.0,-66.59,-14.62,技术优先，待耳听,-18.38,0.03379
候选：待抽听,张子谦,渔歌,CD第2册\31\张子谦-渔歌.wav,11.18,44100,2,16,,0.0,-52.76,-25.58,技术优先，待耳听,-27.83,0.04774
候选：待抽听,张子谦,潇湘水云-残,CD第2册\31\张子谦-潇湘水云-残.wav,8.59,44100,2,16,,0.0,-53.06,-19.95,技术优先，待耳听,-21.8,0.09606
候选：待抽听,张子谦,秋塞吟-残,CD第2册\30\张子谦-秋塞吟-残.wav,1.48,44100,2,16,,3e-06,-48.27,-11.07,重点复听，暂缓训练,-14.09,0.13407
候选：待抽听,张子谦,秋鸿1,CD第2册\30\张子谦-秋鸿1.wav,12.42,44100,2,16,,0.0,-50.12,-8.86,重点复听，暂缓训练,-14.34,0.47995
候选：待抽听,张子谦,秋鸿2,CD第2册\30\张子谦-秋鸿2.wav,13.78,44100,2,16,,0.0,-54.34,-13.7,技术优先，待耳听,-21.27,0.0047
候选：待抽听,张子谦,良宵引2,CD第2册\28\张子谦-良宵引2.wav,2.01,44100,2,16,,0.0,-44.25,-11.48,重点复听，暂缓训练,-24.76,0.04049
候选：待抽听,张子谦,酒狂2,CD第2册\28\张子谦-酒狂2.wav,2.27,44100,2,16,,0.0,-48.98,-9.91,重点复听，暂缓训练,-18.29,0.01345
候选：待抽听,张子谦,长清1,CD第2册\28\张子谦-长清1.wav,6.05,44100,2,16,,0.000142,-42.01,-12.3,重点复听，暂缓训练,-17.99,0.16012
候选：待抽听,张子谦,飞鸣吟,CD第2册\28\张子谦-飞鸣吟.wav,1.97,44100,2,16,,7.2e-05,-40.76,-10.18,重点复听，暂缓训练,-16.27,0.03456
候选：待抽听,张子谦,龙翔操1-残,CD第2册\28\张子谦-龙翔操1-残.wav,4.66,44100,2,16,,0.0,-52.08,-16.12,技术优先，待耳听,-21.6,0.41566
候选：待抽听,张子谦,龙翔操3,CD第2册\28\张子谦-龙翔操3.wav,4.8,44100,2,16,,0.0,-56.6,-18.43,技术优先，待耳听,-23.53,0.13891
候选：待抽听,徐元白,墨子悲丝,CD第1册\CD09\徐元白-墨子悲丝.wav,14.05,44100,2,16,,0.0,-68.86,-28.99,技术优先，待耳听,-31.53,0.35718
候选：待抽听,徐元白,普庵咒,CD第1册\CD09\徐元白-普庵咒.wav,5.58,44100,2,16,,0.000285,-64.54,-26.59,重点复听，暂缓训练,-28.13,0.0097
候选：待抽听,徐元白,渔樵问答2,CD第1册\CD10\徐元白-渔樵问答2.wav,7.92,44100,2,16,,0.0,-57.47,-20.87,技术优先，待耳听,-23.17,0.51129
候选：待抽听,徐元白,渔歌,CD第1册\CD10\徐元白-渔歌.wav,15.55,44100,2,16,,0.0,-51.67,-17.49,技术优先，待耳听,-19.2,0.12266
候选：待抽听,徐元白,潇湘水云,CD第1册\CD10\徐元白-潇湘水云.wav,12.63,44100,2,16,,0.0,-51.16,-23.26,技术优先，待耳听,-29.78,0.51078
候选：待抽听,徐元白,西泠话雨,CD第1册\CD09\徐元白-西泠话雨.wav,5.19,44100,2,16,,0.0,-45.33,-22.4,重点复听，暂缓训练,-29.12,0.39134
候选：待抽听,徐元白,高山,CD第1册\CD09\徐元白-高山.wav,9.7,44100,2,16,,0.0,-59.01,-27.81,技术优先，待耳听,-27.38,0.39775
候选：待抽听,徐元白,鸥鹭忘机,CD第1册\CD09\徐元白-鸥鹭忘机.wav,5.6,44100,2,16,,0.0,-53.8,-35.02,技术优先，待耳听,-37.38,0.40809
候选：待抽听,徐立孙,公社之春,CD第2册\20\徐立孙-公社之春.wav,3.69,44100,2,16,,0.0,-62.77,-11.22,技术优先，待耳听,-17.71,0.00656
候选：待抽听,徐立孙,平沙落雁,CD第2册\21\徐立孙-平沙落雁.wav,4.14,44100,2,16,,0.0,-44.4,-14.16,重点复听，暂缓训练,-21.56,0.23256
候选：待抽听,徐立孙,幽兰,CD第2册\21\徐立孙-幽兰.wav,6.09,44100,2,16,,0.0,-50.48,-9.99,技术优先，待耳听,-19.62,0.04196
候选：待抽听,徐立孙,广陵散,CD第2册\21\徐立孙-广陵散.wav,17.03,44100,2,16,,0.0,-59.95,-10.68,技术优先，待耳听,-18.22,0.02794
候选：待抽听,徐立孙,广陵散-残,CD第2册\21\徐立孙-广陵散-残.wav,12.87,44100,2,16,,0.0,-42.07,-8.14,重点复听，暂缓训练,-15.39,0.00229
候选：待抽听,徐立孙,捣衣1,CD第2册\20\徐立孙-捣衣1.wav,5.03,44100,2,16,,0.0,-62.28,-12.21,技术优先，待耳听,-20.15,0.36
候选：待抽听,徐立孙,捣衣2,CD第2册\20\徐立孙-捣衣2.wav,5.57,44100,2,16,,0.0,-74.03,-19.37,技术优先，待耳听,-23.01,0.00496
候选：待抽听,徐立孙,捣衣3,CD第2册\20\徐立孙-捣衣3.wav,5.4,44100,2,16,,0.0,-58.84,-10.1,技术优先，待耳听,-17.51,0.00808
候选：待抽听,徐立孙,搔首问天1,CD第2册\21\徐立孙-搔首问天1.wav,4.65,44100,2,16,,0.0,-55.04,-16.32,技术优先，待耳听,-21.4,0.00149
候选：待抽听,徐立孙,长门怨1,CD第2册\20\徐立孙-长门怨1.wav,3.42,44100,2,16,,0.0,-54.08,-12.94,技术优先，待耳听,-17.86,0.11851
候选：待抽听,徐立孙,长门怨2,CD第2册\20\徐立孙-长门怨2.wav,3.35,44100,2,16,,0.0,-67.72,-15.69,技术优先，待耳听,-19.6,0.01091
候选：待抽听,徐立孙,长门怨3,CD第2册\20\徐立孙-长门怨3.wav,3.13,44100,2,16,,0.0,-73.5,-14.28,技术优先，待耳听,-21.18,0.16979
候选：待抽听,徐立孙,风雷引,CD第2册\20\徐立孙-风雷引.wav,2.18,44100,2,16,,0.0,-52.57,-12.7,技术优先，待耳听,-16.99,0.00356
候选：待抽听,朱惜辰,挟仙游,CD第4册\74\朱惜辰-挟仙游.wav,3.51,44100,2,16,,0.0,-59.74,-9.51,技术优先，待耳听,-19.36,0.02194
候选：待抽听,朱惜辰,搔首问天,CD第4册\74\朱惜辰-搔首问天.wav,5.2,44100,2,16,,0.0,-65.74,-9.43,技术优先，待耳听,-19.93,0.02521
候选：待抽听,朱惜辰,秋江夜泊,CD第4册\74\朱惜辰-秋江夜泊.wav,2.61,44100,2,16,,0.0,-70.96,-11.97,技术优先，待耳听,-22.77,0.37628
候选：待抽听,朱惜辰,风雷引,CD第4册\74\朱惜辰-风雷引.wav,2.22,44100,2,16,,0.0,-53.37,-8.53,重点复听，暂缓训练,-19.46,0.48791
候选：待抽听,朱龙庵,平沙落雁,CD第3册\47\朱龙庵-平沙落雁.wav,6.37,44100,2,16,,0.000325,-52.82,-20.35,重点复听，暂缓训练,-27.97,0.04302
候选：待抽听,朱龙庵,忆故人,CD第3册\47\朱龙庵-忆故人.wav,8.59,44100,2,16,,0.000269,-65.26,-16.6,重点复听，暂缓训练,-20.88,0.54238
候选：待抽听,朱龙庵,普庵咒,CD第3册\47\朱龙庵-普庵咒.wav,8.32,44100,2,16,,0.0,-74.29,-15.73,技术优先，待耳听,-19.37,0.52952
候选：待抽听,朱龙庵,梧叶舞秋风,CD第3册\47\朱龙庵-梧叶舞秋风.wav,5.11,44100,2,16,,0.000264,-62.96,-18.96,重点复听，暂缓训练,-28.05,0.11962
候选：待抽听,朱龙庵,渔樵问答,CD第3册\47\朱龙庵-渔樵问答.wav,9.43,44100,2,16,,0.000143,-75.14,-13.21,重点复听，暂缓训练,-19.83,0.2961
候选：待抽听,朱龙庵,秋江夜泊,CD第3册\47\朱龙庵-秋江夜泊.wav,3.57,44100,2,16,,0.000402,-66.22,-20.32,重点复听，暂缓训练,-22.64,0.00937
候选：待抽听,朱龙庵,长门怨,CD第3册\47\朱龙庵-长门怨.wav,5.48,44100,2,16,,0.000297,-64.19,-22.26,重点复听，暂缓训练,-28.88,0.23047
候选：待抽听,朱龙庵,鸥鹭忘机1,CD第3册\47\朱龙庵-鸥鹭忘机1.wav,4.91,44100,2,16,,0.0,-49.26,-22.64,重点复听，暂缓训练,-27.94,0.01906
候选：待抽听,朱龙庵,鸥鹭忘机2,CD第3册\47\朱龙庵-鸥鹭忘机2.wav,5.44,44100,2,16,,0.000314,-69.07,-19.46,重点复听，暂缓训练,-25.31,0.14331
候选：待抽听,李传爱,潇湘水云,CD第4册\61\李传爱-潇湘水云.wav,11.6,44100,2,16,,0.0,-66.56,-17.81,技术优先，待耳听,-28.45,0.03266
候选：待抽听,李璠,平沙落雁1,CD第4册\57\李璠-平沙落雁1.wav,5.15,44100,2,16,,0.0,-42.3,-14.96,重点复听，暂缓训练,-28.23,0.16535
候选：待抽听,李璠,平沙落雁2,CD第4册\57\李璠-平沙落雁2.wav,6.98,44100,2,16,,0.0,-46.97,-9.53,重点复听，暂缓训练,-19.61,0.54915
候选：待抽听,李璠,潇湘水云,CD第4册\57\李璠-潇湘水云.wav,12.76,44100,2,16,,0.0,-48.1,-12.62,重点复听，暂缓训练,-21.29,0.54177
候选：待抽听,李璠,长门怨,CD第4册\57\李璠-长门怨.wav,6.05,44100,2,16,,0.0,-48.04,-12.14,重点复听，暂缓训练,-20.23,0.54035
候选：待抽听,李璠,高山2,CD第4册\57\李璠-高山2.wav,8.53,44100,2,16,,0.0,-49.36,-13.82,重点复听，暂缓训练,-19.23,0.54518
候选：待抽听,李璠,鸥鹭忘机,CD第4册\57\李璠-鸥鹭忘机.wav,6.3,44100,2,16,,0.0,-47.43,-11.25,重点复听，暂缓训练,-16.91,0.54402
候选：待抽听,杨新伦,乌夜啼,CD第2册\22\杨新伦-乌夜啼.wav,6.68,44100,2,16,,0.0,-49.6,-13.07,重点复听，暂缓训练,-24.1,0.01538
候选：待抽听,杨新伦,怀古,CD第2册\22\杨新伦-怀古.wav,3.24,44100,2,16,,0.000151,-52.94,-15.03,重点复听，暂缓训练,-22.31,0.051
候选：待抽听,杨新伦,玉树临风,CD第2册\22\杨新伦-玉树临风.wav,3.53,44100,2,16,,0.000223,-45.56,-16.09,重点复听，暂缓训练,-23.39,0.05466
候选：待抽听,杨新伦,碧涧流泉,CD第2册\22\杨新伦-碧涧流泉.wav,4.03,44100,2,16,,0.000341,-56.88,-14.03,重点复听，暂缓训练,-20.23,0.02482
候选：待抽听,杨新伦,高山,CD第2册\22\杨新伦-高山.wav,7.19,44100,2,16,,0.0,-69.44,-20.01,技术优先，待耳听,-23.13,0.14287
候选：待抽听,杨葆元,伐檀,CD第2册\26\杨葆元-伐檀.wav,2.43,44100,2,16,,0.0,-47.8,-13.3,重点复听，暂缓训练,-23.03,0.02793
候选：待抽听,杨葆元,平沙落雁,CD第2册\26\杨葆元-平沙落雁.wav,7.45,44100,2,16,,0.0,-48.89,-18.11,重点复听，暂缓训练,-24.5,0.26768
候选：待抽听,杨葆元,归去来辞,CD第2册\26\杨葆元-归去来辞.wav,4.25,44100,2,16,,0.0,-56.19,-14.09,技术优先，待耳听,-24.58,0.01696
候选：待抽听,杨葆元,桃源春晓,CD第2册\27\杨葆元-桃源春晓.wav,7.57,44100,2,16,,0.0,-61.9,-10.12,技术优先，待耳听,-19.84,0.5077
候选：待抽听,杨葆元,梅花三弄,CD第2册\26\杨葆元-梅花三弄.wav,6.74,44100,2,16,,0.0,-50.89,-12.05,技术优先，待耳听,-20.25,0.52934
候选：待抽听,杨葆元,水仙操1,CD第2册\27\杨葆元-水仙操1.wav,9.45,44100,2,16,,0.0,-72.77,-22.85,技术优先，待耳听,-28.63,0.50861
候选：待抽听,杨葆元,渔樵问答,CD第2册\27\杨葆元-渔樵问答.wav,9.99,44100,2,16,,0.0,-71.53,-13.15,技术优先，待耳听,-16.93,0.09685
候选：待抽听,杨葆元,秋鸿,CD第2册\26\杨葆元-秋鸿.wav,20.95,44100,2,16,,0.0,-75.14,-12.42,技术优先，待耳听,-25.03,0.00903
候选：待抽听,杨葆元,鹿鸣操,CD第2册\26\杨葆元-鹿鸣操.wav,2.78,44100,2,16,,0.0,-55.22,-16.47,技术优先，待耳听,-26.16,0.03007
候选：待抽听,查阜西,关山月,CD第1册\CD11\查阜西-关山月.wav,3.24,44100,2,16,,0.000279,-42.38,-12.27,重点复听，暂缓训练,-17.39,0.09484
候选：待抽听,查阜西,凯歌,CD第1册\CD11\查阜西-凯歌.wav,5.61,44100,2,16,,0.000242,-53.75,-11.24,重点复听，暂缓训练,-19.87,0.13176
候选：待抽听,查阜西,大江东去,CD第1册\CD11\查阜西-大江东去.wav,5.15,44100,2,16,,1e-06,-40.32,-13.99,重点复听，暂缓训练,-26.97,0.00111
候选：待抽听,查阜西,忆故人,CD第1册\CD12\查阜西-忆故人.wav,6.38,44100,2,16,,0.000199,-41.57,-19.11,重点复听，暂缓训练,-28.94,0.02191
候选：待抽听,查阜西,梅花三弄,CD第1册\CD11\查阜西-梅花三弄.wav,9.68,44100,2,16,,9e-06,-53.38,-7.32,重点复听，暂缓训练,-13.72,0.06655
候选：待抽听,查阜西,洞庭秋思,CD第1册\CD11\查阜西-洞庭秋思.wav,3.79,44100,2,16,,0.0,-47.81,-15.67,重点复听，暂缓训练,-20.04,0.21067
候选：待抽听,查阜西,潇湘水云2,CD第1册\CD12\查阜西-潇湘水云2.wav,13.26,44100,2,16,,0.00036,-45.33,-18.58,重点复听，暂缓训练,-23.66,0.12417
候选：待抽听,查阜西,醉渔唱晚,CD第1册\CD12\查阜西-醉渔唱晚.wav,4.51,44100,2,16,,0.0,-51.9,-13.08,技术优先，待耳听,-24.93,0.20205
候选：待抽听,查阜西,长门怨,CD第1册\CD11\查阜西-长门怨.wav,5.01,44100,2,16,,0.0,-49.69,-15.15,重点复听，暂缓训练,-24.63,0.23969
候选：待抽听,查阜西,阳关三叠,CD第1册\CD12\查阜西-阳关三叠.wav,4.18,44100,2,16,,9.2e-05,-48.02,-15.09,重点复听，暂缓训练,-26.15,0.11341
候选：待抽听,查阜西,鸥鹭忘机,CD第1册\CD11\查阜西-鸥鹭忘机.wav,5.41,44100,2,16,,0.0,-52.07,-7.07,重点复听，暂缓训练,-11.13,0.1222
候选：待抽听,根如,平沙落雁,CD第1册\CD05\根如-平沙落雁.wav,4.2,44100,2,16,,7.1e-05,-42.98,-15.59,重点复听，暂缓训练,-19.1,0.02227
候选：待抽听,梁在平,梅花三弄-残,CD第3册\54\梁在平-梅花三弄-残.wav,6.77,44100,2,16,,0.0,-70.05,-20.11,技术优先，待耳听,-24.63,0.08642
候选：待抽听,毓邻初,风雷引,CD第4册\74\毓邻初-风雷引.wav,3.63,44100,2,16,,3.3e-05,-56.31,-11.98,技术优先，待耳听,-17.0,0.03753
候选：待抽听,汪孟舒,广寒秋,CD第1册\CD05\汪孟舒-广寒秋.wav,1.99,44100,2,16,,0.0,-57.25,-13.05,技术优先，待耳听,-22.14,0.41805
候选：待抽听,汪孟舒,清夜吟,CD第1册\CD05\汪孟舒-清夜吟.wav,2.78,44100,2,16,,0.0,-56.09,-20.3,技术优先，待耳听,-26.21,0.39918
候选：待抽听,汪振华,归去来辞,CD第4册\61\汪振华-归去来辞.wav,3.69,44100,2,16,,0.0,-57.47,-12.55,技术优先，待耳听,-21.59,0.06258
候选：待抽听,汪振华,渔樵问答1,CD第4册\61\汪振华-渔樵问答1.wav,6.14,44100,2,16,,0.0,-75.63,-13.49,技术优先，待耳听,-21.4,0.4609
候选：待抽听,汪振华,渔樵问答2,CD第4册\61\汪振华-渔樵问答2.wav,5.75,44100,2,16,,0.000413,-50.63,-12.28,重点复听，暂缓训练,-24.47,0.01705
候选：待抽听,沈草农,平沙落雁,CD第1册\CD08\沈草农-平沙落雁.wav,4.29,44100,2,16,,0.0,-67.77,-13.01,技术优先，待耳听,-25.45,0.25412
候选：待抽听,沈草农,渔樵问答,CD第1册\CD08\沈草农-渔樵问答.wav,8.64,44100,2,16,,0.0,-60.76,-19.85,技术优先，待耳听,-25.59,0.02912
候选：待抽听,沈草农,秋塞,CD第1册\CD08\沈草农-秋塞.wav,5.02,44100,2,16,,0.0,-61.0,-12.42,技术优先，待耳听,-23.99,0.00635
候选：待抽听,溥雪斋,普庵咒,CD第1册\CD08\溥雪斋-普庵咒.wav,7.2,44100,2,16,,0.0,-59.08,-19.22,技术优先，待耳听,-24.3,0.00388
候选：待抽听,溥雪斋,梅花三弄1,CD第1册\CD08\溥雪斋-梅花三弄1.wav,7.23,44100,2,16,,0.0,-46.38,-18.22,重点复听，暂缓训练,-31.7,0.00558
候选：待抽听,溥雪斋,梅花三弄2,CD第1册\CD08\溥雪斋-梅花三弄2.wav,7.24,44100,2,16,,0.0,-46.37,-16.4,重点复听，暂缓训练,-26.09,0.00621
候选：待抽听,溥雪斋,良宵引,CD第1册\CD08\溥雪斋-良宵引.wav,2.16,44100,2,16,,0.0,-43.25,-9.68,重点复听，暂缓训练,-23.59,0.0103
候选：待抽听,溥雪斋,鸥鹭忘机,CD第1册\CD08\溥雪斋-鸥鹭忘机.wav,4.1,44100,2,16,,0.0,-52.54,-14.58,技术优先，待耳听,-22.33,0.01762
候选：待抽听,王生香,中秋月,CD第2册\34\王生香-中秋月.wav,3.48,44100,2,16,,0.0,-46.58,-8.29,重点复听，暂缓训练,-10.67,0.24689
候选：待抽听,王生香,古交行,CD第2册\34\王生香-古交行.wav,8.87,44100,2,16,,0.0,-44.02,-15.32,重点复听，暂缓训练,-18.78,0.5443
候选：待抽听,王生香,平沙落雁,CD第2册\34\王生香-平沙落雁.wav,5.15,44100,2,16,,9.4e-05,-55.36,-14.47,技术优先，待耳听,-18.39,0.19421
候选：待抽听,王生香,长门怨,CD第2册\34\王生香-长门怨.wav,4.1,44100,2,16,,6.6e-05,-48.37,-16.37,重点复听，暂缓训练,-21.1,0.08707
候选：待抽听,程午嘉,关山月,CD第2册\34\程午嘉-关山月.wav,3.21,44100,2,16,,0.0,-57.74,-14.27,技术优先，待耳听,-22.22,0.38725
候选：待抽听,程午嘉,平沙落雁,CD第2册\34\程午嘉-平沙落雁.wav,4.79,44100,2,16,,0.0,-59.11,-12.65,技术优先，待耳听,-20.39,0.06453
候选：待抽听,程午嘉,玉楼春晓,CD第2册\34\程午嘉-玉楼春晓.wav,2.01,44100,2,16,,0.0,-62.68,-11.78,技术优先，待耳听,-20.15,0.04984
候选：待抽听,程午嘉,秋江夜泊,CD第2册\34\程午嘉-秋江夜泊.wav,2.99,44100,2,16,,0.0,-55.67,-10.18,技术优先，待耳听,-19.8,0.03983
候选：待抽听,程午嘉,长门怨,CD第2册\34\程午嘉-长门怨.wav,4.26,44100,2,16,,0.0,-61.47,-12.85,技术优先，待耳听,-21.55,0.07454
候选：待抽听,程午嘉,风雷引,CD第2册\34\程午嘉-风雷引.wav,3.4,44100,2,16,,0.0,-67.37,-10.44,技术优先，待耳听,-16.64,0.04875
候选：待抽听,章志荪,客窗夜话,CD第1册\CD05\章志荪-客窗夜话.wav,5.51,44100,2,16,,1.2e-05,-55.64,-8.15,重点复听，暂缓训练,-15.35,0.33526
候选：待抽听,管平湖,乌夜啼,CD第1册\CD19\管平湖-乌夜啼.wav,8.53,44100,2,16,,0.0,-58.99,-16.29,技术优先，待耳听,-24.35,0.05421
候选：待抽听,管平湖,关山月,CD第1册\CD14\管平湖-关山月.wav,2.73,44100,2,16,,0.0,-61.58,-15.96,技术优先，待耳听,-20.76,0.1434
候选：待抽听,管平湖,四大景,CD第1册\CD19\管平湖-四大景.wav,4.03,44100,2,16,,0.0,-45.05,-12.29,重点复听，暂缓训练,-22.82,0.24599
候选：待抽听,管平湖,回忆,CD第1册\CD16\管平湖-回忆.wav,1.97,44100,2,16,,0.000244,-41.46,-10.66,重点复听，暂缓训练,-24.48,0.28169
候选：待抽听,管平湖,大胡笳,CD第1册\CD14\管平湖-大胡笳.wav,12.29,44100,2,16,,0.0,-62.15,-12.78,技术优先，待耳听,-25.93,0.38148
候选：待抽听,管平湖,天风环珮1,CD第1册\CD19\管平湖-天风环珮1.wav,2.31,44100,2,16,,0.0,-74.64,-22.68,技术优先，待耳听,-32.4,0.46059
候选：待抽听,管平湖,平沙落雁2,CD第1册\CD18\管平湖-平沙落雁2.wav,6.75,44100,2,16,,0.0,-47.35,-28.32,重点复听，暂缓训练,-30.34,0.08828
候选：待抽听,管平湖,幽兰2,CD第1册\CD19\管平湖-幽兰2.wav,10.52,44100,2,16,,0.0,-52.4,-17.65,技术优先，待耳听,-26.36,0.04349
候选：待抽听,管平湖,幽兰3,CD第1册\CD19\管平湖-幽兰3.wav,11.55,44100,2,16,,6.4e-05,-42.62,-17.93,重点复听，暂缓训练,-24.21,0.39045
候选：待抽听,管平湖,广陵散1,CD第1册\CD15\管平湖-广陵散1.wav,22.58,44100,2,16,,0.0,-46.96,-18.8,重点复听，暂缓训练,-18.77,0.38111
候选：待抽听,管平湖,广陵散2,CD第1册\CD15\管平湖-广陵散2.wav,22.42,44100,2,16,,0.0,-64.36,-27.57,技术优先，待耳听,-25.48,0.43989
候选：待抽听,管平湖,广陵散3,CD第1册\CD15\管平湖-广陵散3.wav,22.5,44100,2,16,,0.000688,-41.23,-11.83,重点复听，暂缓训练,-18.87,0.0705
候选：待抽听,管平湖,春晓吟,CD第1册\CD14\管平湖-春晓吟.wav,3.38,44100,2,16,,0.000283,-49.1,-14.79,重点复听，暂缓训练,-22.61,0.14154
候选：待抽听,管平湖,欸乃,CD第1册\CD14\管平湖-欸乃.wav,12.53,44100,2,16,,0.0,-47.1,-15.7,重点复听，暂缓训练,-24.63,0.21044
候选：待抽听,管平湖,水仙操1,CD第1册\CD18\管平湖-水仙操1.wav,9.41,44100,2,16,,4.7e-05,-46.18,-15.74,重点复听，暂缓训练,-24.98,0.22216
候选：待抽听,管平湖,水仙操2,CD第1册\CD18\管平湖-水仙操2.wav,10.35,44100,2,16,,8.1e-05,-46.0,-21.45,重点复听，暂缓训练,-24.97,0.0946
候选：待抽听,管平湖,流水1,CD第1册\CD17\管平湖-流水1.wav,7.61,44100,2,16,,0.000283,-43.82,-19.72,重点复听，暂缓训练,-21.95,0.13728
候选：待抽听,管平湖,流水2,CD第1册\CD17\管平湖-流水2.wav,7.32,44100,2,16,,2.4e-05,-54.25,-16.82,技术优先，待耳听,-22.59,0.01662
候选：待抽听,管平湖,流水3,CD第1册\CD17\管平湖-流水3.wav,7.47,44100,2,16,,0.0,-47.27,-16.31,重点复听，暂缓训练,-21.91,0.06828
候选：待抽听,管平湖,流水4,CD第1册\CD17\管平湖-流水4.wav,7.7,44100,2,16,,0.000121,-50.49,-20.08,重点复听，暂缓训练,-22.83,0.08714
候选：待抽听,管平湖,白雪1,CD第1册\CD14\管平湖-白雪1.wav,5.08,44100,2,16,,0.0,-52.36,-11.09,技术优先，待耳听,-19.53,0.01465
候选：待抽听,管平湖,离骚1,CD第1册\CD16\管平湖-离骚1.wav,10.83,44100,2,16,,9e-06,-155.63,-155.63,技术优先，待耳听,-160.0,1.0
候选：待抽听,管平湖,离骚2,CD第1册\CD16\管平湖-离骚2.wav,10.31,44100,2,16,,0.0,-45.22,-12.76,重点复听，暂缓训练,-21.2,0.00587
候选：待抽听,管平湖,胡笳十八拍,CD第1册\CD16\管平湖-胡笳十八拍.wav,19.82,44100,2,16,,0.0,-47.87,-20.1,重点复听，暂缓训练,-24.8,0.01904
候选：待抽听,管平湖,胡笳十八拍-残,CD第1册\CD16\管平湖-胡笳十八拍-残.wav,2.68,44100,2,16,,8.6e-05,-44.43,-12.49,重点复听，暂缓训练,-24.86,0.06446
候选：待抽听,管平湖,良宵引,CD第1册\CD17\管平湖-良宵引.wav,3.11,44100,2,16,,0.0,-56.53,-21.6,技术优先，待耳听,-31.06,0.11136
候选：待抽听,管平湖,获麟1,CD第1册\CD16\管平湖-获麟1.wav,4.14,44100,2,16,,0.0,-42.21,-10.13,重点复听，暂缓训练,-18.15,0.01247
候选：待抽听,管平湖,获麟2,CD第1册\CD16\管平湖-获麟2.wav,4.24,44100,2,16,,0.0,-53.62,-12.11,技术优先，待耳听,-26.43,0.13555
候选：待抽听,管平湖,获麟3,CD第1册\CD16\管平湖-获麟3.wav,4.64,44100,2,16,,6.3e-05,-44.94,-10.87,重点复听，暂缓训练,-23.21,0.18463
候选：待抽听,管平湖,长清,CD第1册\CD14\管平湖-长清.wav,6.75,44100,2,16,,0.0,-71.4,-16.65,技术优先，待耳听,-25.21,0.0246
候选：待抽听,管平湖,长门怨,CD第1册\CD14\管平湖-长门怨.wav,5.77,44100,2,16,,0.000223,-43.71,-17.53,重点复听，暂缓训练,-26.96,0.28967
候选：待抽听,管平湖,阳关三叠,CD第1册\CD19\管平湖-阳关三叠.wav,3.79,44100,2,16,,0.000683,-47.07,-14.51,重点复听，暂缓训练,-24.59,0.16217
候选：待抽听,管平湖,阳春,CD第1册\CD19\管平湖-阳春.wav,5.49,44100,2,16,,6.7e-05,-45.82,-8.84,重点复听，暂缓训练,-17.76,0.4096
候选：待抽听,管平湖,风雷引,CD第1册\CD14\管平湖-风雷引.wav,3.86,44100,2,16,,0.0,-49.51,-15.68,重点复听，暂缓训练,-17.48,0.19591
候选：待抽听,管平湖,鸥鹭忘机,CD第1册\CD17\管平湖-鸥鹭忘机.wav,5.11,44100,2,16,,0.0,-67.53,-24.85,技术优先，待耳听,-30.98,0.49725
候选：待抽听,翁瘦苍,平沙落雁,CD第4册\61\翁瘦苍-平沙落雁.wav,6.12,44100,2,16,,0.0,-44.58,-19.95,重点复听，暂缓训练,-26.6,0.35633
候选：待抽听,翁瘦苍,高山,CD第4册\61\翁瘦苍-高山.wav,8.93,44100,2,16,,0.0,-40.66,-23.46,重点复听，暂缓训练,-27.88,0.24913
候选：待抽听,胡兰,普庵咒,CD第3册\55\胡兰-普庵咒.wav,11.13,44100,2,16,,0.0,-50.28,-17.48,技术优先，待耳听,-19.28,0.53557
候选：待抽听,胡斗东,平沙落雁-残,CD第3册\54\胡斗东-平沙落雁-残.wav,4.69,44100,2,16,,0.0,-49.07,-21.59,重点复听，暂缓训练,-23.86,0.07179
候选：待抽听,胡莹堂,忆故人,CD第1册\CD13\胡莹堂-忆故人.wav,6.5,44100,2,16,,0.000575,-50.27,-20.96,重点复听，暂缓训练,-27.74,0.01504
候选：待抽听,胡莹堂,渔歌,CD第1册\CD10\胡莹堂-渔歌.wav,15.58,44100,2,16,,0.0,-54.61,-15.62,技术优先，待耳听,-17.15,0.52691
候选：待抽听,胡莹堂,醉渔唱晚,CD第1册\CD13\胡莹堂-醉渔唱晚.wav,3.45,44100,2,16,,0.000152,-51.41,-16.47,重点复听，暂缓训练,-26.28,0.01197
候选：待抽听,胡莹堂,长门怨,CD第1册\CD13\胡莹堂-长门怨.wav,5.42,44100,2,16,,0.000307,-49.88,-16.92,重点复听，暂缓训练,-25.42,0.00738
候选：待抽听,莫尚德,忆故人,CD第3册\56\莫尚德-忆故人.wav,5.67,44100,2,16,,0.0,-59.97,-14.6,技术优先，待耳听,-22.34,0.09962
候选：待抽听,蔡德允,古琴吟,CD第3册\42\蔡德允-古琴吟.wav,1.07,44100,2,16,,0.0,-46.48,-10.5,重点复听，暂缓训练,-16.81,0.02292
候选：待抽听,蔡德允,平沙落雁1,CD第3册\42\蔡德允-平沙落雁1.wav,3.85,44100,2,16,,0.0,-45.38,-16.38,重点复听，暂缓训练,-25.49,0.42448
候选：待抽听,蔡德允,平沙落雁2,CD第3册\42\蔡德允-平沙落雁2.wav,5.82,44100,2,16,,0.0,-52.48,-20.53,技术优先，待耳听,-28.59,0.2656
候选：待抽听,蔡德允,忆故人,CD第3册\43\蔡德允-忆故人.wav,5.57,44100,2,16,,0.0,-45.81,-12.91,重点复听，暂缓训练,-21.21,0.05106
候选：待抽听,蔡德允,慨古吟,CD第3册\42\蔡德允-慨古吟.wav,2.21,44100,2,16,,0.0,-49.24,-9.69,重点复听，暂缓训练,-14.48,0.53411
候选：待抽听,蔡德允,梅花三弄,CD第3册\42\蔡德允-梅花三弄.wav,8.13,44100,2,16,,0.0,-53.07,-13.05,技术优先，待耳听,-24.78,0.23462
候选：待抽听,蔡德允,梧叶舞秋风,CD第3册\43\蔡德允-梧叶舞秋风.wav,3.7,44100,2,16,,0.0,-52.25,-16.01,技术优先，待耳听,-24.13,0.15233
候选：待抽听,蔡德允,水仙操,CD第3册\42\蔡德允-水仙操.wav,6.26,44100,2,16,,0.0,-49.75,-17.37,重点复听，暂缓训练,-23.33,0.3689
候选：待抽听,蔡德允,渔樵问答,CD第3册\43\蔡德允-渔樵问答.wav,8.36,44100,2,16,,0.0,-51.69,-18.08,技术优先，待耳听,-25.56,0.44752
候选：待抽听,蔡德允,潇湘水云1,CD第3册\43\蔡德允-潇湘水云1.wav,10.1,44100,2,16,,0.0,-74.15,-22.4,技术优先，待耳听,-23.59,0.36407
候选：待抽听,蔡德允,潇湘水云2,CD第3册\43\蔡德允-潇湘水云2.wav,10.08,44100,2,16,,0.0,-50.76,-13.82,技术优先，待耳听,-21.72,0.23393
候选：待抽听,蔡德允,玉楼春晓,CD第3册\43\蔡德允-玉楼春晓.wav,1.99,44100,2,16,,0.0,-52.84,-13.59,技术优先，待耳听,-18.1,0.08109
候选：待抽听,蔡德允,精忠词,CD第3册\42\蔡德允-精忠词.wav,1.12,44100,2,16,,0.0,-56.32,-8.7,重点复听，暂缓训练,-20.95,0.03487
候选：待抽听,蔡德允,胡笳十八拍,CD第3册\42\蔡德允-胡笳十八拍.wav,11.77,44100,2,16,,0.0,-49.6,-12.29,重点复听，暂缓训练,-18.31,0.01327
候选：待抽听,蔡德允,良宵引,CD第3册\42\蔡德允-良宵引.wav,2.53,44100,2,16,,0.0,-46.43,-10.81,重点复听，暂缓训练,-16.17,0.19017
候选：待抽听,蔡德允,醉渔唱晚2,CD第3册\43\蔡德允-醉渔唱晚2.wav,3.23,44100,2,16,,0.0,-54.74,-8.63,重点复听，暂缓训练,-18.15,0.00346
候选：待抽听,蔡德允,长门怨,CD第3册\42\蔡德允-长门怨.wav,3.97,44100,2,16,,0.0,-41.38,-17.23,重点复听，暂缓训练,-23.61,0.33795
候选：待抽听,蔡德允,阳关三叠,CD第3册\43\蔡德允-阳关三叠.wav,3.49,44100,2,16,,0.0,-47.1,-14.17,重点复听，暂缓训练,-14.46,0.55876
候选：待抽听,蔡德允,阳春,CD第3册\43\蔡德允-阳春.wav,7.82,44100,2,16,,0.0,-46.33,-9.67,重点复听，暂缓训练,-19.0,0.02805
候选：待抽听,蔡德允,龙翔操,CD第3册\42\蔡德允-龙翔操.wav,4.29,44100,2,16,,0.0,-53.81,-16.34,技术优先，待耳听,-23.59,0.53701
候选：待抽听,詹澄秋,听泉吟2,CD第1册\CD07\詹澄秋-听泉吟2.wav,1.5,44100,2,16,,0.0,-47.1,-13.58,重点复听，暂缓训练,-23.49,0.07196
候选：待抽听,詹澄秋,平沙落雁1,CD第1册\CD07\詹澄秋-平沙落雁1.wav,3.87,44100,2,16,,0.00018,-53.38,-13.78,重点复听，暂缓训练,-20.66,0.12467
候选：待抽听,詹澄秋,平沙落雁2,CD第1册\CD07\詹澄秋-平沙落雁2.wav,4.5,44100,2,16,,0.000171,-54.95,-20.07,重点复听，暂缓训练,-24.41,0.11352
候选：待抽听,詹澄秋,归去来辞,CD第1册\CD06\詹澄秋-归去来辞.wav,3.37,44100,2,16,,7e-05,-54.14,-11.76,技术优先，待耳听,-22.49,0.52938
候选：待抽听,詹澄秋,捣衣,CD第1册\CD06\詹澄秋-捣衣.wav,7.16,44100,2,16,,0.0003,-53.12,-8.23,重点复听，暂缓训练,-18.45,0.52254
候选：待抽听,詹澄秋,流水,CD第1册\CD06\詹澄秋-流水.wav,3.15,44100,2,16,,4e-05,-53.87,-9.01,技术优先，待耳听,-17.58,0.1205
候选：待抽听,詹澄秋,渔樵问答,CD第1册\CD07\詹澄秋-渔樵问答.wav,4.13,44100,2,16,,3.2e-05,-53.87,-8.42,重点复听，暂缓训练,-18.3,0.23446
候选：待抽听,詹澄秋,潇湘水云,CD第1册\CD07\詹澄秋-潇湘水云.wav,6.97,44100,2,16,,0.000175,-55.46,-8.95,重点复听，暂缓训练,-21.1,0.55506
候选：待抽听,詹澄秋,石上流泉,CD第1册\CD07\詹澄秋-石上流泉.wav,3.24,44100,2,16,,0.000255,-47.37,-9.42,重点复听，暂缓训练,-19.48,0.32424
候选：待抽听,詹澄秋,秋江夜泊,CD第1册\CD07\詹澄秋-秋江夜泊.wav,2.33,44100,2,16,,9.1e-05,-50.54,-12.36,技术优先，待耳听,-24.07,0.30685
候选：待抽听,詹澄秋,高山1,CD第1册\CD06\詹澄秋-高山1.wav,5.73,44100,2,16,,1.3e-05,-53.08,-8.69,重点复听，暂缓训练,-16.41,0.23101
候选：待抽听,詹澄秋,高山2,CD第1册\CD06\詹澄秋-高山2.wav,4.91,44100,2,16,,0.000428,-55.64,-7.14,重点复听，暂缓训练,-17.88,0.00098
候选：待抽听,詹澄秋,鹤舞洞天,CD第1册\CD06\詹澄秋-鹤舞洞天.wav,3.31,44100,2,16,,0.000412,-51.19,-9.65,重点复听，暂缓训练,-21.03,0.45092
候选：待抽听,许光毅,关山月,CD第3册\55\许光毅-关山月.wav,1.41,44100,2,16,,0.0,-51.8,-10.6,技术优先，待耳听,-20.94,0.00216
候选：待抽听,许光毅,凤求凰,CD第3册\55\许光毅-凤求凰.wav,1.28,44100,2,16,,0.0,-66.05,-22.14,技术优先，待耳听,-32.08,0.00373
候选：待抽听,许光毅,古琴吟,CD第3册\55\许光毅-古琴吟.wav,1.42,44100,2,16,,9e-06,-62.53,-15.72,技术优先，待耳听,-27.36,0.00463
候选：待抽听,许光毅,平沙落雁,CD第3册\55\许光毅-平沙落雁.wav,5.69,44100,2,16,,0.0,-45.36,-20.34,重点复听，暂缓训练,-31.11,0.03218
候选：待抽听,许光毅,梅花三弄1,CD第3册\55\许光毅-梅花三弄1.wav,6.95,44100,2,16,,0.0,-76.85,-14.98,技术优先，待耳听,-27.28,0.06589
候选：待抽听,许光毅,梅花三弄2,CD第3册\55\许光毅-梅花三弄2.wav,7.69,44100,2,16,,0.0,-72.01,-13.96,技术优先，待耳听,-21.54,0.20996
候选：待抽听,许光毅,醉渔唱晚,CD第3册\55\许光毅-醉渔唱晚.wav,4.46,44100,2,16,,0.0,-55.06,-20.3,技术优先，待耳听,-23.78,0.0336
候选：待抽听,许光毅,阳关三叠,CD第3册\55\许光毅-阳关三叠.wav,4.54,44100,2,16,,0.0,-57.84,-16.01,技术优先，待耳听,-23.73,0.0034
候选：待抽听,邵元复,关山月,CD第4册\70\邵元复-关山月.wav,1.74,44100,2,16,,0.0,-69.4,-8.11,重点复听，暂缓训练,-16.81,0.1371
候选：待抽听,邵元复,平沙落雁,CD第4册\70\邵元复-平沙落雁.wav,5.48,44100,2,16,,0.0,-69.13,-13.33,技术优先，待耳听,-18.86,0.16264
候选：待抽听,邵元复,忆故人,CD第4册\71\邵元复-忆故人.wav,6.94,44100,2,16,,0.0,-60.37,-14.77,技术优先，待耳听,-23.93,0.06897
候选：待抽听,邵元复,极乐吟,CD第4册\70\邵元复-极乐吟.wav,1.31,44100,2,16,,0.0,-53.79,-11.22,技术优先，待耳听,-16.51,0.02331
候选：待抽听,邵元复,渔樵问答,CD第4册\71\邵元复-渔樵问答.wav,9.13,44100,2,16,,0.0,-64.67,-13.3,技术优先，待耳听,-22.01,0.02466
候选：待抽听,邵元复,潇湘水云,CD第4册\71\邵元复-潇湘水云.wav,7.93,44100,2,16,,0.0,-63.78,-11.2,技术优先，待耳听,-21.1,0.2258
候选：待抽听,邵元复,玉楼春晓,CD第4册\71\邵元复-玉楼春晓.wav,1.4,44100,2,16,,0.000303,-45.75,-7.55,重点复听，暂缓训练,-12.09,0.00517
候选：待抽听,邵元复,秋江夜泊,CD第4册\71\邵元复-秋江夜泊.wav,3.1,44100,2,16,,0.0,-73.91,-9.46,技术优先，待耳听,-17.37,0.28917
候选：待抽听,邵元复,秋风词,CD第4册\71\邵元复-秋风词.wav,1.86,44100,2,16,,0.0,-50.17,-8.98,重点复听，暂缓训练,-18.15,0.01733
候选：待抽听,邵元复,长门怨,CD第4册\70\邵元复-长门怨.wav,4.06,44100,2,16,,0.0,-68.44,-13.76,技术优先，待耳听,-18.98,0.16494
候选：待抽听,邵元复,阳关三叠,CD第4册\71\邵元复-阳关三叠.wav,3.75,44100,2,16,,0.0,-66.62,-9.11,技术优先，待耳听,-16.81,0.18097
候选：待抽听,邵元复,风雷引,CD第4册\70\邵元复-风雷引.wav,3.33,44100,2,16,,0.0,-73.13,-8.04,重点复听，暂缓训练,-16.58,0.2693
候选：待抽听,郑颖孙,长门怨,CD第1册\CD10\郑颖孙-长门怨.wav,5.23,44100,2,16,,0.0,-61.74,-13.02,技术优先，待耳听,-17.91,0.11898
候选：待抽听,郭同甫,平沙落雁,CD第1册\CD04\郭同甫-平沙落雁.wav,5.71,44100,2,16,,2.6e-05,-42.54,-12.53,重点复听，暂缓训练,-16.23,0.00167
候选：待抽听,金致淇,鹿鸣操,CD第1册\CD13\金致淇-鹿鸣操.wav,3.98,44100,2,16,,0.0,-40.83,-8.41,重点复听，暂缓训练,-7.65,0.04529
候选：待抽听,陈天乐,四大景,CD第4册\62\陈天乐-四大景.wav,6.4,44100,2,16,,1e-06,-58.3,-16.31,技术优先，待耳听,-24.0,0.02285
候选：待抽听,陈心园,平沙落雁,CD第3册\48\陈心园-平沙落雁.wav,4.86,44100,2,16,,0.0,-62.6,-12.78,技术优先，待耳听,-21.45,0.15413
候选：待抽听,陈心园,搔首问天,CD第3册\48\陈心园-搔首问天.wav,4.88,44100,2,16,,0.0,-51.68,-11.57,技术优先，待耳听,-19.72,0.11266
候选：待抽听,陈心园,玉楼春晓,CD第3册\48\陈心园-玉楼春晓.wav,1.77,44100,2,16,,0.0,-76.33,-9.1,技术优先，待耳听,-19.64,0.18458
候选：待抽听,陈心园,秋江夜泊,CD第3册\48\陈心园-秋江夜泊.wav,2.38,44100,2,16,,0.0,-56.96,-8.49,重点复听，暂缓训练,-20.77,0.14833
候选：待抽听,陈心园,长门怨,CD第3册\48\陈心园-长门怨.wav,3.92,44100,2,16,,0.0,-59.17,-13.74,技术优先，待耳听,-19.58,0.54397
候选：待抽听,陈维斌,普庵咒,CD第1册\CD05\陈维斌-普庵咒.wav,10.44,44100,2,16,,0.000489,-48.74,-17.13,重点复听，暂缓训练,-21.24,0.00019
候选：待抽听,陈蕾士,乌夜啼,CD第4册\61\陈蕾士-乌夜啼.wav,8.21,44100,2,16,,3e-06,-54.16,-19.47,技术优先，待耳听,-23.07,0.10091
候选：待抽听,陈阅聪,归去来辞,CD第4册\62\陈阅聪-归去来辞.wav,4.7,44100,2,16,,0.0,-45.11,-10.63,重点复听，暂缓训练,-20.49,0.09488
候选：待抽听,陈阅聪,长门怨,CD第4册\62\陈阅聪-长门怨.wav,5.23,44100,2,16,,0.0,-47.39,-20.76,重点复听，暂缓训练,-32.1,0.10416
候选：待抽听,陈阅聪,阳关三叠,CD第4册\62\陈阅聪-阳关三叠.wav,4.3,44100,2,16,,0.0,-40.82,-15.61,重点复听，暂缓训练,-29.61,0.11305
候选：待抽听,顾梅羹,关山月,CD第2册\23\顾梅羹-关山月.wav,2.84,44100,2,16,,1e-06,-49.32,-10.97,重点复听，暂缓训练,-22.61,0.03404
候选：待抽听,顾梅羹,墨子悲丝,CD第2册\24\顾梅羹-墨子悲丝.wav,9.67,44100,2,16,,2.5e-05,-54.85,-21.68,技术优先，待耳听,-27.66,0.30432
候选：待抽听,顾梅羹,孔子读易1,CD第2册\23\顾梅羹-孔子读易1.wav,5.4,44100,2,16,,9.2e-05,-59.68,-17.72,技术优先，待耳听,-28.02,0.52296
候选：待抽听,顾梅羹,孔子读易2,CD第2册\23\顾梅羹-孔子读易2.wav,5.63,44100,2,16,,0.0,-56.06,-8.53,重点复听，暂缓训练,-11.14,0.16059
候选：待抽听,顾梅羹,平沙落雁1,CD第2册\24\顾梅羹-平沙落雁1.wav,6.74,44100,2,16,,3.8e-05,-52.53,-19.51,技术优先，待耳听,-25.82,0.42178
候选：待抽听,顾梅羹,平沙落雁3,CD第2册\24\顾梅羹-平沙落雁3.wav,6.09,44100,2,16,,0.0,-55.84,-13.29,技术优先，待耳听,-19.67,0.38111
候选：待抽听,顾梅羹,忆故人1,CD第2册\25\顾梅羹-忆故人1.wav,6.94,44100,2,16,,0.000172,-61.12,-17.97,重点复听，暂缓训练,-24.23,0.47981
候选：待抽听,顾梅羹,忆故人2,CD第2册\25\顾梅羹-忆故人2.wav,6.89,44100,2,16,,0.0,-56.1,-13.77,技术优先，待耳听,-20.53,0.33163
候选：待抽听,顾梅羹,普庵咒,CD第2册\24\顾梅羹-普庵咒.wav,7.27,44100,2,16,,6.9e-05,-54.44,-23.86,技术优先，待耳听,-25.78,0.36887
候选：待抽听,顾梅羹,梅花三弄2,CD第2册\24\顾梅羹-梅花三弄2.wav,7.91,44100,2,16,,0.0,-53.07,-9.08,技术优先，待耳听,-22.15,0.32903
候选：待抽听,顾梅羹,流水1,CD第2册\23\顾梅羹-流水1.wav,7.1,44100,2,16,,0.0,-67.82,-13.56,技术优先，待耳听,-20.59,0.00476
候选：待抽听,顾梅羹,流水2,CD第2册\23\顾梅羹-流水2.wav,7.27,44100,2,16,,0.0,-51.25,-13.83,技术优先，待耳听,-19.3,0.05422
候选：待抽听,顾梅羹,流水3,CD第2册\23\顾梅羹-流水3.wav,7.2,44100,2,16,,0.000128,-49.88,-13.15,重点复听，暂缓训练,-17.9,0.14255
候选：待抽听,顾梅羹,潇湘水云,CD第2册\25\顾梅羹-潇湘水云.wav,9.52,44100,2,16,,0.00029,-53.39,-19.08,重点复听，暂缓训练,-25.11,0.49329
候选：待抽听,顾梅羹,醉渔唱晚1,CD第2册\25\顾梅羹-醉渔唱晚1.wav,5.27,44100,2,16,,3.1e-05,-68.39,-19.06,技术优先，待耳听,-22.19,0.03652
候选：待抽听,顾梅羹,醉渔唱晚2,CD第2册\25\顾梅羹-醉渔唱晚2.wav,5.21,44100,2,16,,0.00028,-46.4,-15.03,重点复听，暂缓训练,-21.58,0.08151
候选：待抽听,顾梅羹,醉渔唱晚3,CD第2册\25\顾梅羹-醉渔唱晚3.wav,5.39,44100,2,16,,0.0,-54.63,-12.08,技术优先，待耳听,-19.8,0.16773
候选：待抽听,顾梅羹,长侧,CD第2册\23\顾梅羹-长侧.wav,6.82,44100,2,16,,0.00016,-57.7,-18.55,重点复听，暂缓训练,-26.56,0.1178
候选：待抽听,马景洛,凤鸣朝阳,CD第1册\CD01\马景洛-凤鸣朝阳.wav,4.01,44100,2,16,,0.0,-54.84,-14.25,技术优先，待耳听,-18.85,0.44141
候选：待抽听,马景洛,双鹤听泉,CD第1册\CD01\马景洛-双鹤听泉.wav,2.23,44100,2,16,,0.0,-55.82,-17.85,技术优先，待耳听,-18.55,0.54288
候选：待抽听,马景洛,客窗夜话,CD第1册\CD01\马景洛-客窗夜话.wav,5.27,44100,2,16,,0.0,-56.4,-12.8,技术优先，待耳听,-17.08,0.45726
候选：待抽听,马景洛,梧叶舞秋风,CD第1册\CD01\马景洛-梧叶舞秋风.wav,3.71,44100,2,16,,0.0,-54.15,-18.35,技术优先，待耳听,-19.01,0.34271
候选：待抽听,马景洛,渔樵问答,CD第1册\CD01\马景洛-渔樵问答.wav,5.06,44100,2,16,,0.0,-51.14,-19.09,技术优先，待耳听,-18.46,0.32667
候选：待抽听,马景洛,风云际会,CD第1册\CD01\马景洛-风云际会.wav,6.18,44100,2,16,,0.0,-57.25,-17.47,技术优先，待耳听,-17.8,0.47294
候选：待抽听,高仲钧,广寒游,CD第4册\64\高仲钧-广寒游.wav,4.08,44100,2,16,,0.0,-60.07,-14.2,技术优先，待耳听,-21.94,0.23105
候选：待抽听,高松如,平沙落雁,CD第2册\32\高松如-平沙落雁.wav,4.53,44100,2,16,,0.000407,-57.41,-12.41,重点复听，暂缓训练,-16.47,0.00544
候选：待抽听,高松如,渔樵问答,CD第2册\32\高松如-渔樵问答.wav,4.41,44100,2,16,,6e-05,-60.56,-13.13,技术优先，待耳听,-19.44,0.37156
候选：待抽听,高松如,秋江夜泊,CD第2册\32\高松如-秋江夜泊.wav,2.5,44100,2,16,,0.0,-46.44,-7.34,重点复听，暂缓训练,-14.07,0.53336
候选：待抽听,黄雪辉,忆故人,CD第2册\22\黄雪辉-忆故人.wav,5.95,44100,2,16,,0.0,-68.87,-18.35,技术优先，待耳听,-28.55,0.11873
候选：待抽听,黄雪辉,白雪,CD第2册\22\黄雪辉-白雪.wav,5.63,44100,2,16,,0.0,-66.69,-13.72,技术优先，待耳听,-25.05,0.02296
候选：待抽听,黄雪辉,秋江夜泊,CD第2册\22\黄雪辉-秋江夜泊.wav,3.16,44100,2,16,,0.0,-67.2,-13.96,技术优先，待耳听,-26.24,0.05087
候选：待抽听,龙琴舫,捣衣,CD第1册\CD05\龙琴舫-捣衣.wav,6.64,44100,2,16,,0.0,-59.11,-15.15,技术优先，待耳听,-22.36,0.07651
候选：待抽听,龙琴舫,观音咒,CD第1册\CD05\龙琴舫-观音咒.wav,2.4,44100,2,16,,0.0,-62.31,-10.0,技术优先，待耳听,-17.29,0.20468
候选：建议优先复听,Hsuh LuYuan,四大景,CD第1册\CD01\Hsuh LuYuan-四大景.wav,0.86,44100,2,16,抽样削波>0.1%；不足1分钟,0.002098,-56.63,-12.41,重点复听，暂缓训练,-14.8,0.01283
候选：建议优先复听,乐瑛,阳关三叠,CD第3册\41\乐瑛-阳关三叠.wav,3.13,44100,2,16,安静处底声相对偏高,0.0,-65.25,-6.76,重点复听，暂缓训练,-12.61,0.08853
候选：建议优先复听,关仲航,平沙落雁,CD第2册\32\关仲航-平沙落雁.wav,5.55,44100,2,16,抽样削波>0.1%,0.001369,-56.23,-19.99,重点复听，暂缓训练,-23.49,0.47958
候选：建议优先复听,关仲航,潇湘水云,CD第2册\32\关仲航-潇湘水云.wav,9.24,44100,2,16,抽样削波>0.1%,0.010213,-52.39,-18.06,重点复听，暂缓训练,-25.2,0.17162
候选：建议优先复听,刘少椿,山居吟,CD第2册\33\刘少椿-山居吟.wav,3.57,44100,2,16,安静处高频偏强,0.0,-37.51,-19.27,重点复听，暂缓训练,-20.41,0.00339
候选：建议优先复听,刘少椿,酒狂,CD第2册\33\刘少椿-酒狂.wav,2.58,44100,2,16,安静处高频偏强,0.0,-27.07,-12.54,重点复听，暂缓训练,-17.8,0.01722
候选：建议优先复听,刘景韶,平沙落雁2,CD第2册\35\刘景韶-平沙落雁2.wav,5.38,44100,2,16,安静处高频偏强,0.0,-37.48,-13.98,重点复听，暂缓训练,-26.78,0.05183
候选：建议优先复听,刘景韶,长门怨2,CD第2册\35\刘景韶-长门怨2.wav,4.61,44100,2,16,安静处高频偏强,0.0,-38.28,-13.65,重点复听，暂缓训练,-24.21,0.13366
候选：建议优先复听,刘毅志,归去来辞,CD第4册\70\刘毅志-归去来辞.wav,3.74,44100,2,16,抽样削波>0.1%,0.00131,-42.47,-10.05,重点复听，暂缓训练,-17.65,0.3595
候选：建议优先复听,北京古琴研究会,古琴历史录音,CD第4册\74\北京古琴研究会-古琴历史录音.wav,29.31,44100,2,16,安静处高频偏强,0.0,-28.78,-14.7,重点复听，暂缓训练,-24.95,0.05409
候选：建议优先复听,卢家炳,平沙落雁1,CD第1册\CD03\卢家炳-平沙落雁1.wav,4.59,44100,2,16,安静处高频偏强,0.0,-39.86,-9.56,重点复听，暂缓训练,-21.42,0.01553
候选：建议优先复听,卫仲乐,醉渔唱晚2,CD第3册\49\卫仲乐-醉渔唱晚2.wav,3.3,44100,2,16,安静处高频偏强,0.0,-30.56,-17.49,重点复听，暂缓训练,-22.31,0.0644
候选：建议优先复听,卫仲乐,阳关三叠2,CD第3册\49\卫仲乐-阳关三叠2.wav,3.73,44100,2,16,安静处高频偏强,0.0,-29.31,-13.1,重点复听，暂缓训练,-19.07,0.02099
候选：建议优先复听,吴兆奇,阳春,CD第4册\64\吴兆奇-阳春.wav,9.96,44100,2,16,安静处高频偏强,2e-06,-37.86,-11.74,重点复听，暂缓训练,-25.2,0.0705
候选：建议优先复听,吴振平,梅花三弄-残,CD第3册\46\吴振平-梅花三弄-残.wav,2.05,44100,2,16,抽样削波>0.1%；安静处高频偏强,0.002035,-39.33,-7.37,重点复听，暂缓训练,-17.02,0.04766
候选：建议优先复听,吴景略,梧叶舞秋风,CD第3册\45\吴景略-梧叶舞秋风.wav,3.44,44100,2,16,安静处高频偏强,0.0,-23.1,-12.57,重点复听，暂缓训练,-21.99,0.02968
候选：建议优先复听,喻绍泽,佩兰2,CD第2册\37\喻绍泽-佩兰2.wav,8.41,44100,2,16,安静处高频偏强,0.0,-37.0,-15.52,重点复听，暂缓训练,-17.71,0.19802
候选：建议优先复听,喻绍泽,平沙落雁,CD第2册\37\喻绍泽-平沙落雁.wav,5.0,44100,2,16,安静处高频偏强,0.0,-37.03,-13.28,重点复听，暂缓训练,-23.08,0.03899
候选：建议优先复听,喻绍泽,胡笳十八拍,CD第2册\36\喻绍泽-胡笳十八拍.wav,12.6,44100,2,16,安静处高频偏强,0.0,-32.42,-11.64,重点复听，暂缓训练,-17.43,0.00223
候选：建议优先复听,喻绍泽,跃进歌声1,CD第2册\38\喻绍泽-跃进歌声1.wav,4.82,44100,2,16,安静处高频偏强,6e-06,-35.1,-11.24,重点复听，暂缓训练,-17.04,0.01337
候选：建议优先复听,喻绍泽,酒狂,CD第2册\36\喻绍泽-酒狂.wav,1.94,44100,2,16,安静处高频偏强,0.0,-39.45,-7.17,重点复听，暂缓训练,-12.14,0.01679
候选：建议优先复听,夏一峰,平沙落雁,CD第1册\CD02\夏一峰-平沙落雁.wav,7.59,44100,2,16,抽样削波>0.1%,0.008348,-48.24,-19.54,重点复听，暂缓训练,-23.46,0.02187
候选：建议优先复听,夏一峰,渔歌,CD第1册\CD02\夏一峰-渔歌.wav,13.48,44100,2,16,抽样削波>0.1%,0.020942,-49.86,-17.62,重点复听，暂缓训练,-20.74,0.00517
候选：建议优先复听,夏一峰,秋塞吟,CD第1册\CD02\夏一峰-秋塞吟.wav,8.23,44100,2,16,抽样削波>0.1%,0.017445,-46.83,-13.74,重点复听，暂缓训练,-19.54,0.00717
候选：建议优先复听,夏一峰,阳关三叠,CD第1册\CD02\夏一峰-阳关三叠.wav,3.54,44100,2,16,抽样削波>0.1%,0.002553,-44.03,-10.78,重点复听，暂缓训练,-12.72,0.0432
候选：建议优先复听,夏一峰,风雷引,CD第1册\CD02\夏一峰-风雷引.wav,4.01,44100,2,16,抽样削波>0.1%,0.002206,-43.92,-10.94,重点复听，暂缓训练,-12.15,0.03014
候选：建议优先复听,夏莲居,春山听杜鹃,CD第1册\CD04\夏莲居-春山听杜鹃.wav,5.09,44100,2,16,安静处高频偏强,5.7e-05,-31.36,-10.31,重点复听，暂缓训练,-13.1,0.03242
候选：建议优先复听,夏莲居,秋江夜泊,CD第1册\CD04\夏莲居-秋江夜泊.wav,2.37,44100,2,16,安静处高频偏强,0.000443,-39.4,-11.43,重点复听，暂缓训练,-14.29,0.05122
候选：建议优先复听,夏莲居,长安一片月,CD第1册\CD04\夏莲居-长安一片月.wav,7.61,44100,2,16,安静处高频偏强,2.6e-05,-33.29,-8.14,重点复听，暂缓训练,-15.13,0.00781
候选：建议优先复听,姚丙炎,乌夜啼1,CD第4册\68\姚丙炎-乌夜啼1.wav,8.09,44100,2,16,安静处高频偏强,6.9e-05,-34.46,-11.83,重点复听，暂缓训练,-16.72,0.03274
候选：建议优先复听,姚丙炎,乌夜啼2,CD第4册\68\姚丙炎-乌夜啼2.wav,8.87,44100,2,16,安静处高频偏强,0.0,-29.53,-8.95,重点复听，暂缓训练,-10.9,0.02621
候选：建议优先复听,姚丙炎,华胥引2,CD第4册\67\姚丙炎-华胥引2.wav,2.34,44100,2,16,安静处高频偏强；安静处底声相对偏高,0.000155,-39.83,-5.25,重点复听，暂缓训练,-8.99,0.10267
候选：建议优先复听,姚丙炎,古风操,CD第4册\66\姚丙炎-古风操.wav,3.87,44100,2,16,安静处底声相对偏高,0.0,-40.51,-6.75,重点复听，暂缓训练,-9.03,0.00904
候选：建议优先复听,姚丙炎,忆故人-残,CD第4册\69\姚丙炎-忆故人-残.wav,6.19,44100,2,16,安静处高频偏强,0.0,-37.26,-8.7,重点复听，暂缓训练,-9.61,0.02466
候选：建议优先复听,姚丙炎,忘忧2,CD第4册\68\姚丙炎-忘忧2.wav,2.29,44100,2,16,安静处高频偏强；安静处底声相对偏高,0.0,-36.3,-6.93,重点复听，暂缓训练,-13.82,0.02445
候选：建议优先复听,姚丙炎,潇湘水云2,CD第4册\69\姚丙炎-潇湘水云2.wav,8.65,44100,2,16,安静处高频偏强,0.0,-37.21,-15.21,重点复听，暂缓训练,-23.84,0.05145
候选：建议优先复听,姚丙炎,胡笳十八拍2,CD第4册\67\姚丙炎-胡笳十八拍2.wav,15.53,44100,2,16,安静处高频偏强,0.0,-28.82,-12.5,重点复听，暂缓训练,-16.0,0.40792
候选：建议优先复听,姚丙炎,酒狂1,CD第4册\67\姚丙炎-酒狂1.wav,2.27,44100,2,16,安静处高频偏强；安静处底声相对偏高,0.0,-33.17,-5.97,重点复听，暂缓训练,-15.31,8e-05
候选：建议优先复听,姚丙炎,阳春,CD第4册\69\姚丙炎-阳春.wav,7.0,44100,2,16,安静处高频偏强,0.0,-32.33,-14.03,重点复听，暂缓训练,-22.85,0.25131
候选：建议优先复听,孙毓芹,凤求凰,CD第4册\59\孙毓芹-凤求凰.wav,1.3,44100,2,16,安静处底声相对偏高,0.0,-55.57,-6.53,重点复听，暂缓训练,-12.01,0.54837
候选：建议优先复听,孙毓芹,太古引,CD第4册\59\孙毓芹-太古引.wav,2.14,44100,2,16,安静处底声相对偏高,0.0,-63.28,-5.87,重点复听，暂缓训练,-12.19,0.55085
候选：建议优先复听,孙毓芹,归去来辞,CD第4册\59\孙毓芹-归去来辞.wav,3.43,44100,2,16,安静处底声相对偏高,0.0,-63.66,-5.5,重点复听，暂缓训练,-11.83,0.49078
候选：建议优先复听,孙毓芹,玉楼春晓1,CD第4册\60\孙毓芹-玉楼春晓1.wav,1.55,44100,2,16,安静处高频偏强,0.0,-39.02,-15.52,重点复听，暂缓训练,-22.99,0.04197
候选：建议优先复听,张子谦,天风环珮2,CD第2册\30\张子谦-天风环珮2.wav,2.5,44100,2,16,安静处高频偏强,0.0,-36.33,-14.09,重点复听，暂缓训练,-20.49,0.04273
候选：建议优先复听,张子谦,平沙落雁,CD第2册\29\张子谦-平沙落雁.wav,5.96,44100,2,16,安静处高频偏强；安静处底声相对偏高,0.0,-37.56,-5.5,重点复听，暂缓训练,-9.87,0.46297
候选：建议优先复听,张子谦,良宵引1,CD第2册\28\张子谦-良宵引1.wav,1.7,44100,2,16,安静处高频偏强,0.000207,-33.1,-7.37,重点复听，暂缓训练,-14.11,0.06639
候选：建议优先复听,张子谦,酒狂1,CD第2册\28\张子谦-酒狂1.wav,2.2,44100,2,16,安静处高频偏强,0.000288,-34.19,-8.18,重点复听，暂缓训练,-15.92,0.06166
候选：建议优先复听,张子谦,长清2,CD第2册\28\张子谦-长清2.wav,6.32,44100,2,16,安静处高频偏强,0.0,-35.6,-7.14,重点复听，暂缓训练,-12.31,0.34644
候选：建议优先复听,张子谦,龙翔操2,CD第2册\28\张子谦-龙翔操2.wav,4.43,44100,2,16,安静处高频偏强,7.1e-05,-32.81,-10.31,重点复听，暂缓训练,-15.33,0.06579
候选：建议优先复听,张子谦,龙翔操4,CD第2册\28\张子谦-龙翔操4.wav,5.55,44100,2,16,安静处高频偏强,0.0,-38.82,-18.74,重点复听，暂缓训练,-24.28,0.0073
候选：建议优先复听,徐元白,渔樵问答1-残,CD第1册\CD10\徐元白-渔樵问答1-残.wav,4.98,44100,2,16,安静处高频偏强,8e-06,-39.96,-13.23,重点复听，暂缓训练,-16.93,0.27608
候选：建议优先复听,徐立孙,搔首问天2,CD第2册\21\徐立孙-搔首问天2.wav,4.83,44100,2,16,安静处高频偏强,0.0,-39.08,-16.56,重点复听，暂缓训练,-23.18,0.03367
候选：建议优先复听,李璠,高山1,CD第4册\57\李璠-高山1.wav,6.82,44100,2,16,安静处高频偏强,0.0,-36.94,-13.69,重点复听，暂缓训练,-23.77,0.13601
候选：建议优先复听,杨新伦,渔樵问答,CD第2册\22\杨新伦-渔樵问答.wav,5.59,44100,2,16,安静处底声相对偏高,0.0,-53.37,-5.55,重点复听，暂缓训练,-14.25,0.45435
候选：建议优先复听,杨新伦,鸥鹭忘机,CD第2册\22\杨新伦-鸥鹭忘机.wav,3.1,44100,2,16,安静处高频偏强,0.0,-37.61,-17.96,重点复听，暂缓训练,-22.66,0.03437
候选：建议优先复听,杨清如,古寺钟声,CD第3册\56\杨清如-古寺钟声.wav,6.32,44100,2,16,安静处底声相对偏高,0.0,-69.5,-3.11,重点复听，暂缓训练,-3.45,0.11042
候选：建议优先复听,杨清如,平沙落雁,CD第3册\56\杨清如-平沙落雁.wav,3.95,44100,2,16,安静处底声相对偏高,0.0,-71.22,-2.28,重点复听，暂缓训练,-2.73,0.18237
候选：建议优先复听,杨清如,慨古吟,CD第3册\56\杨清如-慨古吟.wav,1.75,44100,2,16,安静处底声相对偏高,0.0,-68.94,-2.07,重点复听，暂缓训练,-2.44,0.43556
候选：建议优先复听,杨清如,醉渔唱晚,CD第3册\56\杨清如-醉渔唱晚.wav,3.37,44100,2,16,安静处底声相对偏高,0.0,-58.52,-2.36,重点复听，暂缓训练,-3.06,0.48092
候选：建议优先复听,杨清如,阳关三叠1,CD第3册\56\杨清如-阳关三叠1.wav,3.03,44100,2,16,安静处底声相对偏高,0.0,-65.49,-3.89,重点复听，暂缓训练,-3.75,0.53839
候选：建议优先复听,杨清如,阳关三叠2,CD第3册\56\杨清如-阳关三叠2.wav,3.22,44100,2,16,安静处底声相对偏高,0.0,-65.52,-3.14,重点复听，暂缓训练,-3.93,0.54346
候选：建议优先复听,杨清如,阳关三叠3,CD第3册\56\杨清如-阳关三叠3.wav,2.48,44100,2,16,安静处底声相对偏高,0.0,-68.22,-2.05,重点复听，暂缓训练,-2.17,0.54414
候选：建议优先复听,杨葆元,水仙操2,CD第2册\27\杨葆元-水仙操2.wav,8.33,44100,2,16,安静处高频偏强,2.5e-05,-35.07,-20.64,重点复听，暂缓训练,-25.34,0.04256
候选：建议优先复听,杨葆元,流水,CD第2册\26\杨葆元-流水.wav,7.07,44100,2,16,安静处高频偏强,0.000289,-36.0,-20.1,重点复听，暂缓训练,-25.38,0.07437
候选：建议优先复听,查阜西,-渔歌,CD第1册\CD12\查阜西--渔歌.wav,15.61,44100,2,16,安静处底声相对偏高,0.0,-41.03,-6.24,重点复听，暂缓训练,-11.87,0.05635
候选：建议优先复听,查阜西,普庵咒,CD第1册\CD11\查阜西-普庵咒.wav,10.15,44100,2,16,安静处底声相对偏高,6.2e-05,-48.85,-6.86,重点复听，暂缓训练,-13.78,0.1706
候选：建议优先复听,查阜西,潇湘水云1,CD第1册\CD12\查阜西-潇湘水云1.wav,14.11,44100,2,16,安静处高频偏强,4.4e-05,-33.43,-17.4,重点复听，暂缓训练,-22.06,0.11619
候选：建议优先复听,溥雪斋,酒狂,CD第1册\CD08\溥雪斋-酒狂.wav,1.53,44100,2,16,安静处高频偏强；安静处底声相对偏高,1.1e-05,-29.88,-6.07,重点复听，暂缓训练,-14.26,0.00313
候选：建议优先复听,王凤襄,秋江夜泊,CD第3册\56\王凤襄-秋江夜泊.wav,2.95,44100,2,16,安静处底声相对偏高,0.0,-51.35,-5.32,重点复听，暂缓训练,-5.99,0.29066
候选：建议优先复听,王凤襄,秋风词,CD第3册\56\王凤襄-秋风词.wav,1.58,44100,2,16,安静处底声相对偏高,0.0,-41.94,-4.79,重点复听，暂缓训练,-8.23,0.04193
候选：建议优先复听,王凤襄,良宵引,CD第3册\56\王凤襄-良宵引.wav,2.5,44100,2,16,安静处底声相对偏高,0.0,-49.57,-4.24,重点复听，暂缓训练,-8.56,0.27697
候选：建议优先复听,王生香,酒狂,CD第2册\34\王生香-酒狂.wav,2.22,44100,2,16,安静处高频偏强,0.000163,-33.58,-7.33,重点复听，暂缓训练,-13.47,0.02661
候选：建议优先复听,王绍舜,关山月,CD第4册\73\王绍舜-关山月.wav,1.92,44100,2,16,安静处高频偏强,0.0,-20.78,-7.77,重点复听，暂缓训练,-13.15,0.00455
候选：建议优先复听,王绍舜,梧叶舞秋风,CD第4册\73\王绍舜-梧叶舞秋风.wav,3.75,44100,2,16,安静处高频偏强；安静处底声相对偏高,0.0,-27.97,-6.67,重点复听，暂缓训练,-14.7,0.00545
候选：建议优先复听,王绍舜,渔樵问答,CD第4册\73\王绍舜-渔樵问答.wav,9.83,44100,2,16,安静处高频偏强,0.0,-25.26,-7.33,重点复听，暂缓训练,-13.13,0.00404
候选：建议优先复听,王绍舜,潇湘水云,CD第4册\73\王绍舜-潇湘水云.wav,10.74,44100,2,16,安静处高频偏强；安静处底声相对偏高,0.0,-20.41,-5.94,重点复听，暂缓训练,-13.4,0.00507
候选：建议优先复听,王绍舜,胡笳十八拍,CD第4册\73\王绍舜-胡笳十八拍.wav,24.2,44100,2,16,安静处高频偏强,0.0,-31.74,-8.47,重点复听，暂缓训练,-13.06,0.01744
候选：建议优先复听,王绍舜,阳关三叠,CD第4册\73\王绍舜-阳关三叠.wav,4.31,44100,2,16,安静处高频偏强,0.0,-17.76,-7.72,重点复听，暂缓训练,-14.64,0.00477
候选：建议优先复听,程独清,归去来辞,CD第1册\CD10\程独清-归去来辞.wav,5.3,44100,2,16,安静处高频偏强,0.00011,-35.41,-13.68,重点复听，暂缓训练,-23.55,0.32437
候选：建议优先复听,管平湖,天风环珮2,CD第1册\CD19\管平湖-天风环珮2.wav,3.49,44100,2,16,安静处高频偏强,5.5e-05,-38.81,-12.26,重点复听，暂缓训练,-24.68,0.06743
候选：建议优先复听,管平湖,平沙落雁1,CD第1册\CD18\管平湖-平沙落雁1.wav,6.67,44100,2,16,安静处高频偏强,0.000104,-38.88,-18.82,重点复听，暂缓训练,-25.26,0.29224
候选：建议优先复听,管平湖,幽兰1,CD第1册\CD19\管平湖-幽兰1.wav,10.29,44100,2,16,安静处高频偏强,7.2e-05,-39.8,-16.91,重点复听，暂缓训练,-24.65,0.40557
候选：建议优先复听,管平湖,梅花三弄,CD第1册\CD17\管平湖-梅花三弄.wav,8.05,44100,2,16,安静处高频偏强,6.6e-05,-38.04,-9.34,重点复听，暂缓训练,-22.03,0.02208
候选：建议优先复听,管平湖,潇湘水云,CD第1册\CD19\管平湖-潇湘水云.wav,10.28,44100,2,16,安静处高频偏强,0.000204,-39.04,-10.82,重点复听，暂缓训练,-18.67,0.12685
候选：建议优先复听,管平湖,白雪2,CD第1册\CD14\管平湖-白雪2.wav,5.28,44100,2,16,安静处底声相对偏高,0.000283,-44.33,-4.21,重点复听，暂缓训练,-14.95,0.06321
候选：建议优先复听,管平湖,秋鸿,CD第1册\CD18\管平湖-秋鸿.wav,24.13,44100,2,16,安静处高频偏强,0.000374,-38.38,-15.73,重点复听，暂缓训练,-21.08,0.19617
候选：建议优先复听,管平湖,龙翔操,CD第1册\CD17\管平湖-龙翔操.wav,6.97,44100,2,16,安静处高频偏强,3.3e-05,-34.44,-9.05,重点复听，暂缓训练,-15.46,0.12353
候选：建议优先复听,胡莹堂,平沙落雁1,CD第1册\CD13\胡莹堂-平沙落雁1.wav,6.57,44100,2,16,抽样削波>0.1%,0.002251,-60.7,-13.32,重点复听，暂缓训练,-19.6,0.33443
候选：建议优先复听,胡莹堂,平沙落雁2,CD第1册\CD13\胡莹堂-平沙落雁2.wav,6.34,44100,2,16,安静处底声相对偏高,0.0,-78.99,-4.34,重点复听，暂缓训练,-8.89,0.51627
候选：建议优先复听,胡莹堂,普庵咒-残,CD第1册\CD13\胡莹堂-普庵咒-残.wav,7.34,44100,2,16,安静处底声相对偏高,0.0,-52.03,-6.96,重点复听，暂缓训练,-15.88,0.33344
候选：建议优先复听,胥桐华,平沙落雁,CD第3册\44\胥桐华-平沙落雁.wav,10.58,44100,2,16,抽样削波>0.1%,0.001564,-48.64,-13.75,重点复听，暂缓训练,-17.66,0.13704
候选：建议优先复听,胥桐华,渔樵问答,CD第3册\44\胥桐华-渔樵问答.wav,9.18,44100,2,16,抽样削波>0.1%,0.01827,-58.74,-7.76,重点复听，暂缓训练,-18.43,0.14075
候选：建议优先复听,胥桐华,盘州,CD第3册\44\胥桐华-盘州.wav,11.62,44100,2,16,抽样削波>0.1%,0.014651,-57.34,-8.38,重点复听，暂缓训练,-16.77,0.15239
候选：建议优先复听,胥桐华,耕莘钓渭,CD第3册\44\胥桐华-耕莘钓渭.wav,3.33,44100,2,16,抽样削波>0.1%,0.013022,-54.76,-13.77,重点复听，暂缓训练,-19.44,0.17775
候选：建议优先复听,胥桐华,醉渔唱晚-残,CD第3册\44\胥桐华-醉渔唱晚-残.wav,5.51,44100,2,16,抽样削波>0.1%,0.008543,-52.99,-11.63,重点复听，暂缓训练,-19.26,0.15469
候选：建议优先复听,蔡德允,关山月,CD第3册\42\蔡德允-关山月.wav,1.82,44100,2,16,安静处高频偏强,0.0,-35.4,-9.36,重点复听，暂缓训练,-14.44,0.00694
候选：建议优先复听,蔡德允,普庵咒,CD第3册\42\蔡德允-普庵咒.wav,8.33,44100,2,16,安静处高频偏强,0.0,-38.97,-17.73,重点复听，暂缓训练,-23.2,0.06015
候选：建议优先复听,蔡德允,湘江怨,CD第3册\43\蔡德允-湘江怨.wav,2.61,44100,2,16,安静处底声相对偏高,0.0,-47.06,-6.47,重点复听，暂缓训练,-10.91,0.03051
候选：建议优先复听,蔡德允,醉渔唱晚1,CD第3册\43\蔡德允-醉渔唱晚1.wav,3.32,44100,2,16,安静处高频偏强,0.0,-38.81,-10.74,重点复听，暂缓训练,-16.52,0.40269
候选：建议优先复听,詹澄秋,听泉吟1,CD第1册\CD07\詹澄秋-听泉吟1.wav,1.58,44100,2,16,安静处底声相对偏高,2.8e-05,-42.72,-4.58,重点复听，暂缓训练,-9.3,0.4789
候选：建议优先复听,詹澄秋,挟仙游,CD第1册\CD07\詹澄秋-挟仙游.wav,3.63,44100,2,16,安静处底声相对偏高,0.000384,-48.88,-6.36,重点复听，暂缓训练,-17.59,0.43634
候选：建议优先复听,詹澄秋,水仙操,CD第1册\CD07\詹澄秋-水仙操.wav,4.95,44100,2,16,安静处底声相对偏高,3.6e-05,-43.41,-4.08,重点复听，暂缓训练,-5.1,0.51107
候选：建议优先复听,詹澄秋,良宵引,CD第1册\CD06\詹澄秋-良宵引.wav,1.83,44100,2,16,安静处高频偏强,0.000281,-36.43,-13.85,重点复听，暂缓训练,-22.23,0.26701
候选：建议优先复听,詹澄秋,释谈章,CD第1册\CD07\詹澄秋-释谈章.wav,6.74,44100,2,16,安静处底声相对偏高,5.5e-05,-64.43,-6.66,重点复听，暂缓训练,-8.61,0.43422
候选：建议优先复听,詹澄秋,长门怨,CD第1册\CD06\詹澄秋-长门怨.wav,3.61,44100,2,16,安静处底声相对偏高,0.00057,-50.27,-6.75,重点复听，暂缓训练,-20.61,0.54095
候选：建议优先复听,邓文权,平沙落雁,CD第4册\72\邓文权-平沙落雁.wav,7.47,44100,2,16,安静处高频偏强,5e-06,-18.21,-13.4,重点复听，暂缓训练,-23.0,0.1126
候选：建议优先复听,邓文权,忆故人,CD第4册\72\邓文权-忆故人.wav,5.87,44100,2,16,安静处高频偏强,0.0,-16.38,-12.24,重点复听，暂缓训练,-29.2,0.37503
候选：建议优先复听,邓文权,渔樵问答,CD第4册\72\邓文权-渔樵问答.wav,6.31,44100,2,16,安静处高频偏强,0.0,-18.13,-14.34,重点复听，暂缓训练,-27.49,0.07351
候选：建议优先复听,邓文权,秋风词,CD第4册\72\邓文权-秋风词.wav,1.62,44100,2,16,安静处高频偏强,3.5e-05,-17.02,-15.44,重点复听，暂缓训练,-28.92,0.52971
候选：建议优先复听,邓文权,良宵引,CD第4册\72\邓文权-良宵引.wav,4.01,44100,2,16,安静处高频偏强,0.0,-20.18,-16.06,重点复听，暂缓训练,-25.29,0.49293
候选：建议优先复听,邓文权,醉渔唱晚,CD第4册\72\邓文权-醉渔唱晚.wav,5.23,44100,2,16,安静处高频偏强,0.000129,-21.17,-10.54,重点复听，暂缓训练,-22.43,0.08144
候选：建议优先复听,邓文权,静观吟,CD第4册\72\邓文权-静观吟.wav,3.28,44100,2,16,安静处高频偏强,7e-06,-16.75,-14.09,重点复听，暂缓训练,-23.34,0.02529
候选：建议优先复听,邵元复,凤求凰,CD第4册\70\邵元复-凤求凰.wav,2.23,44100,2,16,抽样削波>0.1%,0.001295,-49.76,-11.33,重点复听，暂缓训练,-20.17,0.20352
候选：建议优先复听,邵元复,挟仙游,CD第4册\71\邵元复-挟仙游.wav,3.22,44100,2,16,安静处底声相对偏高,0.0,-57.4,-5.87,重点复听，暂缓训练,-10.07,0.20305
候选：建议优先复听,邵元复,捣衣,CD第4册\70\邵元复-捣衣.wav,6.02,44100,2,16,安静处底声相对偏高,0.0,-50.03,-4.89,重点复听，暂缓训练,-9.46,0.1215
候选：建议优先复听,邵元复,梅花三弄,CD第4册\70\邵元复-梅花三弄.wav,7.25,44100,2,16,安静处底声相对偏高,0.0,-60.27,-6.75,重点复听，暂缓训练,-21.05,0.01663
候选：建议优先复听,邵元复,秋夜长,CD第4册\71\邵元复-秋夜长.wav,2.42,44100,2,16,安静处高频偏强,0.0,-39.65,-10.52,重点复听，暂缓训练,-17.66,0.14859
候选：建议优先复听,郭同甫,山居吟,CD第1册\CD04\郭同甫-山居吟.wav,6.22,44100,2,16,安静处高频偏强；安静处底声相对偏高,0.0,-19.71,-5.92,重点复听，暂缓训练,-6.34,0.00032
候选：建议优先复听,郭同甫,水仙操,CD第1册\CD04\郭同甫-水仙操.wav,12.32,44100,2,16,安静处高频偏强,8.1e-05,-27.55,-7.77,重点复听，暂缓训练,-11.86,0.00831
候选：建议优先复听,金致淇,平沙落雁,CD第1册\CD13\金致淇-平沙落雁.wav,10.51,44100,2,16,安静处底声相对偏高,1.8e-05,-50.95,-5.27,重点复听，暂缓训练,-4.47,0.06653
候选：建议优先复听,陈心园,凤求凰,CD第3册\48\陈心园-凤求凰.wav,1.66,44100,2,16,安静处底声相对偏高,0.0,-51.78,-6.52,重点复听，暂缓训练,-19.75,0.05916
候选：建议优先复听,陈心园,秋风词,CD第3册\48\陈心园-秋风词.wav,1.29,44100,2,16,安静处底声相对偏高,0.0,-58.05,-6.21,重点复听，暂缓训练,-18.84,0.05143
候选：建议优先复听,陈心园,风雷引,CD第3册\48\陈心园-风雷引.wav,2.24,44100,2,16,安静处底声相对偏高,0.0,-51.05,-4.3,重点复听，暂缓训练,-15.92,0.0564
候选：建议优先复听,陈阅聪,平沙落雁,CD第4册\62\陈阅聪-平沙落雁.wav,5.35,44100,2,16,安静处高频偏强,0.0,-35.89,-19.35,重点复听，暂缓训练,-29.42,0.08649
候选：建议优先复听,陈阅聪,捣衣,CD第4册\62\陈阅聪-捣衣.wav,9.64,44100,2,16,安静处高频偏强,0.0,-38.43,-13.03,重点复听，暂缓训练,-22.82,0.05422
候选：建议优先复听,顾梅羹,平沙落雁2,CD第2册\24\顾梅羹-平沙落雁2.wav,6.65,44100,2,16,抽样削波>0.1%；安静处高频偏强,0.001825,-25.14,-13.28,重点复听，暂缓训练,-19.9,0.05052
候选：建议优先复听,顾梅羹,梅花三弄1,CD第2册\24\顾梅羹-梅花三弄1.wav,7.3,44100,2,16,安静处高频偏强,0.000545,-26.84,-10.99,重点复听，暂缓训练,-19.25,0.20594
候选：建议优先复听,顾梅羹,汉宫秋月-残,CD第2册\23\顾梅羹-汉宫秋月-残.wav,6.46,44100,2,16,抽样削波>0.1%；安静处高频偏强,0.001241,-25.6,-8.77,重点复听，暂缓训练,-16.9,0.27575
候选：建议优先复听,顾梅羹,离骚,CD第2册\23\顾梅羹-离骚.wav,11.72,44100,2,16,抽样削波>0.1%；安静处高频偏强；安静处底声相对偏高,0.001351,-27.84,-6.55,重点复听，暂缓训练,-18.28,0.0249
候选：建议优先复听,顾梅羹,秋塞吟,CD第2册\25\顾梅羹-秋塞吟.wav,7.77,44100,2,16,安静处高频偏强,0.000386,-25.64,-10.58,重点复听，暂缓训练,-18.33,0.15125
候选：建议优先复听,顾梅羹,高山,CD第2册\23\顾梅羹-高山.wav,5.74,44100,2,16,安静处高频偏强,0.000962,-27.06,-10.38,重点复听，暂缓训练,-20.2,0.14977
候选：建议优先复听,高松如,归去来辞,CD第2册\32\高松如-归去来辞.wav,5.54,44100,2,16,安静处高频偏强；安静处底声相对偏高,0.0,-35.7,-3.92,重点复听，暂缓训练,-9.4,0.54413
候选：建议优先复听,高松如,梧叶舞秋风,CD第2册\32\高松如-梧叶舞秋风.wav,4.72,44100,2,16,安静处高频偏强,0.000784,-37.99,-10.73,重点复听，暂缓训练,-17.36,0.20257
候选：建议优先复听,高松如,流水,CD第2册\32\高松如-流水.wav,4.47,44100,2,16,安静处高频偏强,0.0,-35.23,-10.32,重点复听，暂缓训练,-15.25,0.02407
候选：建议优先复听,高松如,良宵引,CD第2册\32\高松如-良宵引.wav,2.23,44100,2,16,安静处高频偏强；安静处底声相对偏高,0.0,-36.25,-4.58,重点复听，暂缓训练,-9.8,0.54654
候选：建议优先复听,高松如,长门怨,CD第2册\32\高松如-长门怨.wav,4.99,44100,2,16,安静处高频偏强,2.1e-05,-38.21,-11.76,重点复听，暂缓训练,-16.13,0.03163
候选：建议优先复听,黄渔仙,平沙落雁,CD第1册\CD05\黄渔仙-平沙落雁.wav,5.22,44100,2,16,安静处高频偏强；安静处底声相对偏高,1e-06,-17.34,-4.04,重点复听，暂缓训练,-4.59,0.00039
暂不训练：标题标明合奏或伴奏,今虞琴社,梅花三弄-合奏1,CD第4册\74\今虞琴社-梅花三弄-合奏1.wav,8.84,44100,2,16,,0.0,-54.5,-11.81,暂不训练,-18.77,0.23475
暂不训练：标题标明合奏或伴奏,今虞琴社,梅花三弄-合奏2,CD第4册\74\今虞琴社-梅花三弄-合奏2.wav,6.53,44100,2,16,安静处高频偏强,0.0,-39.75,-9.17,暂不训练,-25.74,0.00102
暂不训练：标题标明合奏或伴奏,北京古琴研究会,普庵咒-合奏,CD第4册\74\北京古琴研究会-普庵咒-合奏.wav,8.39,44100,2,16,安静处高频偏强,0.0,-21.83,-8.76,暂不训练,-23.0,0.10986
暂不训练：标题标明合奏或伴奏,卫仲乐,关山月-合奏,CD第3册\49\卫仲乐-关山月-合奏.wav,2.03,44100,2,16,安静处高频偏强,0.0,-36.47,-10.43,暂不训练,-16.59,0.03239
暂不训练：标题标明合奏或伴奏,卫仲乐,普庵咒-合奏,CD第3册\49\卫仲乐-普庵咒-合奏.wav,5.72,44100,2,16,安静处高频偏强,0.0,-33.68,-16.13,暂不训练,-26.67,0.05657
暂不训练：标题标明合奏或伴奏,吴宗汉,捣衣-合奏,CD第3册\39\吴宗汉-捣衣-合奏.wav,6.42,44100,2,16,,0.0,-59.36,-10.43,暂不训练,-16.48,0.54132
暂不训练：标题标明合奏或伴奏,吴宗汉,玉楼春晓-合奏,CD第3册\39\吴宗汉-玉楼春晓-合奏.wav,2.77,44100,2,16,,0.0,-62.24,-10.4,暂不训练,-21.62,0.54104
暂不训练：标题标明合奏或伴奏,吴振平,精忠词-琴歌,CD第3册\46\吴振平-精忠词-琴歌.wav,3.21,44100,2,16,,0.0,-43.17,-15.28,暂不训练,-21.51,0.54296
暂不训练：标题标明合奏或伴奏,喻绍泽,关山月-琴歌,CD第2册\36\喻绍泽-关山月-琴歌.wav,0.91,44100,2,16,不足1分钟,3e-06,-49.91,-13.44,暂不训练,-25.46,0.24509
暂不训练：标题标明合奏或伴奏,喻绍泽,平沙落雁-合奏,CD第2册\37\喻绍泽-平沙落雁-合奏.wav,4.53,44100,2,16,安静处底声相对偏高,0.0,-55.2,-6.55,暂不训练,-8.95,0.03593
暂不训练：标题标明合奏或伴奏,喻绍泽,梧叶舞秋风-合奏,CD第2册\38\喻绍泽-梧叶舞秋风-合奏.wav,3.53,44100,2,16,,0.0,-55.09,-7.48,暂不训练,-9.86,0.03659
暂不训练：标题标明合奏或伴奏,姚丙炎,屈原问渡-合奏,CD第4册\68\姚丙炎-屈原问渡-合奏.wav,9.1,44100,2,16,,0.0,-62.62,-10.08,暂不训练,-25.79,0.00542
暂不训练：标题标明合奏或伴奏,张友鹤,阳关三叠-合奏,CD第1册\CD13\张友鹤-阳关三叠-合奏.wav,5.24,44100,2,16,安静处高频偏强,0.0,-32.32,-22.18,暂不训练,-28.16,0.10613
暂不训练：标题标明合奏或伴奏,张子谦,平沙落雁-合奏1,CD第2册\29\张子谦-平沙落雁-合奏1.wav,5.68,44100,2,16,安静处高频偏强,0.000176,-31.83,-9.71,暂不训练,-18.17,0.10837
暂不训练：标题标明合奏或伴奏,张子谦,平沙落雁-合奏2,CD第2册\29\张子谦-平沙落雁-合奏2.wav,5.51,44100,2,16,安静处高频偏强,0.000142,-31.61,-17.51,暂不训练,-24.96,0.05513
暂不训练：标题标明合奏或伴奏,张子谦,平沙落雁-合奏3,CD第2册\29\张子谦-平沙落雁-合奏3.wav,5.93,44100,2,16,,1e-06,-61.94,-12.96,暂不训练,-22.01,0.03017
暂不训练：标题标明合奏或伴奏,张子谦,平沙落雁-合奏4,CD第2册\29\张子谦-平沙落雁-合奏4.wav,6.05,44100,2,16,,1e-06,-48.95,-12.42,暂不训练,-18.88,0.37619
暂不训练：标题标明合奏或伴奏,张子谦,平沙落雁-唱弦,CD第2册\29\张子谦-平沙落雁-唱弦.wav,6.11,44100,2,16,,0.0,-44.02,-20.69,暂不训练,-18.7,0.06818
暂不训练：标题标明合奏或伴奏,张子谦,忆故人-合奏1,CD第2册\31\张子谦-忆故人-合奏1.wav,5.69,44100,2,16,,5.3e-05,-51.8,-12.81,暂不训练,-21.3,0.51531
暂不训练：标题标明合奏或伴奏,张子谦,忆故人-合奏2,CD第2册\31\张子谦-忆故人-合奏2.wav,7.05,44100,2,16,,0.0,-64.61,-11.67,暂不训练,-22.47,0.42084
暂不训练：标题标明合奏或伴奏,张子谦,普庵咒-合奏,CD第2册\30\张子谦-普庵咒-合奏.wav,6.05,44100,2,16,,0.0,-49.6,-11.71,暂不训练,-25.36,0.01418
暂不训练：标题标明合奏或伴奏,张子谦,梅花三弄-合奏,CD第2册\29\张子谦-梅花三弄-合奏.wav,7.37,44100,2,16,,0.0,-60.43,-7.63,暂不训练,-18.29,0.02616
暂不训练：标题标明合奏或伴奏,张子谦,潇湘水云-合奏1,CD第2册\31\张子谦-潇湘水云-合奏1.wav,10.3,44100,2,16,,8e-05,-42.44,-9.47,暂不训练,-20.42,0.06982
暂不训练：标题标明合奏或伴奏,张子谦,潇湘水云-合奏2残,CD第2册\31\张子谦-潇湘水云-合奏2残.wav,8.32,44100,2,16,安静处高频偏强,8.6e-05,-37.41,-9.04,暂不训练,-18.41,0.04672
暂不训练：标题标明合奏或伴奏,张子谦,酒狂-合奏,CD第2册\28\张子谦-酒狂-合奏.wav,2.55,44100,2,16,,0.000125,-49.62,-7.32,暂不训练,-15.86,0.46865
暂不训练：标题标明合奏或伴奏,张子谦,阳关三叠-合奏,CD第2册\31\张子谦-阳关三叠-合奏.wav,3.81,44100,2,16,,0.0,-53.2,-13.05,暂不训练,-30.38,0.04969
暂不训练：标题标明合奏或伴奏,张子谦,龙翔操5-合奏,CD第2册\28\张子谦-龙翔操5-合奏.wav,5.42,44100,2,16,,0.0,-63.05,-7.29,暂不训练,-19.62,0.0318
暂不训练：你指出该演奏者录音底噪大,张育瑾,关山月,CD第4册\58\张育瑾-关山月.wav,1.36,44100,2,16,,0.0,-53.11,-9.9,暂不训练,-14.65,0.14536
暂不训练：你指出该演奏者录音底噪大,张育瑾,搔首问天,CD第4册\58\张育瑾-搔首问天.wav,7.54,44100,2,16,安静处底声相对偏高,0.0,-47.2,-6.26,暂不训练,-9.63,0.36855
暂不训练：你指出该演奏者录音底噪大,张育瑾,良宵引,CD第4册\58\张育瑾-良宵引.wav,2.04,44100,2,16,安静处底声相对偏高,0.0,-47.9,-4.41,暂不训练,-9.85,0.3825
暂不训练：你指出该演奏者录音底噪大,张育瑾,长门怨1,CD第4册\58\张育瑾-长门怨1.wav,4.14,44100,2,16,,0.0,-64.97,-22.05,暂不训练,-25.87,0.519
暂不训练：你指出该演奏者录音底噪大,张育瑾,长门怨2,CD第4册\58\张育瑾-长门怨2.wav,4.51,44100,2,16,,0.0,-52.64,-8.69,暂不训练,-14.75,0.11783
暂不训练：你指出该演奏者录音底噪大,张育瑾,长门怨3,CD第4册\58\张育瑾-长门怨3.wav,4.72,44100,2,16,安静处底声相对偏高,0.0,-47.37,-5.16,暂不训练,-9.39,0.32497
暂不训练：你指出该演奏者录音底噪大,张育瑾,阳关三叠-合奏,CD第4册\58\张育瑾-阳关三叠-合奏.wav,3.25,44100,2,16,,0.0,-53.39,-8.57,暂不训练,-13.74,0.10643
暂不训练：标题标明合奏或伴奏,徐元白,思贤操-合奏,CD第1册\CD09\徐元白-思贤操-合奏.wav,3.63,44100,2,16,,0.0,-57.65,-16.29,暂不训练,-29.22,0.43358
暂不训练：标题标明合奏或伴奏,徐元白,普庵咒-合奏,CD第1册\CD09\徐元白-普庵咒-合奏.wav,8.91,44100,2,16,,0.0,-56.47,-17.42,暂不训练,-22.74,0.33141
暂不训练：标题标明合奏或伴奏,朱龙庵,普庵咒-合奏残,CD第3册\47\朱龙庵-普庵咒-合奏残.wav,6.63,44100,2,16,安静处底声相对偏高,0.0,-74.69,-6.38,暂不训练,-17.05,0.02447
暂不训练：标题标明合奏或伴奏,杨清如,平沙落雁-琴歌,CD第3册\56\杨清如-平沙落雁-琴歌.wav,4.55,44100,2,16,安静处底声相对偏高,0.0,-73.17,-2.9,暂不训练,-3.12,0.55972
暂不训练：标题标明合奏或伴奏,杨清如,慨古吟-琴歌,CD第3册\56\杨清如-慨古吟-琴歌.wav,2.2,44100,2,16,安静处底声相对偏高,0.0,-58.82,-5.6,暂不训练,-6.16,0.5326
暂不训练：标题标明合奏或伴奏,杨清如,访子期-琴歌,CD第3册\56\杨清如-访子期-琴歌.wav,2.08,44100,2,16,安静处底声相对偏高,0.0,-73.77,-6.33,暂不训练,-6.4,0.47585
暂不训练：标题标明合奏或伴奏,杨清如,阳关三叠-琴歌,CD第3册\56\杨清如-阳关三叠-琴歌.wav,3.39,44100,2,16,,0.0,-74.88,-8.17,暂不训练,-8.91,0.06034
暂不训练：标题标明合奏或伴奏,查阜西,胡笳十八拍-合奏,CD第1册\CD11\查阜西-胡笳十八拍-合奏.wav,3.37,44100,2,16,,0.0,-70.24,-37.96,暂不训练,-39.6,0.20238
暂不训练：标题标明合奏或伴奏,查阜西,鸥鹭忘机-合奏,CD第1册\CD11\查阜西-鸥鹭忘机-合奏.wav,5.98,44100,2,16,,0.0,-56.77,-14.56,暂不训练,-22.4,0.01525
暂不训练：标题标明合奏或伴奏,汪振华,关山月-合奏,CD第4册\61\汪振华-关山月-合奏.wav,1.53,44100,2,16,,0.000131,-59.45,-8.26,暂不训练,-17.13,0.337
暂不训练：标题标明合奏或伴奏,溥雪斋,梅花三弄-琴箫合奏,CD第1册\CD08\溥雪斋-梅花三弄-琴箫合奏.wav,9.91,44100,2,16,,0.000114,-51.07,-13.21,暂不训练,-27.53,0.00458
暂不训练：标题标明合奏或伴奏,管平湖,关山月-合奏,CD第1册\CD14\管平湖-关山月-合奏.wav,2.73,44100,2,16,,0.000292,-46.93,-9.96,暂不训练,-20.03,0.07378
暂不训练：标题标明合奏或伴奏,管平湖,平沙落雁合奏,CD第1册\CD18\管平湖-平沙落雁合奏.wav,4.99,44100,2,16,,0.000234,-49.01,-11.29,暂不训练,-21.47,0.26455
暂不训练：标题标明合奏或伴奏,胡斗东,梅花三弄平沙落雁-唱弦,CD第3册\54\胡斗东-梅花三弄平沙落雁-唱弦.wav,3.53,44100,2,16,,0.0,-44.29,-10.96,暂不训练,-11.54,0.13257
暂不训练：标题标明合奏或伴奏,胡莹堂,普庵咒-合奏,CD第1册\CD13\胡莹堂-普庵咒-合奏.wav,9.12,44100,2,16,,0.000567,-45.3,-11.15,暂不训练,-26.47,0.00016
暂不训练：你指出该演奏者录音底噪大,谢孝苹,山居吟,CD第4册\63\谢孝苹-山居吟.wav,4.91,44100,2,16,,3.9e-05,-48.96,-7.36,暂不训练,-10.97,0.41602
暂不训练：你指出该演奏者录音底噪大,谢孝苹,忆故人,CD第4册\63\谢孝苹-忆故人.wav,6.04,44100,2,16,,0.0,-47.84,-15.5,暂不训练,-22.93,0.35618
暂不训练：你指出该演奏者录音底噪大,谢孝苹,梅花三弄,CD第4册\63\谢孝苹-梅花三弄.wav,8.64,44100,2,16,,0.0,-50.43,-11.83,暂不训练,-20.87,0.35492
暂不训练：你指出该演奏者录音底噪大,谢孝苹,洞庭秋思,CD第4册\63\谢孝苹-洞庭秋思.wav,2.53,44100,2,16,,0.0,-50.61,-11.02,暂不训练,-17.84,0.46721
暂不训练：你指出该演奏者录音底噪大,谢孝苹,渔樵问答,CD第4册\63\谢孝苹-渔樵问答.wav,5.93,44100,2,16,,0.0,-43.59,-10.95,暂不训练,-22.69,0.03986
暂不训练：你指出该演奏者录音底噪大,谢孝苹,秋塞吟1,CD第4册\63\谢孝苹-秋塞吟1.wav,7.9,44100,2,16,,0.0,-53.48,-17.99,暂不训练,-23.44,0.4906
暂不训练：你指出该演奏者录音底噪大,谢孝苹,秋塞吟2,CD第4册\63\谢孝苹-秋塞吟2.wav,7.49,44100,2,16,,0.0,-60.5,-17.81,暂不训练,-21.16,0.29056
暂不训练：你指出该演奏者录音底噪大,谢孝苹,秋塞吟3,CD第4册\63\谢孝苹-秋塞吟3.wav,7.14,44100,2,16,,0.0,-50.86,-14.98,暂不训练,-24.49,0.1374
暂不训练：你指出该演奏者录音底噪大,谢孝苹,良宵引1,CD第4册\63\谢孝苹-良宵引1.wav,3.46,44100,2,16,,0.0,-43.0,-10.83,暂不训练,-21.19,0.03836
暂不训练：你指出该演奏者录音底噪大,谢孝苹,良宵引2,CD第4册\63\谢孝苹-良宵引2.wav,3.58,44100,2,16,,0.0,-40.7,-15.11,暂不训练,-21.69,0.06049
暂不训练：你指出该演奏者录音底噪大,谢孝苹,长门怨,CD第4册\63\谢孝苹-长门怨.wav,3.59,44100,2,16,,0.0,-50.26,-13.05,暂不训练,-22.98,0.29931
暂不训练：你指出该演奏者录音底噪大,谢孝苹,阳春,CD第4册\63\谢孝苹-阳春.wav,8.45,44100,2,16,,0.0,-41.68,-10.48,暂不训练,-23.35,0.05006
暂不训练：标题标明合奏或伴奏,陈重,平沙落雁-合奏,CD第4册\62\陈重-平沙落雁-合奏.wav,7.18,44100,2,16,,1e-06,-58.61,-15.53,暂不训练,-22.05,0.51651
暂不训练：标题标明合奏或伴奏,陈重,忆故人-合奏,CD第4册\62\陈重-忆故人-合奏.wav,8.97,44100,2,16,,0.0,-58.38,-13.03,暂不训练,-19.27,0.55275
暂不训练：标题标明合奏或伴奏,高仲钧,出师表-琴歌,CD第4册\64\高仲钧-出师表-琴歌.wav,2.02,44100,2,16,,0.0,-48.57,-9.32,暂不训练,-14.77,0.54838
暂不训练：标题标明合奏或伴奏,高仲钧,南风歌-琴歌,CD第4册\64\高仲钧-南风歌-琴歌.wav,5.9,44100,2,16,,2e-06,-40.88,-16.25,暂不训练,-29.4,0.05577
暂不训练：标题标明合奏或伴奏,高仲钧,渔樵问答-琴歌,CD第4册\64\高仲钧-渔樵问答-琴歌.wav,4.83,44100,2,16,,0.0,-42.29,-11.69,暂不训练,-23.89,0.0271
暂不训练：标题标明合奏或伴奏,高仲钧,鹿鸣操-合奏,CD第4册\64\高仲钧-鹿鸣操-合奏.wav,7.55,44100,2,16,,0.0,-52.6,-8.23,暂不训练,-21.48,0.5542
