筛选状态,演奏者,曲名,Y盘相对路径,时长分钟,采样率Hz,声道,PCM位深,提示复听的指标,抽样削波比例,安静处高频相对全曲dB,安静处总声相对全曲dB,首轮层级,稳定底声比dB_仅供参考,高频谱平坦度_仅供参考,听感后状态,首轮本曲判断,首轮问题标记,首轮听感备注,第二轮是否排队,首轮是否代表曲
候选：待抽听,乐瑛,列子御风,CD第3册\40\乐瑛-列子御风.wav,6.9,44100,2,16,,0.0,-67.9,-13.16,技术优先，待耳听,-21.91,0.00325,代表片段已评可用：待全曲抽查,可用于训练,,,否,是
候选：待抽听,侯作吾,高山流水,CD第3册\54\侯作吾-高山流水.wav,7.98,44100,2,16,,0.0,-60.38,-13.08,技术优先，待耳听,-21.06,0.45968,代表片段已评可用：待全曲抽查,可用于训练,,,否,是
候选：待抽听,关仲航,渔樵问答,CD第2册\32\关仲航-渔樵问答.wav,7.74,44100,2,16,,0.0,-52.27,-13.69,技术优先，待耳听,-23.49,0.01431,代表片段已评可用：待全曲抽查,可用于训练,,,否,是
候选：待抽听,刘少椿,平沙落雁,CD第2册\33\刘少椿-平沙落雁.wav,6.74,44100,2,16,,0.0,-51.02,-20.99,技术优先，待耳听,-26.77,0.15844,代表片段已评可用：待全曲抽查,可用于训练,,,否,是
候选：待抽听,刘景韶,关山月,CD第2册\35\刘景韶-关山月.wav,1.97,44100,2,16,,0.0,-58.47,-12.16,技术优先，待耳听,-20.16,0.03715,代表片段已评可用：待全曲抽查,可用于训练,,,否,是
候选：待抽听,卢家炳,平沙落雁2,CD第1册\CD03\卢家炳-平沙落雁2.wav,4.58,44100,2,16,,0.0,-59.4,-16.24,技术优先，待耳听,-19.54,0.03904,代表片段已评可用：待全曲抽查,可用于训练,,,否,是
候选：待抽听,卫仲乐,平沙落雁,CD第3册\49\卫仲乐-平沙落雁.wav,3.87,44100,2,16,,0.0,-52.01,-16.0,技术优先，待耳听,-22.99,0.31441,代表片段已评可用：待全曲抽查,可用于训练,,,否,是
候选：待抽听,吴兆基,平沙落雁1,CD第3册\51\吴兆基-平沙落雁1.wav,4.65,44100,2,16,,0.0,-53.39,-13.69,技术优先，待耳听,-24.2,0.22049,代表片段已评可用：待全曲抽查,可用于训练,,,否,是
候选：待抽听,吴兆奇,白雪,CD第4册\64\吴兆奇-白雪.wav,8.96,44100,2,16,,0.0,-42.97,-16.18,重点复听，暂缓训练,-26.74,0.05767,代表片段已评可用：待全曲抽查,可用于训练,,,否,是
候选：待抽听,吴景略,普庵咒,CD第3册\45\吴景略-普庵咒.wav,7.1,44100,2,16,,0.0,-69.86,-22.46,技术优先，待耳听,-27.67,0.34682,代表片段已评可用：待全曲抽查,可用于训练,,,否,是
候选：待抽听,周吉荪,良宵引,CD第2册\34\周吉荪-良宵引.wav,2.38,44100,2,16,,3.2e-05,-65.17,-36.57,技术优先，待耳听,-39.85,0.23355,代表片段已评可用：待全曲抽查,可用于训练,,,否,是
候选：待抽听,喻绍泽,佩兰1,CD第2册\37\喻绍泽-佩兰1.wav,8.05,44100,2,16,,0.0,-53.34,-15.04,技术优先，待耳听,-24.07,0.01845,代表片段已评可用：待全曲抽查,可用于训练,,,否,是
候选：待抽听,夏一峰,静观吟2,CD第1册\CD02\夏一峰-静观吟2.wav,3.24,44100,2,16,,0.0,-58.87,-18.01,技术优先，待耳听,-21.83,0.00773,代表片段已评可用：待全曲抽查,可用于训练,,,否,是
候选：待抽听,夏莲居,风入松,CD第1册\CD04\夏莲居-风入松.wav,2.48,44100,2,16,,0.0,-45.62,-8.76,重点复听，暂缓训练,-17.17,0.04078,代表片段已评可用：待全曲抽查,可用于训练,,,否,是
候选：待抽听,姚丙炎,华胥引1,CD第4册\67\姚丙炎-华胥引1.wav,2.1,44100,2,16,,0.0,-58.12,-12.73,技术优先，待耳听,-24.18,0.03654,代表片段已评可用：待全曲抽查,可用于训练,,,否,是
候选：待抽听,孙毓芹,乌夜啼,CD第4册\59\孙毓芹-乌夜啼.wav,8.91,44100,2,16,,0.0,-70.38,-19.64,技术优先，待耳听,-26.39,0.22514,代表片段已评可用：待全曲抽查,可用于训练,,,否,是
候选：待抽听,徐元白,墨子悲丝,CD第1册\CD09\徐元白-墨子悲丝.wav,14.05,44100,2,16,,0.0,-68.86,-28.99,技术优先，待耳听,-31.53,0.35718,代表片段已评可用：待全曲抽查,可用于训练,,,否,是
候选：待抽听,徐立孙,公社之春,CD第2册\20\徐立孙-公社之春.wav,3.69,44100,2,16,,0.0,-62.77,-11.22,技术优先，待耳听,-17.71,0.00656,代表片段已评可用：待全曲抽查,可用于训练,,,否,是
候选：待抽听,朱惜辰,挟仙游,CD第4册\74\朱惜辰-挟仙游.wav,3.51,44100,2,16,,0.0,-59.74,-9.51,技术优先，待耳听,-19.36,0.02194,代表片段已评可用：待全曲抽查,可用于训练,,,否,是
候选：待抽听,杨葆元,归去来辞,CD第2册\26\杨葆元-归去来辞.wav,4.25,44100,2,16,,0.0,-56.19,-14.09,技术优先，待耳听,-24.58,0.01696,代表片段已评可用：待全曲抽查,可用于训练,,,否,是
候选：待抽听,查阜西,醉渔唱晚,CD第1册\CD12\查阜西-醉渔唱晚.wav,4.51,44100,2,16,,0.0,-51.9,-13.08,技术优先，待耳听,-24.93,0.20205,代表片段已评可用：待全曲抽查,可用于训练,,,否,是
候选：待抽听,根如,平沙落雁,CD第1册\CD05\根如-平沙落雁.wav,4.2,44100,2,16,,7.1e-05,-42.98,-15.59,重点复听，暂缓训练,-19.1,0.02227,代表片段已评可用：待全曲抽查,可用于训练,,,否,是
候选：待抽听,梁在平,梅花三弄-残,CD第3册\54\梁在平-梅花三弄-残.wav,6.77,44100,2,16,,0.0,-70.05,-20.11,技术优先，待耳听,-24.63,0.08642,代表片段已评可用：待全曲抽查,可用于训练,,,否,是
候选：待抽听,毓邻初,风雷引,CD第4册\74\毓邻初-风雷引.wav,3.63,44100,2,16,,3.3e-05,-56.31,-11.98,技术优先，待耳听,-17.0,0.03753,代表片段已评可用：待全曲抽查,可用于训练,,,否,是
候选：待抽听,汪孟舒,广寒秋,CD第1册\CD05\汪孟舒-广寒秋.wav,1.99,44100,2,16,,0.0,-57.25,-13.05,技术优先，待耳听,-22.14,0.41805,代表片段已评可用：待全曲抽查,可用于训练,,,否,是
候选：待抽听,汪振华,归去来辞,CD第4册\61\汪振华-归去来辞.wav,3.69,44100,2,16,,0.0,-57.47,-12.55,技术优先，待耳听,-21.59,0.06258,代表片段已评可用：待全曲抽查,可用于训练,,,否,是
候选：待抽听,沈草农,平沙落雁,CD第1册\CD08\沈草农-平沙落雁.wav,4.29,44100,2,16,,0.0,-67.77,-13.01,技术优先，待耳听,-25.45,0.25412,代表片段已评可用：待全曲抽查,可用于训练,,,否,是
候选：待抽听,溥雪斋,普庵咒,CD第1册\CD08\溥雪斋-普庵咒.wav,7.2,44100,2,16,,0.0,-59.08,-19.22,技术优先，待耳听,-24.3,0.00388,代表片段已评可用：待全曲抽查,可用于训练,,,否,是
候选：待抽听,王生香,平沙落雁,CD第2册\34\王生香-平沙落雁.wav,5.15,44100,2,16,,9.4e-05,-55.36,-14.47,技术优先，待耳听,-18.39,0.19421,代表片段已评可用：待全曲抽查,可用于训练,,,否,是
候选：待抽听,程午嘉,关山月,CD第2册\34\程午嘉-关山月.wav,3.21,44100,2,16,,0.0,-57.74,-14.27,技术优先，待耳听,-22.22,0.38725,代表片段已评可用：待全曲抽查,可用于训练,,,否,是
候选：待抽听,管平湖,乌夜啼,CD第1册\CD19\管平湖-乌夜啼.wav,8.53,44100,2,16,,0.0,-58.99,-16.29,技术优先，待耳听,-24.35,0.05421,代表片段已评可用：待全曲抽查,可用于训练,,,否,是
候选：待抽听,翁瘦苍,平沙落雁,CD第4册\61\翁瘦苍-平沙落雁.wav,6.12,44100,2,16,,0.0,-44.58,-19.95,重点复听，暂缓训练,-26.6,0.35633,代表片段已评可用：待全曲抽查,可用于训练,,,否,是
候选：待抽听,胡兰,普庵咒,CD第3册\55\胡兰-普庵咒.wav,11.13,44100,2,16,,0.0,-50.28,-17.48,技术优先，待耳听,-19.28,0.53557,代表片段已评可用：待全曲抽查,可用于训练,,,否,是
候选：待抽听,胡斗东,平沙落雁-残,CD第3册\54\胡斗东-平沙落雁-残.wav,4.69,44100,2,16,,0.0,-49.07,-21.59,重点复听，暂缓训练,-23.86,0.07179,代表片段已评可用：待全曲抽查,可用于训练,,,否,是
候选：待抽听,莫尚德,忆故人,CD第3册\56\莫尚德-忆故人.wav,5.67,44100,2,16,,0.0,-59.97,-14.6,技术优先，待耳听,-22.34,0.09962,代表片段已评可用：待全曲抽查,可用于训练,,,否,是
候选：待抽听,许光毅,关山月,CD第3册\55\许光毅-关山月.wav,1.41,44100,2,16,,0.0,-51.8,-10.6,技术优先，待耳听,-20.94,0.00216,代表片段已评可用：待全曲抽查,可用于训练,,,否,是
候选：待抽听,陈天乐,四大景,CD第4册\62\陈天乐-四大景.wav,6.4,44100,2,16,,1e-06,-58.3,-16.31,技术优先，待耳听,-24.0,0.02285,代表片段已评可用：待全曲抽查,可用于训练,,,否,是
候选：待抽听,陈心园,平沙落雁,CD第3册\48\陈心园-平沙落雁.wav,4.86,44100,2,16,,0.0,-62.6,-12.78,技术优先，待耳听,-21.45,0.15413,代表片段已评可用：待全曲抽查,可用于训练,,,否,是
候选：待抽听,陈蕾士,乌夜啼,CD第4册\61\陈蕾士-乌夜啼.wav,8.21,44100,2,16,,3e-06,-54.16,-19.47,技术优先，待耳听,-23.07,0.10091,代表片段已评可用：待全曲抽查,可用于训练,,,否,是
候选：待抽听,陈阅聪,长门怨,CD第4册\62\陈阅聪-长门怨.wav,5.23,44100,2,16,,0.0,-47.39,-20.76,重点复听，暂缓训练,-32.1,0.10416,代表片段已评可用：待全曲抽查,可用于训练,,,否,是
候选：待抽听,顾梅羹,平沙落雁3,CD第2册\24\顾梅羹-平沙落雁3.wav,6.09,44100,2,16,,0.0,-55.84,-13.29,技术优先，待耳听,-19.67,0.38111,代表片段已评可用：待全曲抽查,可用于训练,,,否,是
候选：待抽听,高仲钧,广寒游,CD第4册\64\高仲钧-广寒游.wav,4.08,44100,2,16,,0.0,-60.07,-14.2,技术优先，待耳听,-21.94,0.23105,代表片段已评可用：待全曲抽查,可用于训练,,,否,是
候选：待抽听,高松如,渔樵问答,CD第2册\32\高松如-渔樵问答.wav,4.41,44100,2,16,,6e-05,-60.56,-13.13,技术优先，待耳听,-19.44,0.37156,代表片段已评可用：待全曲抽查,可用于训练,,,否,是
候选：待抽听,黄雪辉,忆故人,CD第2册\22\黄雪辉-忆故人.wav,5.95,44100,2,16,,0.0,-68.87,-18.35,技术优先，待耳听,-28.55,0.11873,代表片段已评可用：待全曲抽查,可用于训练,,,否,是
候选：待抽听,龙琴舫,捣衣,CD第1册\CD05\龙琴舫-捣衣.wav,6.64,44100,2,16,,0.0,-59.11,-15.15,技术优先，待耳听,-22.36,0.07651,代表片段已评可用：待全曲抽查,可用于训练,,,否,是
候选：建议优先复听,杨清如,阳关三叠1,CD第3册\56\杨清如-阳关三叠1.wav,3.03,44100,2,16,安静处底声相对偏高,0.0,-65.49,-3.89,重点复听，暂缓训练,-3.75,0.53839,代表片段已评可用：待全曲抽查,可用于训练,,,否,是
候选：建议优先复听,邓文权,良宵引,CD第4册\72\邓文权-良宵引.wav,4.01,44100,2,16,安静处高频偏强,0.0,-20.18,-16.06,重点复听，暂缓训练,-25.29,0.49293,代表片段已评可用：待全曲抽查,可用于训练,,,否,是
