分组,归一曲目,演奏者,曲名,Y盘相对路径,时长秒,原反馈来源
train,列子御风,乐瑛,列子御风,CD第3册\40\乐瑛-列子御风.wav,414,明确评分
train,平沙落雁,乐瑛,平沙落雁1,CD第3册\40\乐瑛-平沙落雁1.wav,326,明确评分
test,沧海龙吟,乐瑛,沧海龙吟1,CD第3册\40\乐瑛-沧海龙吟1.wav,343,明确评分
test,沧海龙吟,乐瑛,沧海龙吟2,CD第3册\40\乐瑛-沧海龙吟2.wav,328,明确评分
train,秋塞吟,乐瑛,秋塞吟,CD第3册\40\乐瑛-秋塞吟.wav,551,明确评分
train,高山流水,侯作吾,高山流水,CD第3册\54\侯作吾-高山流水.wav,479,明确评分
train,平沙落雁,关仲航,平沙落雁,CD第2册\32\关仲航-平沙落雁.wav,333,明确评分
train,水仙操,关仲航,水仙操,CD第2册\32\关仲航-水仙操.wav,470,明确评分
test,渔樵问答,关仲航,渔樵问答,CD第2册\32\关仲航-渔樵问答.wav,464,明确评分
train,墨子悲丝,刘少椿,墨子悲丝,CD第2册\33\刘少椿-墨子悲丝.wav,589,明确评分
test,山居吟,刘少椿,山居吟,CD第2册\33\刘少椿-山居吟.wav,214,明确评分
train,平沙落雁,刘少椿,平沙落雁,CD第2册\33\刘少椿-平沙落雁.wav,404,明确评分
train,梅花三弄,刘少椿,梅花三弄1,CD第2册\33\刘少椿-梅花三弄1.wav,542,明确评分
train,梅花三弄,刘少椿,梅花三弄2,CD第2册\33\刘少椿-梅花三弄2.wav,479,明确评分
train,梧叶舞秋风,刘少椿,梧叶舞秋风,CD第2册\33\刘少椿-梧叶舞秋风.wav,218,明确评分
train,樵歌,刘少椿,樵歌,CD第2册\33\刘少椿-樵歌.wav,562,明确评分
train,良宵引,刘少椿,良宵引,CD第2册\33\刘少椿-良宵引.wav,160,明确评分
train,酒狂,刘少椿,酒狂,CD第2册\33\刘少椿-酒狂.wav,155,明确评分
train,龙翔操,刘少椿,龙翔操,CD第2册\33\刘少椿-龙翔操.wav,346,明确评分
validation,关山月,刘景韶,关山月,CD第2册\35\刘景韶-关山月.wav,118,明确评分
train,平沙落雁,刘景韶,平沙落雁1,CD第2册\35\刘景韶-平沙落雁1.wav,345,明确评分
train,平沙落雁,刘景韶,平沙落雁2,CD第2册\35\刘景韶-平沙落雁2.wav,323,明确评分
validation,归去来辞,刘景韶,归去来辞,CD第2册\35\刘景韶-归去来辞.wav,192,明确评分
validation,捣衣,刘景韶,捣衣,CD第2册\35\刘景韶-捣衣.wav,373,明确评分
train,搔首问天,刘景韶,搔首问天1,CD第2册\35\刘景韶-搔首问天1.wav,379,明确评分
train,搔首问天,刘景韶,搔首问天2,CD第2册\35\刘景韶-搔首问天2.wav,335,明确评分
train,樵歌,刘景韶,樵歌,CD第2册\35\刘景韶-樵歌.wav,493,明确评分
train,玉楼春晓,刘景韶,玉楼春晓,CD第2册\35\刘景韶-玉楼春晓.wav,71,用户指定：1–400 待判断均可用
train,秋风词,刘景韶,秋风词,CD第2册\35\刘景韶-秋风词.wav,61,用户指定：1–400 待判断均可用
train,长门怨,刘景韶,长门怨1,CD第2册\35\刘景韶-长门怨1.wav,281,用户指定：1–400 待判断均可用
train,长门怨,刘景韶,长门怨2,CD第2册\35\刘景韶-长门怨2.wav,277,用户指定：1–400 待判断均可用
validation,午夜焚修,卢家炳,午夜焚修,CD第1册\CD03\卢家炳-午夜焚修.wav,221,明确评分
test,孤鸿,卢家炳,孤鸿,CD第1册\CD03\卢家炳-孤鸿.wav,294,明确评分
train,平沙落雁,卢家炳,平沙落雁1,CD第1册\CD03\卢家炳-平沙落雁1.wav,275,明确评分
train,平沙落雁,卢家炳,平沙落雁2,CD第1册\CD03\卢家炳-平沙落雁2.wav,275,明确评分
validation,归去来辞,卢家炳,归去来辞,CD第1册\CD03\卢家炳-归去来辞.wav,245,明确评分
train,月下吟,卢家炳,月下吟,CD第1册\CD03\卢家炳-月下吟.wav,248,明确评分
train,碧云深,卢家炳,碧云深,CD第1册\CD03\卢家炳-碧云深.wav,268,明确评分
train,平沙落雁,卫仲乐,平沙落雁,CD第3册\49\卫仲乐-平沙落雁.wav,232,明确评分
train,普庵咒,卫仲乐,普庵咒,CD第3册\49\卫仲乐-普庵咒.wav,355,明确评分
train,梅花三弄,卫仲乐,梅花三弄1,CD第3册\49\卫仲乐-梅花三弄1.wav,421,用户指定：1–400 待判断均可用
train,梅花三弄,卫仲乐,梅花三弄2,CD第3册\49\卫仲乐-梅花三弄2.wav,443,用户指定：1–400 待判断均可用
train,流水,卫仲乐,流水,CD第3册\49\卫仲乐-流水.wav,602,用户指定：1–400 待判断均可用
train,流水,卫仲乐,流水-残,CD第3册\49\卫仲乐-流水-残.wav,342,用户指定：1–400 待判断均可用
train,醉渔唱晚,卫仲乐,醉渔唱晚1,CD第3册\49\卫仲乐-醉渔唱晚1.wav,179,用户指定：1–400 待判断均可用
train,醉渔唱晚,卫仲乐,醉渔唱晚2,CD第3册\49\卫仲乐-醉渔唱晚2.wav,198,用户指定：1–400 待判断均可用
train,醉渔唱晚,卫仲乐,醉渔唱晚3,CD第3册\49\卫仲乐-醉渔唱晚3.wav,206,用户指定：1–400 待判断均可用
train,长门怨,卫仲乐,长门怨,CD第3册\49\卫仲乐-长门怨.wav,278,用户指定：1–400 待判断均可用
train,平沙落雁,吴兆基,平沙落雁1,CD第3册\51\吴兆基-平沙落雁1.wav,279,用户指定：1–400 待判断均可用
train,平沙落雁,吴兆基,平沙落雁2,CD第3册\51\吴兆基-平沙落雁2.wav,305,用户指定：1–400 待判断均可用
train,石上流泉,吴兆基,石上流泉1,CD第3册\51\吴兆基-石上流泉1.wav,247,用户指定：1–400 待判断均可用
train,石上流泉,吴兆基,石上流泉2,CD第3册\51\吴兆基-石上流泉2.wav,225,用户指定：1–400 待判断均可用
train,秋塞吟,吴兆基,秋塞吟1,CD第3册\51\吴兆基-秋塞吟1.wav,578,用户指定：1–400 待判断均可用
train,秋塞吟,吴兆基,秋塞吟2,CD第3册\51\吴兆基-秋塞吟2.wav,559,用户指定：1–400 待判断均可用
train,秋塞吟,吴兆基,秋塞吟3,CD第3册\51\吴兆基-秋塞吟3.wav,531,用户指定：1–400 待判断均可用
train,白雪,吴兆奇,白雪,CD第4册\64\吴兆奇-白雪.wav,538,用户指定：1–400 待判断均可用
train,阳春,吴兆奇,阳春,CD第4册\64\吴兆奇-阳春.wav,598,用户指定：1–400 待判断均可用
train,普庵咒,吴景略,普庵咒,CD第3册\45\吴景略-普庵咒.wav,426,用户指定：1–400 待判断均可用
train,平沙落雁,周吉荪,平沙落雁,CD第2册\34\周吉荪-平沙落雁.wav,487,用户指定：1–400 待判断均可用
train,潇湘水云,周吉荪,潇湘水云,CD第2册\34\周吉荪-潇湘水云.wav,674,用户指定：1–400 待判断均可用
train,良宵引,周吉荪,良宵引,CD第2册\34\周吉荪-良宵引.wav,143,用户指定：1–400 待判断均可用
train,佩兰,喻绍泽,佩兰1,CD第2册\37\喻绍泽-佩兰1.wav,483,用户指定：1–400 待判断均可用
train,佩兰,喻绍泽,佩兰2,CD第2册\37\喻绍泽-佩兰2.wav,505,用户指定：1–400 待判断均可用
train,平沙落雁,喻绍泽,平沙落雁,CD第2册\37\喻绍泽-平沙落雁.wav,300,用户指定：1–400 待判断均可用
train,普庵咒,喻绍泽,普庵咒,CD第2册\37\喻绍泽-普庵咒.wav,421,用户指定：1–400 待判断均可用
train,梅花三弄,喻绍泽,梅花三弄,CD第2册\37\喻绍泽-梅花三弄.wav,383,用户指定：1–400 待判断均可用
train,秋鸿,喻绍泽,秋鸿,CD第2册\37\喻绍泽-秋鸿.wav,996,用户指定：1–400 待判断均可用
train,平沙落雁,夏一峰,平沙落雁,CD第1册\CD02\夏一峰-平沙落雁.wav,455,用户指定：1–400 待判断均可用
train,秋塞吟,夏一峰,秋塞吟,CD第1册\CD02\夏一峰-秋塞吟.wav,494,用户指定：1–400 待判断均可用
train,良宵引,夏一峰,良宵引,CD第1册\CD02\夏一峰-良宵引.wav,170,用户指定：1–400 待判断均可用
train,静观吟,夏一峰,静观吟1,CD第1册\CD02\夏一峰-静观吟1.wav,169,用户指定：1–400 待判断均可用
train,静观吟,夏一峰,静观吟2,CD第1册\CD02\夏一峰-静观吟2.wav,194,用户指定：1–400 待判断均可用
train,春山听杜鹃,夏莲居,春山听杜鹃,CD第1册\CD04\夏莲居-春山听杜鹃.wav,305,用户指定：1–400 待判断均可用
validation,秋江夜泊,夏莲居,秋江夜泊,CD第1册\CD04\夏莲居-秋江夜泊.wav,142,用户指定：1–400 待判断均可用
train,长安一片月,夏莲居,长安一片月,CD第1册\CD04\夏莲居-长安一片月.wav,457,明确评分
train,风入松,夏莲居,风入松,CD第1册\CD04\夏莲居-风入松.wav,149,用户指定：1–400 待判断均可用
train,华胥引,姚丙炎,华胥引1,CD第4册\67\姚丙炎-华胥引1.wav,126,用户指定：1–400 待判断均可用
train,胡笳十八拍,姚丙炎,胡笳十八拍1,CD第4册\67\姚丙炎-胡笳十八拍1.wav,931,用户指定：1–400 待判断均可用
train,胡笳十八拍,姚丙炎,胡笳十八拍2,CD第4册\67\姚丙炎-胡笳十八拍2.wav,932,用户指定：1–400 待判断均可用
train,酒狂,姚丙炎,酒狂2,CD第4册\67\姚丙炎-酒狂2.wav,124,用户指定：1–400 待判断均可用
train,酒狂,姚丙炎,酒狂3,CD第4册\67\姚丙炎-酒狂3.wav,137,用户指定：1–400 待判断均可用
train,太古引,孙毓芹,太古引,CD第4册\59\孙毓芹-太古引.wav,128,用户指定：1–400 待判断均可用
validation,归去来辞,孙毓芹,归去来辞,CD第4册\59\孙毓芹-归去来辞.wav,206,用户指定：1–400 待判断均可用
train,梅花三弄,孙毓芹,梅花三弄,CD第4册\59\孙毓芹-梅花三弄.wav,465,用户指定：1–400 待判断均可用
train,梧叶舞秋风,孙毓芹,梧叶舞秋风1,CD第4册\59\孙毓芹-梧叶舞秋风1.wav,221,明确评分
train,梧叶舞秋风,孙毓芹,梧叶舞秋风2,CD第4册\59\孙毓芹-梧叶舞秋风2.wav,228,用户指定：1–400 待判断均可用
train,欸乃,孙毓芹,欸乃-残,CD第4册\59\孙毓芹-欸乃-残.wav,339,用户指定：1–400 待判断均可用
train,湘江怨,孙毓芹,湘江怨,CD第4册\59\孙毓芹-湘江怨.wav,185,用户指定：1–400 待判断均可用
train,墨子悲丝,徐元白,墨子悲丝,CD第1册\CD09\徐元白-墨子悲丝.wav,843,用户指定：1–400 待判断均可用
train,西泠话雨,徐元白,西泠话雨,CD第1册\CD09\徐元白-西泠话雨.wav,311,用户指定：1–400 待判断均可用
train,高山,徐元白,高山,CD第1册\CD09\徐元白-高山.wav,582,用户指定：1–400 待判断均可用
train,鸥鹭忘机,徐元白,鸥鹭忘机,CD第1册\CD09\徐元白-鸥鹭忘机.wav,336,用户指定：1–400 待判断均可用
validation,公社之春,徐立孙,公社之春,CD第2册\20\徐立孙-公社之春.wav,221,用户指定：1–400 待判断均可用
validation,捣衣,徐立孙,捣衣1,CD第2册\20\徐立孙-捣衣1.wav,302,用户指定：1–400 待判断均可用
validation,捣衣,徐立孙,捣衣2,CD第2册\20\徐立孙-捣衣2.wav,334,用户指定：1–400 待判断均可用
validation,捣衣,徐立孙,捣衣3,CD第2册\20\徐立孙-捣衣3.wav,324,用户指定：1–400 待判断均可用
train,长门怨,徐立孙,长门怨1,CD第2册\20\徐立孙-长门怨1.wav,205,用户指定：1–400 待判断均可用
train,长门怨,徐立孙,长门怨2,CD第2册\20\徐立孙-长门怨2.wav,201,用户指定：1–400 待判断均可用
train,长门怨,徐立孙,长门怨3,CD第2册\20\徐立孙-长门怨3.wav,188,用户指定：1–400 待判断均可用
train,风雷引,徐立孙,风雷引,CD第2册\20\徐立孙-风雷引.wav,131,用户指定：1–400 待判断均可用
train,挟仙游,朱惜辰,挟仙游,CD第4册\74\朱惜辰-挟仙游.wav,211,用户指定：1–400 待判断均可用
train,搔首问天,朱惜辰,搔首问天,CD第4册\74\朱惜辰-搔首问天.wav,312,用户指定：1–400 待判断均可用
validation,秋江夜泊,朱惜辰,秋江夜泊,CD第4册\74\朱惜辰-秋江夜泊.wav,157,用户指定：1–400 待判断均可用
train,风雷引,朱惜辰,风雷引,CD第4册\74\朱惜辰-风雷引.wav,133,用户指定：1–400 待判断均可用
train,伐檀,杨葆元,伐檀,CD第2册\26\杨葆元-伐檀.wav,146,用户指定：1–400 待判断均可用
train,平沙落雁,杨葆元,平沙落雁,CD第2册\26\杨葆元-平沙落雁.wav,447,用户指定：1–400 待判断均可用
validation,归去来辞,杨葆元,归去来辞,CD第2册\26\杨葆元-归去来辞.wav,255,用户指定：1–400 待判断均可用
train,梅花三弄,杨葆元,梅花三弄,CD第2册\26\杨葆元-梅花三弄.wav,404,用户指定：1–400 待判断均可用
train,流水,杨葆元,流水,CD第2册\26\杨葆元-流水.wav,424,用户指定：1–400 待判断均可用
train,秋鸿,杨葆元,秋鸿,CD第2册\26\杨葆元-秋鸿.wav,1257,用户指定：1–400 待判断均可用
train,鹿鸣操,杨葆元,鹿鸣操,CD第2册\26\杨葆元-鹿鸣操.wav,167,用户指定：1–400 待判断均可用
train,-渔歌,查阜西,-渔歌,CD第1册\CD12\查阜西--渔歌.wav,937,用户指定：1–400 待判断均可用
test,忆故人,查阜西,忆故人,CD第1册\CD12\查阜西-忆故人.wav,383,用户指定：1–400 待判断均可用
train,潇湘水云,查阜西,潇湘水云2,CD第1册\CD12\查阜西-潇湘水云2.wav,796,用户指定：1–400 待判断均可用
train,醉渔唱晚,查阜西,醉渔唱晚,CD第1册\CD12\查阜西-醉渔唱晚.wav,271,用户指定：1–400 待判断均可用
train,阳关三叠,查阜西,阳关三叠,CD第1册\CD12\查阜西-阳关三叠.wav,251,用户指定：1–400 待判断均可用
train,平沙落雁,根如,平沙落雁,CD第1册\CD05\根如-平沙落雁.wav,252,用户指定：1–400 待判断均可用
train,风雷引,毓邻初,风雷引,CD第4册\74\毓邻初-风雷引.wav,218,用户指定：1–400 待判断均可用
test,广寒秋,汪孟舒,广寒秋,CD第1册\CD05\汪孟舒-广寒秋.wav,119,用户指定：1–400 待判断均可用
train,清夜吟,汪孟舒,清夜吟,CD第1册\CD05\汪孟舒-清夜吟.wav,167,用户指定：1–400 待判断均可用
validation,归去来辞,汪振华,归去来辞,CD第4册\61\汪振华-归去来辞.wav,221,用户指定：1–400 待判断均可用
test,渔樵问答,汪振华,渔樵问答1,CD第4册\61\汪振华-渔樵问答1.wav,368,用户指定：1–400 待判断均可用
test,渔樵问答,汪振华,渔樵问答2,CD第4册\61\汪振华-渔樵问答2.wav,345,用户指定：1–400 待判断均可用
train,平沙落雁,沈草农,平沙落雁,CD第1册\CD08\沈草农-平沙落雁.wav,257,用户指定：1–400 待判断均可用
test,渔樵问答,沈草农,渔樵问答,CD第1册\CD08\沈草农-渔樵问答.wav,518,用户指定：1–400 待判断均可用
train,秋塞,沈草农,秋塞,CD第1册\CD08\沈草农-秋塞.wav,301,用户指定：1–400 待判断均可用
train,普庵咒,溥雪斋,普庵咒,CD第1册\CD08\溥雪斋-普庵咒.wav,432,用户指定：1–400 待判断均可用
train,梅花三弄,溥雪斋,梅花三弄1,CD第1册\CD08\溥雪斋-梅花三弄1.wav,434,用户指定：1–400 待判断均可用
train,梅花三弄,溥雪斋,梅花三弄2,CD第1册\CD08\溥雪斋-梅花三弄2.wav,434,用户指定：1–400 待判断均可用
train,良宵引,溥雪斋,良宵引,CD第1册\CD08\溥雪斋-良宵引.wav,130,用户指定：1–400 待判断均可用
train,酒狂,溥雪斋,酒狂,CD第1册\CD08\溥雪斋-酒狂.wav,92,明确评分
train,鸥鹭忘机,溥雪斋,鸥鹭忘机,CD第1册\CD08\溥雪斋-鸥鹭忘机.wav,246,明确评分
train,古交行,王生香,古交行,CD第2册\34\王生香-古交行.wav,532,明确评分
train,平沙落雁,王生香,平沙落雁,CD第2册\34\王生香-平沙落雁.wav,309,用户指定：1–400 待判断均可用
train,酒狂,王生香,酒狂,CD第2册\34\王生香-酒狂.wav,133,用户指定：1–400 待判断均可用
train,长门怨,王生香,长门怨,CD第2册\34\王生香-长门怨.wav,246,用户指定：1–400 待判断均可用
validation,关山月,程午嘉,关山月,CD第2册\34\程午嘉-关山月.wav,193,用户指定：1–400 待判断均可用
train,平沙落雁,程午嘉,平沙落雁,CD第2册\34\程午嘉-平沙落雁.wav,287,用户指定：1–400 待判断均可用
train,玉楼春晓,程午嘉,玉楼春晓,CD第2册\34\程午嘉-玉楼春晓.wav,121,用户指定：1–400 待判断均可用
validation,秋江夜泊,程午嘉,秋江夜泊,CD第2册\34\程午嘉-秋江夜泊.wav,179,用户指定：1–400 待判断均可用
train,长门怨,程午嘉,长门怨,CD第2册\34\程午嘉-长门怨.wav,256,用户指定：1–400 待判断均可用
train,风雷引,程午嘉,风雷引,CD第2册\34\程午嘉-风雷引.wav,204,用户指定：1–400 待判断均可用
train,乌夜啼,管平湖,乌夜啼,CD第1册\CD19\管平湖-乌夜啼.wav,512,用户指定：1–400 待判断均可用
train,天风环珮,管平湖,天风环珮1,CD第1册\CD19\管平湖-天风环珮1.wav,139,用户指定：1–400 待判断均可用
train,天风环珮,管平湖,天风环珮2,CD第1册\CD19\管平湖-天风环珮2.wav,209,用户指定：1–400 待判断均可用
train,幽兰,管平湖,幽兰1,CD第1册\CD19\管平湖-幽兰1.wav,617,用户指定：1–400 待判断均可用
train,幽兰,管平湖,幽兰2,CD第1册\CD19\管平湖-幽兰2.wav,631,用户指定：1–400 待判断均可用
train,幽兰,管平湖,幽兰3,CD第1册\CD19\管平湖-幽兰3.wav,693,用户指定：1–400 待判断均可用
train,潇湘水云,管平湖,潇湘水云,CD第1册\CD19\管平湖-潇湘水云.wav,617,用户指定：1–400 待判断均可用
train,阳关三叠,管平湖,阳关三叠,CD第1册\CD19\管平湖-阳关三叠.wav,227,用户指定：1–400 待判断均可用
train,平沙落雁,翁瘦苍,平沙落雁,CD第4册\61\翁瘦苍-平沙落雁.wav,367,用户指定：1–400 待判断均可用
train,高山,翁瘦苍,高山,CD第4册\61\翁瘦苍-高山.wav,536,用户指定：1–400 待判断均可用
train,普庵咒,胡兰,普庵咒,CD第3册\55\胡兰-普庵咒.wav,668,用户指定：1–400 待判断均可用
train,平沙落雁,胡斗东,平沙落雁-残,CD第3册\54\胡斗东-平沙落雁-残.wav,281,用户指定：1–400 待判断均可用
test,忆故人,莫尚德,忆故人,CD第3册\56\莫尚德-忆故人.wav,340,用户指定：1–400 待判断均可用
validation,关山月,许光毅,关山月,CD第3册\55\许光毅-关山月.wav,85,用户指定：1–400 待判断均可用
test,古琴吟,许光毅,古琴吟,CD第3册\55\许光毅-古琴吟.wav,85,用户指定：1–400 待判断均可用
train,平沙落雁,许光毅,平沙落雁,CD第3册\55\许光毅-平沙落雁.wav,341,用户指定：1–400 待判断均可用
train,梅花三弄,许光毅,梅花三弄1,CD第3册\55\许光毅-梅花三弄1.wav,417,用户指定：1–400 待判断均可用
train,梅花三弄,许光毅,梅花三弄2,CD第3册\55\许光毅-梅花三弄2.wav,461,用户指定：1–400 待判断均可用
train,醉渔唱晚,许光毅,醉渔唱晚,CD第3册\55\许光毅-醉渔唱晚.wav,268,用户指定：1–400 待判断均可用
train,阳关三叠,许光毅,阳关三叠,CD第3册\55\许光毅-阳关三叠.wav,272,用户指定：1–400 待判断均可用
train,平沙落雁,邓文权,平沙落雁,CD第4册\72\邓文权-平沙落雁.wav,448,用户指定：1–400 待判断均可用
test,忆故人,邓文权,忆故人,CD第4册\72\邓文权-忆故人.wav,352,用户指定：1–400 待判断均可用
test,渔樵问答,邓文权,渔樵问答,CD第4册\72\邓文权-渔樵问答.wav,379,用户指定：1–400 待判断均可用
train,秋风词,邓文权,秋风词,CD第4册\72\邓文权-秋风词.wav,97,用户指定：1–400 待判断均可用
train,良宵引,邓文权,良宵引,CD第4册\72\邓文权-良宵引.wav,241,用户指定：1–400 待判断均可用
train,醉渔唱晚,邓文权,醉渔唱晚,CD第4册\72\邓文权-醉渔唱晚.wav,314,用户指定：1–400 待判断均可用
train,静观吟,邓文权,静观吟,CD第4册\72\邓文权-静观吟.wav,197,用户指定：1–400 待判断均可用
train,四大景,陈天乐,四大景,CD第4册\62\陈天乐-四大景.wav,384,用户指定：1–400 待判断均可用
train,凤求凰,陈心园,凤求凰,CD第3册\48\陈心园-凤求凰.wav,100,用户指定：1–400 待判断均可用
train,平沙落雁,陈心园,平沙落雁,CD第3册\48\陈心园-平沙落雁.wav,292,用户指定：1–400 待判断均可用
train,搔首问天,陈心园,搔首问天,CD第3册\48\陈心园-搔首问天.wav,293,用户指定：1–400 待判断均可用
train,玉楼春晓,陈心园,玉楼春晓,CD第3册\48\陈心园-玉楼春晓.wav,106,用户指定：1–400 待判断均可用
validation,秋江夜泊,陈心园,秋江夜泊,CD第3册\48\陈心园-秋江夜泊.wav,143,用户指定：1–400 待判断均可用
train,秋风词,陈心园,秋风词,CD第3册\48\陈心园-秋风词.wav,77,用户指定：1–400 待判断均可用
train,长门怨,陈心园,长门怨,CD第3册\48\陈心园-长门怨.wav,235,用户指定：1–400 待判断均可用
train,风雷引,陈心园,风雷引,CD第3册\48\陈心园-风雷引.wav,134,用户指定：1–400 待判断均可用
train,乌夜啼,陈蕾士,乌夜啼,CD第4册\61\陈蕾士-乌夜啼.wav,493,用户指定：1–400 待判断均可用
train,平沙落雁,陈阅聪,平沙落雁,CD第4册\62\陈阅聪-平沙落雁.wav,321,用户指定：1–400 待判断均可用
validation,归去来辞,陈阅聪,归去来辞,CD第4册\62\陈阅聪-归去来辞.wav,282,用户指定：1–400 待判断均可用
validation,捣衣,陈阅聪,捣衣,CD第4册\62\陈阅聪-捣衣.wav,578,用户指定：1–400 待判断均可用
train,长门怨,陈阅聪,长门怨,CD第4册\62\陈阅聪-长门怨.wav,314,用户指定：1–400 待判断均可用
train,阳关三叠,陈阅聪,阳关三叠,CD第4册\62\陈阅聪-阳关三叠.wav,258,用户指定：1–400 待判断均可用
train,墨子悲丝,顾梅羹,墨子悲丝,CD第2册\24\顾梅羹-墨子悲丝.wav,580,用户指定：1–400 待判断均可用
train,平沙落雁,顾梅羹,平沙落雁1,CD第2册\24\顾梅羹-平沙落雁1.wav,404,用户指定：1–400 待判断均可用
train,平沙落雁,顾梅羹,平沙落雁2,CD第2册\24\顾梅羹-平沙落雁2.wav,399,用户指定：1–400 待判断均可用
train,平沙落雁,顾梅羹,平沙落雁3,CD第2册\24\顾梅羹-平沙落雁3.wav,365,用户指定：1–400 待判断均可用
train,普庵咒,顾梅羹,普庵咒,CD第2册\24\顾梅羹-普庵咒.wav,436,用户指定：1–400 待判断均可用
train,梅花三弄,顾梅羹,梅花三弄1,CD第2册\24\顾梅羹-梅花三弄1.wav,438,用户指定：1–400 待判断均可用
train,梅花三弄,顾梅羹,梅花三弄2,CD第2册\24\顾梅羹-梅花三弄2.wav,475,用户指定：1–400 待判断均可用
train,广寒游,高仲钧,广寒游,CD第4册\64\高仲钧-广寒游.wav,245,用户指定：1–400 待判断均可用
test,渔樵问答,高松如,渔樵问答,CD第2册\32\高松如-渔樵问答.wav,265,用户指定：1–400 待判断均可用
test,忆故人,黄雪辉,忆故人,CD第2册\22\黄雪辉-忆故人.wav,357,用户指定：1–400 待判断均可用
train,白雪,黄雪辉,白雪,CD第2册\22\黄雪辉-白雪.wav,338,用户指定：1–400 待判断均可用
validation,秋江夜泊,黄雪辉,秋江夜泊,CD第2册\22\黄雪辉-秋江夜泊.wav,190,用户指定：1–400 待判断均可用
validation,捣衣,龙琴舫,捣衣,CD第1册\CD05\龙琴舫-捣衣.wav,398,用户指定：1–400 待判断均可用
train,岳阳三醉,乐瑛,岳阳三醉,CD第3册\41\乐瑛-岳阳三醉.wav,535,用户指定：1–400 待判断均可用
test,渔樵问答,乐瑛,渔樵问答1,CD第3册\41\乐瑛-渔樵问答1.wav,466,用户指定：1–400 待判断均可用
train,韦编三绝,乐瑛,韦编三绝1,CD第3册\41\乐瑛-韦编三绝1.wav,173,用户指定：1–400 待判断均可用
test,忆故人,吴兆基,忆故人1,CD第3册\52\吴兆基-忆故人1.wav,471,用户指定：1–400 待判断均可用
test,忆故人,吴兆基,忆故人2,CD第3册\52\吴兆基-忆故人2.wav,429,用户指定：1–400 待判断均可用
train,梅花三弄,吴兆基,梅花三弄1,CD第3册\50\吴兆基-梅花三弄1.wav,271,用户指定：1–400 待判断均可用
train,梅花三弄,吴兆基,梅花三弄2,CD第3册\50\吴兆基-梅花三弄2.wav,256,用户指定：1–400 待判断均可用
test,渔樵问答,吴兆基,渔樵问答,CD第3册\53\吴兆基-渔樵问答.wav,455,用户指定：1–400 待判断均可用
train,渔歌,吴兆基,渔歌1,CD第3册\53\吴兆基-渔歌1.wav,860,用户指定：1–400 待判断均可用
train,渔歌,吴兆基,渔歌2,CD第3册\53\吴兆基-渔歌2.wav,762,用户指定：1–400 待判断均可用
train,渔歌,吴兆基,渔歌3,CD第3册\53\吴兆基-渔歌3.wav,785,用户指定：1–400 待判断均可用
train,潇湘水云,吴兆基,潇湘水云1,CD第3册\52\吴兆基-潇湘水云1.wav,596,用户指定：1–400 待判断均可用
train,潇湘水云,吴兆基,潇湘水云2,CD第3册\52\吴兆基-潇湘水云2.wav,627,用户指定：1–400 待判断均可用
train,白雪,吴兆基,白雪,CD第3册\50\吴兆基-白雪.wav,464,用户指定：1–400 待判断均可用
train,胡笳十八拍,吴兆基,胡笳十八拍1,CD第3册\50\吴兆基-胡笳十八拍1.wav,709,用户指定：1–400 待判断均可用
train,胡笳十八拍,吴兆基,胡笳十八拍2,CD第3册\50\吴兆基-胡笳十八拍2.wav,1166,用户指定：1–400 待判断均可用
train,良宵引,吴兆基,良宵引1,CD第3册\50\吴兆基-良宵引1.wav,154,用户指定：1–400 待判断均可用
train,良宵引,吴兆基,良宵引2,CD第3册\50\吴兆基-良宵引2.wav,154,用户指定：1–400 待判断均可用
train,阳关三叠,吴兆基,阳关三叠1,CD第3册\52\吴兆基-阳关三叠1.wav,260,用户指定：1–400 待判断均可用
train,阳关三叠,吴兆基,阳关三叠2,CD第3册\52\吴兆基-阳关三叠2.wav,302,用户指定：1–400 待判断均可用
train,阳春,吴兆基,阳春,CD第3册\52\吴兆基-阳春.wav,601,用户指定：1–400 待判断均可用
train,鸥鹭忘机,吴兆基,鸥鹭忘机1,CD第3册\50\吴兆基-鸥鹭忘机1.wav,319,用户指定：1–400 待判断均可用
train,鸥鹭忘机,吴兆基,鸥鹭忘机2,CD第3册\50\吴兆基-鸥鹭忘机2.wav,333,用户指定：1–400 待判断均可用
validation,关山月,喻绍泽,关山月,CD第2册\36\喻绍泽-关山月.wav,155,用户指定：1–400 待判断均可用
train,幽兰,喻绍泽,幽兰,CD第2册\38\喻绍泽-幽兰.wav,520,用户指定：1–400 待判断均可用
train,春山听杜鹃,喻绍泽,春山听杜鹃1,CD第2册\36\喻绍泽-春山听杜鹃1.wav,362,用户指定：1–400 待判断均可用
train,春山听杜鹃,喻绍泽,春山听杜鹃2,CD第2册\36\喻绍泽-春山听杜鹃2.wav,370,用户指定：1–400 待判断均可用
train,欢乐的除夕,喻绍泽,欢乐的除夕,CD第2册\36\喻绍泽-欢乐的除夕.wav,325,用户指定：1–400 待判断均可用
train,流水,喻绍泽,流水1,CD第2册\36\喻绍泽-流水1.wav,512,用户指定：1–400 待判断均可用
train,流水,喻绍泽,流水2,CD第2册\36\喻绍泽-流水2.wav,448,用户指定：1–400 待判断均可用
train,秋水,喻绍泽,秋水1,CD第2册\38\喻绍泽-秋水1.wav,434,用户指定：1–400 待判断均可用
train,秋水,喻绍泽,秋水2,CD第2册\38\喻绍泽-秋水2.wav,452,用户指定：1–400 待判断均可用
train,胡笳十八拍,喻绍泽,胡笳十八拍,CD第2册\36\喻绍泽-胡笳十八拍.wav,756,用户指定：1–400 待判断均可用
validation,跃进歌声,喻绍泽,跃进歌声1,CD第2册\38\喻绍泽-跃进歌声1.wav,289,用户指定：1–400 待判断均可用
validation,跃进歌声,喻绍泽,跃进歌声2,CD第2册\38\喻绍泽-跃进歌声2.wav,272,用户指定：1–400 待判断均可用
train,酒狂,喻绍泽,酒狂,CD第2册\36\喻绍泽-酒狂.wav,116,用户指定：1–400 待判断均可用
train,醉渔晚唱,喻绍泽,醉渔晚唱1,CD第2册\38\喻绍泽-醉渔晚唱1.wav,262,用户指定：1–400 待判断均可用
train,高山,喻绍泽,高山2,CD第2册\36\喻绍泽-高山2.wav,331,用户指定：1–400 待判断均可用
train,乌夜啼,姚丙炎,乌夜啼2,CD第4册\68\姚丙炎-乌夜啼2.wav,532,用户指定：1–400 待判断均可用
train,古怨,姚丙炎,古怨,CD第4册\66\姚丙炎-古怨.wav,129,用户指定：1–400 待判断均可用
train,古风操,姚丙炎,古风操,CD第4册\66\姚丙炎-古风操.wav,232,用户指定：1–400 待判断均可用
train,大胡笳,姚丙炎,大胡笳,CD第4册\65\姚丙炎-大胡笳.wav,770,用户指定：1–400 待判断均可用
train,孤馆遇神,姚丙炎,孤馆遇神1,CD第4册\65\姚丙炎-孤馆遇神1.wav,519,用户指定：1–400 待判断均可用
train,孤馆遇神,姚丙炎,孤馆遇神2,CD第4册\65\姚丙炎-孤馆遇神2.wav,490,用户指定：1–400 待判断均可用
train,孤馆遇神,姚丙炎,孤馆遇神3,CD第4册\65\姚丙炎-孤馆遇神3.wav,574,用户指定：1–400 待判断均可用
train,小胡笳,姚丙炎,小胡笳,CD第4册\69\姚丙炎-小胡笳.wav,790,用户指定：1–400 待判断均可用
train,平沙落雁,姚丙炎,平沙落雁1,CD第4册\68\姚丙炎-平沙落雁1.wav,324,用户指定：1–400 待判断均可用
train,幽兰,姚丙炎,幽兰,CD第4册\69\姚丙炎-幽兰.wav,578,用户指定：1–400 待判断均可用
validation,广陵散,姚丙炎,广陵散,CD第4册\66\姚丙炎-广陵散.wav,1248,用户指定：1–400 待判断均可用
train,忘忧,姚丙炎,忘忧2,CD第4册\68\姚丙炎-忘忧2.wav,137,用户指定：1–400 待判断均可用
train,楚歌,姚丙炎,楚歌1,CD第4册\65\姚丙炎-楚歌1.wav,243,用户指定：1–400 待判断均可用
train,潇湘水云,姚丙炎,潇湘水云1,CD第4册\69\姚丙炎-潇湘水云1.wav,563,用户指定：1–400 待判断均可用
train,潇湘水云,姚丙炎,潇湘水云2,CD第4册\69\姚丙炎-潇湘水云2.wav,519,用户指定：1–400 待判断均可用
train,秋宵步月,姚丙炎,秋宵步月,CD第4册\68\姚丙炎-秋宵步月.wav,207,用户指定：1–400 待判断均可用
train,阳春,姚丙炎,阳春,CD第4册\69\姚丙炎-阳春.wav,420,用户指定：1–400 待判断均可用
train,高山,姚丙炎,高山1,CD第4册\65\姚丙炎-高山1.wav,500,用户指定：1–400 待判断均可用
train,高山,姚丙炎,高山2,CD第4册\65\姚丙炎-高山2.wav,461,用户指定：1–400 待判断均可用
train,鸥鹭忘机,姚丙炎,鸥鹭忘机,CD第4册\68\姚丙炎-鸥鹭忘机.wav,287,用户指定：1–400 待判断均可用
test,忆故人,孙毓芹,忆故人1,CD第4册\60\孙毓芹-忆故人1.wav,406,用户指定：1–400 待判断均可用
test,忆故人,孙毓芹,忆故人2,CD第4册\60\孙毓芹-忆故人2.wav,418,用户指定：1–400 待判断均可用
test,渔樵问答,孙毓芹,渔樵问答1,CD第4册\60\孙毓芹-渔樵问答1.wav,482,用户指定：1–400 待判断均可用
test,渔樵问答,孙毓芹,渔樵问答2,CD第4册\60\孙毓芹-渔樵问答2.wav,502,用户指定：1–400 待判断均可用
train,潇湘水云,孙毓芹,潇湘水云1,CD第4册\60\孙毓芹-潇湘水云1.wav,615,用户指定：1–400 待判断均可用
train,潇湘水云,孙毓芹,潇湘水云2,CD第4册\60\孙毓芹-潇湘水云2.wav,677,用户指定：1–400 待判断均可用
train,玉楼春晓,孙毓芹,玉楼春晓1,CD第4册\60\孙毓芹-玉楼春晓1.wav,93,用户指定：1–400 待判断均可用
train,玉楼春晓,孙毓芹,玉楼春晓2,CD第4册\60\孙毓芹-玉楼春晓2.wav,96,用户指定：1–400 待判断均可用
test,渔樵问答,徐元白,渔樵问答2,CD第1册\CD10\徐元白-渔樵问答2.wav,475,用户指定：1–400 待判断均可用
train,渔歌,徐元白,渔歌,CD第1册\CD10\徐元白-渔歌.wav,933,用户指定：1–400 待判断均可用
train,潇湘水云,徐元白,潇湘水云,CD第1册\CD10\徐元白-潇湘水云.wav,758,用户指定：1–400 待判断均可用
train,平沙落雁,徐立孙,平沙落雁,CD第2册\21\徐立孙-平沙落雁.wav,248,用户指定：1–400 待判断均可用
train,幽兰,徐立孙,幽兰,CD第2册\21\徐立孙-幽兰.wav,365,用户指定：1–400 待判断均可用
validation,广陵散,徐立孙,广陵散,CD第2册\21\徐立孙-广陵散.wav,1022,用户指定：1–400 待判断均可用
validation,广陵散,徐立孙,广陵散-残,CD第2册\21\徐立孙-广陵散-残.wav,772,用户指定：1–400 待判断均可用
train,搔首问天,徐立孙,搔首问天1,CD第2册\21\徐立孙-搔首问天1.wav,279,用户指定：1–400 待判断均可用
test,桃源春晓,杨葆元,桃源春晓,CD第2册\27\杨葆元-桃源春晓.wav,454,用户指定：1–400 待判断均可用
train,水仙操,杨葆元,水仙操1,CD第2册\27\杨葆元-水仙操1.wav,567,用户指定：1–400 待判断均可用
train,水仙操,杨葆元,水仙操2,CD第2册\27\杨葆元-水仙操2.wav,500,用户指定：1–400 待判断均可用
test,渔樵问答,杨葆元,渔樵问答,CD第2册\27\杨葆元-渔樵问答.wav,599,用户指定：1–400 待判断均可用
validation,关山月,查阜西,关山月,CD第1册\CD11\查阜西-关山月.wav,194,用户指定：1–400 待判断均可用
train,凯歌,查阜西,凯歌,CD第1册\CD11\查阜西-凯歌.wav,337,用户指定：1–400 待判断均可用
train,梅花三弄,查阜西,梅花三弄,CD第1册\CD11\查阜西-梅花三弄.wav,581,用户指定：1–400 待判断均可用
test,洞庭秋思,查阜西,洞庭秋思,CD第1册\CD11\查阜西-洞庭秋思.wav,227,用户指定：1–400 待判断均可用
train,长门怨,查阜西,长门怨,CD第1册\CD11\查阜西-长门怨.wav,301,用户指定：1–400 待判断均可用
train,鸥鹭忘机,查阜西,鸥鹭忘机,CD第1册\CD11\查阜西-鸥鹭忘机.wav,325,用户指定：1–400 待判断均可用
validation,关山月,管平湖,关山月,CD第1册\CD14\管平湖-关山月.wav,164,用户指定：1–400 待判断均可用
train,回忆,管平湖,回忆,CD第1册\CD16\管平湖-回忆.wav,118,用户指定：1–400 待判断均可用
train,大胡笳,管平湖,大胡笳,CD第1册\CD14\管平湖-大胡笳.wav,737,用户指定：1–400 待判断均可用
train,平沙落雁,管平湖,平沙落雁1,CD第1册\CD18\管平湖-平沙落雁1.wav,400,用户指定：1–400 待判断均可用
train,平沙落雁,管平湖,平沙落雁2,CD第1册\CD18\管平湖-平沙落雁2.wav,405,用户指定：1–400 待判断均可用
validation,广陵散,管平湖,广陵散1,CD第1册\CD15\管平湖-广陵散1.wav,1355,用户指定：1–400 待判断均可用
validation,广陵散,管平湖,广陵散2,CD第1册\CD15\管平湖-广陵散2.wav,1345,用户指定：1–400 待判断均可用
validation,广陵散,管平湖,广陵散3,CD第1册\CD15\管平湖-广陵散3.wav,1350,用户指定：1–400 待判断均可用
train,春晓吟,管平湖,春晓吟,CD第1册\CD14\管平湖-春晓吟.wav,203,用户指定：1–400 待判断均可用
train,梅花三弄,管平湖,梅花三弄,CD第1册\CD17\管平湖-梅花三弄.wav,483,用户指定：1–400 待判断均可用
train,欸乃,管平湖,欸乃,CD第1册\CD14\管平湖-欸乃.wav,752,用户指定：1–400 待判断均可用
train,水仙操,管平湖,水仙操1,CD第1册\CD18\管平湖-水仙操1.wav,565,用户指定：1–400 待判断均可用
train,水仙操,管平湖,水仙操2,CD第1册\CD18\管平湖-水仙操2.wav,621,用户指定：1–400 待判断均可用
train,流水,管平湖,流水1,CD第1册\CD17\管平湖-流水1.wav,457,用户指定：1–400 待判断均可用
train,流水,管平湖,流水2,CD第1册\CD17\管平湖-流水2.wav,439,用户指定：1–400 待判断均可用
train,流水,管平湖,流水3,CD第1册\CD17\管平湖-流水3.wav,448,用户指定：1–400 待判断均可用
train,流水,管平湖,流水4,CD第1册\CD17\管平湖-流水4.wav,462,用户指定：1–400 待判断均可用
train,白雪,管平湖,白雪1,CD第1册\CD14\管平湖-白雪1.wav,305,用户指定：1–400 待判断均可用
train,白雪,管平湖,白雪2,CD第1册\CD14\管平湖-白雪2.wav,317,用户指定：1–400 待判断均可用
train,离骚,管平湖,离骚1,CD第1册\CD16\管平湖-离骚1.wav,650,用户指定：1–400 待判断均可用
train,离骚,管平湖,离骚2,CD第1册\CD16\管平湖-离骚2.wav,619,用户指定：1–400 待判断均可用
train,胡笳十八拍,管平湖,胡笳十八拍,CD第1册\CD16\管平湖-胡笳十八拍.wav,1189,用户指定：1–400 待判断均可用
train,胡笳十八拍,管平湖,胡笳十八拍-残,CD第1册\CD16\管平湖-胡笳十八拍-残.wav,161,用户指定：1–400 待判断均可用
train,良宵引,管平湖,良宵引,CD第1册\CD17\管平湖-良宵引.wav,187,用户指定：1–400 待判断均可用
test,获麟,管平湖,获麟2,CD第1册\CD16\管平湖-获麟2.wav,254,用户指定：1–400 待判断均可用
test,获麟,管平湖,获麟3,CD第1册\CD16\管平湖-获麟3.wav,278,用户指定：1–400 待判断均可用
validation,长清,管平湖,长清,CD第1册\CD14\管平湖-长清.wav,405,用户指定：1–400 待判断均可用
train,长门怨,管平湖,长门怨,CD第1册\CD14\管平湖-长门怨.wav,346,用户指定：1–400 待判断均可用
train,风雷引,管平湖,风雷引,CD第1册\CD14\管平湖-风雷引.wav,232,用户指定：1–400 待判断均可用
train,鸥鹭忘机,管平湖,鸥鹭忘机,CD第1册\CD17\管平湖-鸥鹭忘机.wav,307,用户指定：1–400 待判断均可用
train,龙翔操,管平湖,龙翔操,CD第1册\CD17\管平湖-龙翔操.wav,418,用户指定：1–400 待判断均可用
validation,关山月,顾梅羹,关山月,CD第2册\23\顾梅羹-关山月.wav,170,用户指定：1–400 待判断均可用
test,孔子读易,顾梅羹,孔子读易1,CD第2册\23\顾梅羹-孔子读易1.wav,324,用户指定：1–400 待判断均可用
test,孔子读易,顾梅羹,孔子读易2,CD第2册\23\顾梅羹-孔子读易2.wav,338,用户指定：1–400 待判断均可用
test,忆故人,顾梅羹,忆故人1,CD第2册\25\顾梅羹-忆故人1.wav,416,用户指定：1–400 待判断均可用
test,忆故人,顾梅羹,忆故人2,CD第2册\25\顾梅羹-忆故人2.wav,413,用户指定：1–400 待判断均可用
train,汉宫秋月,顾梅羹,汉宫秋月-残,CD第2册\23\顾梅羹-汉宫秋月-残.wav,388,用户指定：1–400 待判断均可用
train,流水,顾梅羹,流水1,CD第2册\23\顾梅羹-流水1.wav,426,用户指定：1–400 待判断均可用
train,流水,顾梅羹,流水2,CD第2册\23\顾梅羹-流水2.wav,436,用户指定：1–400 待判断均可用
train,流水,顾梅羹,流水3,CD第2册\23\顾梅羹-流水3.wav,432,用户指定：1–400 待判断均可用
train,潇湘水云,顾梅羹,潇湘水云,CD第2册\25\顾梅羹-潇湘水云.wav,571,用户指定：1–400 待判断均可用
train,醉渔唱晚,顾梅羹,醉渔唱晚1,CD第2册\25\顾梅羹-醉渔唱晚1.wav,316,用户指定：1–400 待判断均可用
train,醉渔唱晚,顾梅羹,醉渔唱晚2,CD第2册\25\顾梅羹-醉渔唱晚2.wav,313,用户指定：1–400 待判断均可用
train,醉渔唱晚,顾梅羹,醉渔唱晚3,CD第2册\25\顾梅羹-醉渔唱晚3.wav,323,用户指定：1–400 待判断均可用
train,长侧,顾梅羹,长侧,CD第2册\23\顾梅羹-长侧.wav,409,用户指定：1–400 待判断均可用
train,高山,顾梅羹,高山,CD第2册\23\顾梅羹-高山.wav,344,用户指定：1–400 待判断均可用
train,春闺怨,向笙阶,春闺怨,CD第1册\CD10\向笙阶-春闺怨.wav,155,明确评分
train,风雷引,吴宗汉,风雷引,CD第3册\39\吴宗汉-风雷引.wav,154,明确评分
train,幽兰,吴振平,幽兰,CD第3册\46\吴振平-幽兰.wav,558,明确评分
train,电影李时珍,吴振平,电影李时珍,CD第3册\46\吴振平-电影李时珍.wav,116,明确评分
train,苏门长啸,吴振平,苏门长啸,CD第3册\46\吴振平-苏门长啸.wav,404,明确评分
train,良宵引,孙培章,良宵引,CD第4册\62\孙培章-良宵引.wav,181,明确评分
train,阳关三叠,孙培章,阳关三叠,CD第4册\62\孙培章-阳关三叠.wav,243,明确评分
train,天风环珮,张子谦,天风环珮2,CD第2册\30\张子谦-天风环珮2.wav,150,明确评分
test,忆故人,张子谦,忆故人,CD第2册\31\张子谦-忆故人.wav,406,明确评分
train,梅花三弄,张子谦,梅花三弄1,CD第2册\29\张子谦-梅花三弄1.wav,435,明确评分
train,梅花三弄,张子谦,梅花三弄2,CD第2册\29\张子谦-梅花三弄2.wav,486,明确评分
train,梅花三弄,张子谦,梅花三弄3,CD第2册\29\张子谦-梅花三弄3.wav,492,明确评分
train,楚歌,张子谦,楚歌1,CD第2册\28\张子谦-楚歌1.wav,343,明确评分
train,楚歌,张子谦,楚歌2,CD第2册\28\张子谦-楚歌2.wav,332,明确评分
train,渔歌,张子谦,渔歌,CD第2册\31\张子谦-渔歌.wav,671,明确评分
train,秋鸿,张子谦,秋鸿2,CD第2册\30\张子谦-秋鸿2.wav,827,明确评分
train,良宵引,张子谦,良宵引1,CD第2册\28\张子谦-良宵引1.wav,102,明确评分
train,良宵引,张子谦,良宵引2,CD第2册\28\张子谦-良宵引2.wav,121,明确评分
train,酒狂,张子谦,酒狂1,CD第2册\28\张子谦-酒狂1.wav,132,明确评分
train,酒狂,张子谦,酒狂2,CD第2册\28\张子谦-酒狂2.wav,136,明确评分
validation,长清,张子谦,长清1,CD第2册\28\张子谦-长清1.wav,363,明确评分
train,飞鸣吟,张子谦,飞鸣吟,CD第2册\28\张子谦-飞鸣吟.wav,118,明确评分
train,龙翔操,张子谦,龙翔操2,CD第2册\28\张子谦-龙翔操2.wav,266,明确评分
train,龙翔操,张子谦,龙翔操3,CD第2册\28\张子谦-龙翔操3.wav,288,明确评分
train,龙翔操,张子谦,龙翔操4,CD第2册\28\张子谦-龙翔操4.wav,333,明确评分
train,平沙落雁,朱龙庵,平沙落雁,CD第3册\47\朱龙庵-平沙落雁.wav,382,明确评分
train,梧叶舞秋风,朱龙庵,梧叶舞秋风,CD第3册\47\朱龙庵-梧叶舞秋风.wav,307,明确评分
validation,秋江夜泊,朱龙庵,秋江夜泊,CD第3册\47\朱龙庵-秋江夜泊.wav,214,明确评分
train,长门怨,朱龙庵,长门怨,CD第3册\47\朱龙庵-长门怨.wav,329,明确评分
train,鸥鹭忘机,朱龙庵,鸥鹭忘机2,CD第3册\47\朱龙庵-鸥鹭忘机2.wav,326,明确评分
train,平沙落雁,李璠,平沙落雁1,CD第4册\57\李璠-平沙落雁1.wav,309,明确评分
train,高山,李璠,高山1,CD第4册\57\李璠-高山1.wav,409,明确评分
train,乌夜啼,杨新伦,乌夜啼,CD第2册\22\杨新伦-乌夜啼.wav,401,明确评分
train,怀古,杨新伦,怀古,CD第2册\22\杨新伦-怀古.wav,194,明确评分
train,玉树临风,杨新伦,玉树临风,CD第2册\22\杨新伦-玉树临风.wav,212,明确评分
validation,碧涧流泉,杨新伦,碧涧流泉,CD第2册\22\杨新伦-碧涧流泉.wav,242,明确评分
train,高山,杨新伦,高山,CD第2册\22\杨新伦-高山.wav,431,明确评分
train,鸥鹭忘机,杨新伦,鸥鹭忘机,CD第2册\22\杨新伦-鸥鹭忘机.wav,186,明确评分
validation,关山月,王绍舜,关山月,CD第4册\73\王绍舜-关山月.wav,115,明确评分
train,梧叶舞秋风,王绍舜,梧叶舞秋风,CD第4册\73\王绍舜-梧叶舞秋风.wav,225,明确评分
test,渔樵问答,王绍舜,渔樵问答,CD第4册\73\王绍舜-渔樵问答.wav,590,明确评分
train,潇湘水云,王绍舜,潇湘水云,CD第4册\73\王绍舜-潇湘水云.wav,644,明确评分
train,客窗夜话,章志荪,客窗夜话,CD第1册\CD05\章志荪-客窗夜话.wav,331,明确评分
train,平沙落雁,胡莹堂,平沙落雁1,CD第1册\CD13\胡莹堂-平沙落雁1.wav,394,明确评分
test,忆故人,胡莹堂,忆故人,CD第1册\CD13\胡莹堂-忆故人.wav,390,明确评分
train,醉渔唱晚,胡莹堂,醉渔唱晚,CD第1册\CD13\胡莹堂-醉渔唱晚.wav,207,明确评分
train,长门怨,胡莹堂,长门怨,CD第1册\CD13\胡莹堂-长门怨.wav,325,明确评分
validation,关山月,蔡德允,关山月,CD第3册\42\蔡德允-关山月.wav,109,明确评分
test,古琴吟,蔡德允,古琴吟,CD第3册\42\蔡德允-古琴吟.wav,64,明确评分
train,平沙落雁,蔡德允,平沙落雁1,CD第3册\42\蔡德允-平沙落雁1.wav,231,明确评分
train,平沙落雁,蔡德允,平沙落雁2,CD第3册\42\蔡德允-平沙落雁2.wav,349,明确评分
test,忆故人,蔡德允,忆故人,CD第3册\43\蔡德允-忆故人.wav,334,明确评分
train,慨古吟,蔡德允,慨古吟,CD第3册\42\蔡德允-慨古吟.wav,133,明确评分
train,梅花三弄,蔡德允,梅花三弄,CD第3册\42\蔡德允-梅花三弄.wav,488,明确评分
train,梧叶舞秋风,蔡德允,梧叶舞秋风,CD第3册\43\蔡德允-梧叶舞秋风.wav,222,明确评分
train,水仙操,蔡德允,水仙操,CD第3册\42\蔡德允-水仙操.wav,376,明确评分
test,渔樵问答,蔡德允,渔樵问答,CD第3册\43\蔡德允-渔樵问答.wav,502,明确评分
train,湘江怨,蔡德允,湘江怨,CD第3册\43\蔡德允-湘江怨.wav,157,明确评分
train,潇湘水云,蔡德允,潇湘水云1,CD第3册\43\蔡德允-潇湘水云1.wav,606,明确评分
train,潇湘水云,蔡德允,潇湘水云2,CD第3册\43\蔡德允-潇湘水云2.wav,605,明确评分
train,玉楼春晓,蔡德允,玉楼春晓,CD第3册\43\蔡德允-玉楼春晓.wav,119,明确评分
validation,精忠词,蔡德允,精忠词,CD第3册\42\蔡德允-精忠词.wav,67,明确评分
train,胡笳十八拍,蔡德允,胡笳十八拍,CD第3册\42\蔡德允-胡笳十八拍.wav,706,明确评分
train,良宵引,蔡德允,良宵引,CD第3册\42\蔡德允-良宵引.wav,152,明确评分
train,醉渔唱晚,蔡德允,醉渔唱晚1,CD第3册\43\蔡德允-醉渔唱晚1.wav,199,明确评分
train,醉渔唱晚,蔡德允,醉渔唱晚2,CD第3册\43\蔡德允-醉渔唱晚2.wav,194,明确评分
train,长门怨,蔡德允,长门怨,CD第3册\42\蔡德允-长门怨.wav,238,明确评分
train,阳关三叠,蔡德允,阳关三叠,CD第3册\43\蔡德允-阳关三叠.wav,209,明确评分
train,阳春,蔡德允,阳春,CD第3册\43\蔡德允-阳春.wav,469,明确评分
train,龙翔操,蔡德允,龙翔操,CD第3册\42\蔡德允-龙翔操.wav,257,明确评分
train,听泉吟,詹澄秋,听泉吟2,CD第1册\CD07\詹澄秋-听泉吟2.wav,90,明确评分
train,潇湘水云,詹澄秋,潇湘水云,CD第1册\CD07\詹澄秋-潇湘水云.wav,418,明确评分
train,高山,詹澄秋,高山2,CD第1册\CD06\詹澄秋-高山2.wav,295,明确评分
validation,关山月,邵元复,关山月,CD第4册\70\邵元复-关山月.wav,104,明确评分
train,凤求凰,邵元复,凤求凰,CD第4册\70\邵元复-凤求凰.wav,134,明确评分
test,忆故人,邵元复,忆故人,CD第4册\71\邵元复-忆故人.wav,416,明确评分
train,极乐吟,邵元复,极乐吟,CD第4册\70\邵元复-极乐吟.wav,79,明确评分
train,梅花三弄,邵元复,梅花三弄,CD第4册\70\邵元复-梅花三弄.wav,435,明确评分
train,玉楼春晓,邵元复,玉楼春晓,CD第4册\71\邵元复-玉楼春晓.wav,84,明确评分
train,秋夜长,邵元复,秋夜长,CD第4册\71\邵元复-秋夜长.wav,145,明确评分
train,普庵咒,陈维斌,普庵咒,CD第1册\CD05\陈维斌-普庵咒.wav,626,明确评分
train,凤鸣朝阳,马景洛,凤鸣朝阳,CD第1册\CD01\马景洛-凤鸣朝阳.wav,241,明确评分
train,双鹤听泉,马景洛,双鹤听泉,CD第1册\CD01\马景洛-双鹤听泉.wav,134,明确评分
train,客窗夜话,马景洛,客窗夜话,CD第1册\CD01\马景洛-客窗夜话.wav,316,明确评分
train,风云际会,马景洛,风云际会,CD第1册\CD01\马景洛-风云际会.wav,371,明确评分
