序号,演奏者,曲名,Y盘相对路径,来源组,原始判断,最终判断,判断依据,备注,可用时间段
1,乐瑛,列子御风,CD第3册\40\乐瑛-列子御风.wav,已认可来源·同目录,keep,keep,明确评分,,
2,乐瑛,平沙落雁1,CD第3册\40\乐瑛-平沙落雁1.wav,已认可来源·同目录,keep,keep,明确评分,,
3,乐瑛,平沙落雁2,CD第3册\40\乐瑛-平沙落雁2.wav,已认可来源·同目录,reject,reject,明确评分,,
4,乐瑛,沧海龙吟1,CD第3册\40\乐瑛-沧海龙吟1.wav,已认可来源·同目录,keep,keep,明确评分,,
5,乐瑛,沧海龙吟2,CD第3册\40\乐瑛-沧海龙吟2.wav,已认可来源·同目录,keep,keep,明确评分,,
6,乐瑛,秋塞吟,CD第3册\40\乐瑛-秋塞吟.wav,已认可来源·同目录,keep,keep,明确评分,,
7,侯作吾,高山流水,CD第3册\54\侯作吾-高山流水.wav,已认可来源·同目录,keep,keep,明确评分,,
8,关仲航,平沙落雁,CD第2册\32\关仲航-平沙落雁.wav,已认可来源·同目录,keep,keep,明确评分,,
9,关仲航,水仙操,CD第2册\32\关仲航-水仙操.wav,已认可来源·同目录,keep,keep,明确评分,,
10,关仲航,渔樵问答,CD第2册\32\关仲航-渔樵问答.wav,已认可来源·同目录,keep,keep,明确评分,,
11,关仲航,潇湘水云,CD第2册\32\关仲航-潇湘水云.wav,已认可来源·同目录,reject,reject,明确评分,,
12,刘少椿,墨子悲丝,CD第2册\33\刘少椿-墨子悲丝.wav,已认可来源·同目录,keep,keep,明确评分,,
13,刘少椿,山居吟,CD第2册\33\刘少椿-山居吟.wav,已认可来源·同目录,keep,keep,明确评分,,
14,刘少椿,平沙落雁,CD第2册\33\刘少椿-平沙落雁.wav,已认可来源·同目录,keep,keep,明确评分,,
15,刘少椿,梅花三弄1,CD第2册\33\刘少椿-梅花三弄1.wav,已认可来源·同目录,keep,keep,明确评分,,
16,刘少椿,梅花三弄2,CD第2册\33\刘少椿-梅花三弄2.wav,已认可来源·同目录,keep,keep,明确评分,,
17,刘少椿,梧叶舞秋风,CD第2册\33\刘少椿-梧叶舞秋风.wav,已认可来源·同目录,keep,keep,明确评分,,
18,刘少椿,樵歌,CD第2册\33\刘少椿-樵歌.wav,已认可来源·同目录,keep,keep,明确评分,,
19,刘少椿,良宵引,CD第2册\33\刘少椿-良宵引.wav,已认可来源·同目录,keep,keep,明确评分,,
20,刘少椿,酒狂,CD第2册\33\刘少椿-酒狂.wav,已认可来源·同目录,keep,keep,明确评分,,
21,刘少椿,龙翔操,CD第2册\33\刘少椿-龙翔操.wav,已认可来源·同目录,keep,keep,明确评分,,
22,刘景韶,关山月,CD第2册\35\刘景韶-关山月.wav,已认可来源·同目录,keep,keep,明确评分,,
23,刘景韶,平沙落雁1,CD第2册\35\刘景韶-平沙落雁1.wav,已认可来源·同目录,keep,keep,明确评分,,
24,刘景韶,平沙落雁2,CD第2册\35\刘景韶-平沙落雁2.wav,已认可来源·同目录,keep,keep,明确评分,,
25,刘景韶,归去来辞,CD第2册\35\刘景韶-归去来辞.wav,已认可来源·同目录,keep,keep,明确评分,,
26,刘景韶,捣衣,CD第2册\35\刘景韶-捣衣.wav,已认可来源·同目录,keep,keep,明确评分,,
27,刘景韶,搔首问天1,CD第2册\35\刘景韶-搔首问天1.wav,已认可来源·同目录,keep,keep,明确评分,,
28,刘景韶,搔首问天2,CD第2册\35\刘景韶-搔首问天2.wav,已认可来源·同目录,keep,keep,明确评分,,
29,刘景韶,樵歌,CD第2册\35\刘景韶-樵歌.wav,已认可来源·同目录,keep,keep,明确评分,,
30,刘景韶,玉楼春晓,CD第2册\35\刘景韶-玉楼春晓.wav,已认可来源·同目录,,keep,用户指定：1–400 待判断均可用,,
31,刘景韶,秋风词,CD第2册\35\刘景韶-秋风词.wav,已认可来源·同目录,,keep,用户指定：1–400 待判断均可用,,
32,刘景韶,长门怨1,CD第2册\35\刘景韶-长门怨1.wav,已认可来源·同目录,,keep,用户指定：1–400 待判断均可用,,
33,刘景韶,长门怨2,CD第2册\35\刘景韶-长门怨2.wav,已认可来源·同目录,,keep,用户指定：1–400 待判断均可用,,
34,卢家炳,午夜焚修,CD第1册\CD03\卢家炳-午夜焚修.wav,已认可来源·同目录,keep,keep,明确评分,,
35,卢家炳,孤鸿,CD第1册\CD03\卢家炳-孤鸿.wav,已认可来源·同目录,keep,keep,明确评分,,
36,卢家炳,平沙落雁1,CD第1册\CD03\卢家炳-平沙落雁1.wav,已认可来源·同目录,keep,keep,明确评分,,
37,卢家炳,平沙落雁2,CD第1册\CD03\卢家炳-平沙落雁2.wav,已认可来源·同目录,keep,keep,明确评分,,
38,卢家炳,归去来辞,CD第1册\CD03\卢家炳-归去来辞.wav,已认可来源·同目录,keep,keep,明确评分,,
39,卢家炳,月下吟,CD第1册\CD03\卢家炳-月下吟.wav,已认可来源·同目录,keep,keep,明确评分,,
40,卢家炳,水仙操1,CD第1册\CD03\卢家炳-水仙操1.wav,已认可来源·同目录,reject,reject,明确评分,,
41,卢家炳,水仙操2,CD第1册\CD03\卢家炳-水仙操2.wav,已认可来源·同目录,reject,reject,明确评分,,
42,卢家炳,碧云深,CD第1册\CD03\卢家炳-碧云深.wav,已认可来源·同目录,keep,keep,明确评分,,
43,卢家炳,释谈章,CD第1册\CD03\卢家炳-释谈章.wav,已认可来源·同目录,reject,reject,明确评分,,
44,卫仲乐,平沙落雁,CD第3册\49\卫仲乐-平沙落雁.wav,已认可来源·同目录,keep,keep,明确评分,,
45,卫仲乐,普庵咒,CD第3册\49\卫仲乐-普庵咒.wav,已认可来源·同目录,keep,keep,明确评分,,
46,卫仲乐,梅花三弄1,CD第3册\49\卫仲乐-梅花三弄1.wav,已认可来源·同目录,,keep,用户指定：1–400 待判断均可用,,
47,卫仲乐,梅花三弄2,CD第3册\49\卫仲乐-梅花三弄2.wav,已认可来源·同目录,,keep,用户指定：1–400 待判断均可用,,
48,卫仲乐,流水,CD第3册\49\卫仲乐-流水.wav,已认可来源·同目录,,keep,用户指定：1–400 待判断均可用,,
49,卫仲乐,流水-残,CD第3册\49\卫仲乐-流水-残.wav,已认可来源·同目录,,keep,用户指定：1–400 待判断均可用,,
50,卫仲乐,醉渔唱晚1,CD第3册\49\卫仲乐-醉渔唱晚1.wav,已认可来源·同目录,,keep,用户指定：1–400 待判断均可用,,
51,卫仲乐,醉渔唱晚2,CD第3册\49\卫仲乐-醉渔唱晚2.wav,已认可来源·同目录,,keep,用户指定：1–400 待判断均可用,,
52,卫仲乐,醉渔唱晚3,CD第3册\49\卫仲乐-醉渔唱晚3.wav,已认可来源·同目录,,keep,用户指定：1–400 待判断均可用,,
53,卫仲乐,醉渔唱晚4,CD第3册\49\卫仲乐-醉渔唱晚4.wav,已认可来源·同目录,reject,reject,明确评分,,
54,卫仲乐,长门怨,CD第3册\49\卫仲乐-长门怨.wav,已认可来源·同目录,,keep,用户指定：1–400 待判断均可用,,
55,卫仲乐,阳关三叠1,CD第3册\49\卫仲乐-阳关三叠1.wav,已认可来源·同目录,reject,reject,明确评分,,
56,卫仲乐,阳关三叠2,CD第3册\49\卫仲乐-阳关三叠2.wav,已认可来源·同目录,reject,reject,明确评分,,
57,吴兆基,平沙落雁1,CD第3册\51\吴兆基-平沙落雁1.wav,已认可来源·同目录,,keep,用户指定：1–400 待判断均可用,,
58,吴兆基,平沙落雁2,CD第3册\51\吴兆基-平沙落雁2.wav,已认可来源·同目录,,keep,用户指定：1–400 待判断均可用,,
59,吴兆基,普庵咒1,CD第3册\51\吴兆基-普庵咒1.wav,已认可来源·同目录,reject,reject,明确评分,,
60,吴兆基,普庵咒2,CD第3册\51\吴兆基-普庵咒2.wav,已认可来源·同目录,reject,reject,明确评分,,
61,吴兆基,石上流泉1,CD第3册\51\吴兆基-石上流泉1.wav,已认可来源·同目录,,keep,用户指定：1–400 待判断均可用,,
62,吴兆基,石上流泉2,CD第3册\51\吴兆基-石上流泉2.wav,已认可来源·同目录,,keep,用户指定：1–400 待判断均可用,,
63,吴兆基,秋塞吟1,CD第3册\51\吴兆基-秋塞吟1.wav,已认可来源·同目录,,keep,用户指定：1–400 待判断均可用,,
64,吴兆基,秋塞吟2,CD第3册\51\吴兆基-秋塞吟2.wav,已认可来源·同目录,,keep,用户指定：1–400 待判断均可用,,
65,吴兆基,秋塞吟3,CD第3册\51\吴兆基-秋塞吟3.wav,已认可来源·同目录,,keep,用户指定：1–400 待判断均可用,,
66,吴兆奇,白雪,CD第4册\64\吴兆奇-白雪.wav,已认可来源·同目录,,keep,用户指定：1–400 待判断均可用,,
67,吴兆奇,阳春,CD第4册\64\吴兆奇-阳春.wav,已认可来源·同目录,,keep,用户指定：1–400 待判断均可用,,
68,吴景略,忆故人,CD第3册\45\吴景略-忆故人.wav,已认可来源·同目录,reject,reject,明确评分,,
69,吴景略,普庵咒,CD第3册\45\吴景略-普庵咒.wav,已认可来源·同目录,,keep,用户指定：1–400 待判断均可用,,
70,吴景略,梧叶舞秋风,CD第3册\45\吴景略-梧叶舞秋风.wav,已认可来源·同目录,reject,reject,明确评分,,
71,吴景略,渔樵问答,CD第3册\45\吴景略-渔樵问答.wav,已认可来源·同目录,reject,reject,明确评分,,
72,吴景略,潇湘水云,CD第3册\45\吴景略-潇湘水云.wav,已认可来源·同目录,reject,reject,明确评分,,
73,吴景略,离骚,CD第3册\45\吴景略-离骚.wav,已认可来源·同目录,reject,reject,明确评分,,
74,吴景略,阳关三叠,CD第3册\45\吴景略-阳关三叠.wav,已认可来源·同目录,reject,reject,明确评分,,
75,周吉荪,平沙落雁,CD第2册\34\周吉荪-平沙落雁.wav,已认可来源·同目录,,keep,用户指定：1–400 待判断均可用,,
76,周吉荪,潇湘水云,CD第2册\34\周吉荪-潇湘水云.wav,已认可来源·同目录,,keep,用户指定：1–400 待判断均可用,,
77,周吉荪,良宵引,CD第2册\34\周吉荪-良宵引.wav,已认可来源·同目录,,keep,用户指定：1–400 待判断均可用,,
78,喻绍泽,佩兰1,CD第2册\37\喻绍泽-佩兰1.wav,已认可来源·同目录,,keep,用户指定：1–400 待判断均可用,,
79,喻绍泽,佩兰2,CD第2册\37\喻绍泽-佩兰2.wav,已认可来源·同目录,,keep,用户指定：1–400 待判断均可用,,
80,喻绍泽,平沙落雁,CD第2册\37\喻绍泽-平沙落雁.wav,已认可来源·同目录,,keep,用户指定：1–400 待判断均可用,,
81,喻绍泽,普庵咒,CD第2册\37\喻绍泽-普庵咒.wav,已认可来源·同目录,,keep,用户指定：1–400 待判断均可用,,
82,喻绍泽,梅花三弄,CD第2册\37\喻绍泽-梅花三弄.wav,已认可来源·同目录,,keep,用户指定：1–400 待判断均可用,,
83,喻绍泽,秋鸿,CD第2册\37\喻绍泽-秋鸿.wav,已认可来源·同目录,,keep,用户指定：1–400 待判断均可用,,
84,夏一峰,平沙落雁,CD第1册\CD02\夏一峰-平沙落雁.wav,已认可来源·同目录,,keep,用户指定：1–400 待判断均可用,,
85,夏一峰,渔歌,CD第1册\CD02\夏一峰-渔歌.wav,已认可来源·同目录,reject,reject,明确评分,,
86,夏一峰,秋塞吟,CD第1册\CD02\夏一峰-秋塞吟.wav,已认可来源·同目录,,keep,用户指定：1–400 待判断均可用,,
87,夏一峰,良宵引,CD第1册\CD02\夏一峰-良宵引.wav,已认可来源·同目录,,keep,用户指定：1–400 待判断均可用,,
88,夏一峰,阳关三叠,CD第1册\CD02\夏一峰-阳关三叠.wav,已认可来源·同目录,reject,reject,明确评分,,
89,夏一峰,静观吟1,CD第1册\CD02\夏一峰-静观吟1.wav,已认可来源·同目录,,keep,用户指定：1–400 待判断均可用,,
90,夏一峰,静观吟2,CD第1册\CD02\夏一峰-静观吟2.wav,已认可来源·同目录,,keep,用户指定：1–400 待判断均可用,,
91,夏一峰,风雷引,CD第1册\CD02\夏一峰-风雷引.wav,已认可来源·同目录,reject,reject,明确评分,,
92,夏莲居,春山听杜鹃,CD第1册\CD04\夏莲居-春山听杜鹃.wav,已认可来源·同目录,,keep,用户指定：1–400 待判断均可用,,
93,夏莲居,秋江夜泊,CD第1册\CD04\夏莲居-秋江夜泊.wav,已认可来源·同目录,,keep,用户指定：1–400 待判断均可用,,
94,夏莲居,长安一片月,CD第1册\CD04\夏莲居-长安一片月.wav,已认可来源·同目录,keep,keep,明确评分,,
95,夏莲居,风入松,CD第1册\CD04\夏莲居-风入松.wav,已认可来源·同目录,,keep,用户指定：1–400 待判断均可用,,
96,姚丙炎,华胥引1,CD第4册\67\姚丙炎-华胥引1.wav,已认可来源·同目录,,keep,用户指定：1–400 待判断均可用,,
97,姚丙炎,华胥引2,CD第4册\67\姚丙炎-华胥引2.wav,已认可来源·同目录,reject,reject,明确评分,,
98,姚丙炎,明君,CD第4册\67\姚丙炎-明君.wav,已认可来源·同目录,reject,reject,明确评分,,
99,姚丙炎,胡笳十八拍1,CD第4册\67\姚丙炎-胡笳十八拍1.wav,已认可来源·同目录,,keep,用户指定：1–400 待判断均可用,,
100,姚丙炎,胡笳十八拍2,CD第4册\67\姚丙炎-胡笳十八拍2.wav,已认可来源·同目录,,keep,用户指定：1–400 待判断均可用,,
101,姚丙炎,酒狂1,CD第4册\67\姚丙炎-酒狂1.wav,已认可来源·同目录,reject,reject,明确评分,,
102,姚丙炎,酒狂2,CD第4册\67\姚丙炎-酒狂2.wav,已认可来源·同目录,,keep,用户指定：1–400 待判断均可用,,
103,姚丙炎,酒狂3,CD第4册\67\姚丙炎-酒狂3.wav,已认可来源·同目录,,keep,用户指定：1–400 待判断均可用,,
104,姚丙炎,酒狂4,CD第4册\67\姚丙炎-酒狂4.wav,已认可来源·同目录,reject,reject,明确评分,,
105,孙毓芹,乌夜啼,CD第4册\59\孙毓芹-乌夜啼.wav,已认可来源·同目录,reject,reject,明确评分,,
106,孙毓芹,凤求凰,CD第4册\59\孙毓芹-凤求凰.wav,已认可来源·同目录,reject,reject,明确评分,,
107,孙毓芹,太古引,CD第4册\59\孙毓芹-太古引.wav,已认可来源·同目录,,keep,用户指定：1–400 待判断均可用,,
108,孙毓芹,归去来辞,CD第4册\59\孙毓芹-归去来辞.wav,已认可来源·同目录,,keep,用户指定：1–400 待判断均可用,,
109,孙毓芹,梅花三弄,CD第4册\59\孙毓芹-梅花三弄.wav,已认可来源·同目录,,keep,用户指定：1–400 待判断均可用,,
110,孙毓芹,梧叶舞秋风1,CD第4册\59\孙毓芹-梧叶舞秋风1.wav,已认可来源·同目录,keep,keep,明确评分,,
111,孙毓芹,梧叶舞秋风2,CD第4册\59\孙毓芹-梧叶舞秋风2.wav,已认可来源·同目录,,keep,用户指定：1–400 待判断均可用,,
112,孙毓芹,欸乃-残,CD第4册\59\孙毓芹-欸乃-残.wav,已认可来源·同目录,,keep,用户指定：1–400 待判断均可用,,
113,孙毓芹,湘江怨,CD第4册\59\孙毓芹-湘江怨.wav,已认可来源·同目录,,keep,用户指定：1–400 待判断均可用,,
114,徐元白,墨子悲丝,CD第1册\CD09\徐元白-墨子悲丝.wav,已认可来源·同目录,,keep,用户指定：1–400 待判断均可用,,
115,徐元白,普庵咒,CD第1册\CD09\徐元白-普庵咒.wav,已认可来源·同目录,reject,reject,明确评分,,
116,徐元白,西泠话雨,CD第1册\CD09\徐元白-西泠话雨.wav,已认可来源·同目录,,keep,用户指定：1–400 待判断均可用,,
117,徐元白,高山,CD第1册\CD09\徐元白-高山.wav,已认可来源·同目录,,keep,用户指定：1–400 待判断均可用,,
118,徐元白,鸥鹭忘机,CD第1册\CD09\徐元白-鸥鹭忘机.wav,已认可来源·同目录,,keep,用户指定：1–400 待判断均可用,,
119,徐立孙,公社之春,CD第2册\20\徐立孙-公社之春.wav,已认可来源·同目录,,keep,用户指定：1–400 待判断均可用,,
120,徐立孙,捣衣1,CD第2册\20\徐立孙-捣衣1.wav,已认可来源·同目录,,keep,用户指定：1–400 待判断均可用,,
121,徐立孙,捣衣2,CD第2册\20\徐立孙-捣衣2.wav,已认可来源·同目录,,keep,用户指定：1–400 待判断均可用,,
122,徐立孙,捣衣3,CD第2册\20\徐立孙-捣衣3.wav,已认可来源·同目录,,keep,用户指定：1–400 待判断均可用,,
123,徐立孙,长门怨1,CD第2册\20\徐立孙-长门怨1.wav,已认可来源·同目录,,keep,用户指定：1–400 待判断均可用,,
124,徐立孙,长门怨2,CD第2册\20\徐立孙-长门怨2.wav,已认可来源·同目录,,keep,用户指定：1–400 待判断均可用,,
125,徐立孙,长门怨3,CD第2册\20\徐立孙-长门怨3.wav,已认可来源·同目录,,keep,用户指定：1–400 待判断均可用,,
126,徐立孙,风雷引,CD第2册\20\徐立孙-风雷引.wav,已认可来源·同目录,,keep,用户指定：1–400 待判断均可用,,
127,朱惜辰,挟仙游,CD第4册\74\朱惜辰-挟仙游.wav,已认可来源·同目录,,keep,用户指定：1–400 待判断均可用,,
128,朱惜辰,搔首问天,CD第4册\74\朱惜辰-搔首问天.wav,已认可来源·同目录,,keep,用户指定：1–400 待判断均可用,,
129,朱惜辰,秋江夜泊,CD第4册\74\朱惜辰-秋江夜泊.wav,已认可来源·同目录,,keep,用户指定：1–400 待判断均可用,,
130,朱惜辰,风雷引,CD第4册\74\朱惜辰-风雷引.wav,已认可来源·同目录,,keep,用户指定：1–400 待判断均可用,,
131,杨清如,古寺钟声,CD第3册\56\杨清如-古寺钟声.wav,已认可来源·同目录,reject,reject,明确评分,,
132,杨清如,平沙落雁,CD第3册\56\杨清如-平沙落雁.wav,已认可来源·同目录,reject,reject,明确评分,,
133,杨清如,慨古吟,CD第3册\56\杨清如-慨古吟.wav,已认可来源·同目录,reject,reject,明确评分,,
134,杨清如,醉渔唱晚,CD第3册\56\杨清如-醉渔唱晚.wav,已认可来源·同目录,reject,reject,明确评分,,
135,杨清如,阳关三叠1,CD第3册\56\杨清如-阳关三叠1.wav,已认可来源·同目录,reject,reject,明确评分,,
136,杨清如,阳关三叠2,CD第3册\56\杨清如-阳关三叠2.wav,已认可来源·同目录,reject,reject,明确评分,,
137,杨清如,阳关三叠3,CD第3册\56\杨清如-阳关三叠3.wav,已认可来源·同目录,reject,reject,明确评分,,
138,杨葆元,伐檀,CD第2册\26\杨葆元-伐檀.wav,已认可来源·同目录,,keep,用户指定：1–400 待判断均可用,,
139,杨葆元,平沙落雁,CD第2册\26\杨葆元-平沙落雁.wav,已认可来源·同目录,,keep,用户指定：1–400 待判断均可用,,
140,杨葆元,归去来辞,CD第2册\26\杨葆元-归去来辞.wav,已认可来源·同目录,,keep,用户指定：1–400 待判断均可用,,
141,杨葆元,梅花三弄,CD第2册\26\杨葆元-梅花三弄.wav,已认可来源·同目录,,keep,用户指定：1–400 待判断均可用,,
142,杨葆元,流水,CD第2册\26\杨葆元-流水.wav,已认可来源·同目录,,keep,用户指定：1–400 待判断均可用,,
143,杨葆元,秋鸿,CD第2册\26\杨葆元-秋鸿.wav,已认可来源·同目录,,keep,用户指定：1–400 待判断均可用,,
144,杨葆元,鹿鸣操,CD第2册\26\杨葆元-鹿鸣操.wav,已认可来源·同目录,,keep,用户指定：1–400 待判断均可用,,
145,查阜西,-渔歌,CD第1册\CD12\查阜西--渔歌.wav,已认可来源·同目录,,keep,用户指定：1–400 待判断均可用,,
146,查阜西,忆故人,CD第1册\CD12\查阜西-忆故人.wav,已认可来源·同目录,,keep,用户指定：1–400 待判断均可用,,
147,查阜西,潇湘水云1,CD第1册\CD12\查阜西-潇湘水云1.wav,已认可来源·同目录,reject,reject,明确评分,,
148,查阜西,潇湘水云2,CD第1册\CD12\查阜西-潇湘水云2.wav,已认可来源·同目录,,keep,用户指定：1–400 待判断均可用,,
149,查阜西,醉渔唱晚,CD第1册\CD12\查阜西-醉渔唱晚.wav,已认可来源·同目录,,keep,用户指定：1–400 待判断均可用,,
150,查阜西,阳关三叠,CD第1册\CD12\查阜西-阳关三叠.wav,已认可来源·同目录,,keep,用户指定：1–400 待判断均可用,,
151,根如,平沙落雁,CD第1册\CD05\根如-平沙落雁.wav,已认可来源·同目录,,keep,用户指定：1–400 待判断均可用,,
152,梁在平,梅花三弄-残,CD第3册\54\梁在平-梅花三弄-残.wav,已认可来源·同目录,reject,reject,明确评分,,
153,毓邻初,风雷引,CD第4册\74\毓邻初-风雷引.wav,已认可来源·同目录,,keep,用户指定：1–400 待判断均可用,,
154,汪孟舒,广寒秋,CD第1册\CD05\汪孟舒-广寒秋.wav,已认可来源·同目录,,keep,用户指定：1–400 待判断均可用,,
155,汪孟舒,清夜吟,CD第1册\CD05\汪孟舒-清夜吟.wav,已认可来源·同目录,,keep,用户指定：1–400 待判断均可用,,
156,汪振华,归去来辞,CD第4册\61\汪振华-归去来辞.wav,已认可来源·同目录,,keep,用户指定：1–400 待判断均可用,,
157,汪振华,渔樵问答1,CD第4册\61\汪振华-渔樵问答1.wav,已认可来源·同目录,,keep,用户指定：1–400 待判断均可用,,
158,汪振华,渔樵问答2,CD第4册\61\汪振华-渔樵问答2.wav,已认可来源·同目录,,keep,用户指定：1–400 待判断均可用,,
159,沈草农,平沙落雁,CD第1册\CD08\沈草农-平沙落雁.wav,已认可来源·同目录,,keep,用户指定：1–400 待判断均可用,,
160,沈草农,渔樵问答,CD第1册\CD08\沈草农-渔樵问答.wav,已认可来源·同目录,,keep,用户指定：1–400 待判断均可用,,
161,沈草农,秋塞,CD第1册\CD08\沈草农-秋塞.wav,已认可来源·同目录,,keep,用户指定：1–400 待判断均可用,,
162,溥雪斋,普庵咒,CD第1册\CD08\溥雪斋-普庵咒.wav,已认可来源·同目录,,keep,用户指定：1–400 待判断均可用,,
163,溥雪斋,梅花三弄1,CD第1册\CD08\溥雪斋-梅花三弄1.wav,已认可来源·同目录,,keep,用户指定：1–400 待判断均可用,,
164,溥雪斋,梅花三弄2,CD第1册\CD08\溥雪斋-梅花三弄2.wav,已认可来源·同目录,,keep,用户指定：1–400 待判断均可用,,
165,溥雪斋,良宵引,CD第1册\CD08\溥雪斋-良宵引.wav,已认可来源·同目录,,keep,用户指定：1–400 待判断均可用,,
166,溥雪斋,酒狂,CD第1册\CD08\溥雪斋-酒狂.wav,已认可来源·同目录,keep,keep,明确评分,,
167,溥雪斋,鸥鹭忘机,CD第1册\CD08\溥雪斋-鸥鹭忘机.wav,已认可来源·同目录,keep,keep,明确评分,,
168,王生香,中秋月,CD第2册\34\王生香-中秋月.wav,已认可来源·同目录,reject,reject,明确评分,,
169,王生香,古交行,CD第2册\34\王生香-古交行.wav,已认可来源·同目录,keep,keep,明确评分,,
170,王生香,平沙落雁,CD第2册\34\王生香-平沙落雁.wav,已认可来源·同目录,,keep,用户指定：1–400 待判断均可用,,
171,王生香,酒狂,CD第2册\34\王生香-酒狂.wav,已认可来源·同目录,,keep,用户指定：1–400 待判断均可用,,
172,王生香,长门怨,CD第2册\34\王生香-长门怨.wav,已认可来源·同目录,,keep,用户指定：1–400 待判断均可用,,
173,程午嘉,关山月,CD第2册\34\程午嘉-关山月.wav,已认可来源·同目录,,keep,用户指定：1–400 待判断均可用,,
174,程午嘉,平沙落雁,CD第2册\34\程午嘉-平沙落雁.wav,已认可来源·同目录,,keep,用户指定：1–400 待判断均可用,,
175,程午嘉,玉楼春晓,CD第2册\34\程午嘉-玉楼春晓.wav,已认可来源·同目录,,keep,用户指定：1–400 待判断均可用,,
176,程午嘉,秋江夜泊,CD第2册\34\程午嘉-秋江夜泊.wav,已认可来源·同目录,,keep,用户指定：1–400 待判断均可用,,
177,程午嘉,长门怨,CD第2册\34\程午嘉-长门怨.wav,已认可来源·同目录,,keep,用户指定：1–400 待判断均可用,,
178,程午嘉,风雷引,CD第2册\34\程午嘉-风雷引.wav,已认可来源·同目录,,keep,用户指定：1–400 待判断均可用,,
179,管平湖,乌夜啼,CD第1册\CD19\管平湖-乌夜啼.wav,已认可来源·同目录,,keep,用户指定：1–400 待判断均可用,,
180,管平湖,四大景,CD第1册\CD19\管平湖-四大景.wav,已认可来源·同目录,reject,reject,明确评分,,
181,管平湖,天风环珮1,CD第1册\CD19\管平湖-天风环珮1.wav,已认可来源·同目录,,keep,用户指定：1–400 待判断均可用,,
182,管平湖,天风环珮2,CD第1册\CD19\管平湖-天风环珮2.wav,已认可来源·同目录,,keep,用户指定：1–400 待判断均可用,,
183,管平湖,幽兰1,CD第1册\CD19\管平湖-幽兰1.wav,已认可来源·同目录,,keep,用户指定：1–400 待判断均可用,,
184,管平湖,幽兰2,CD第1册\CD19\管平湖-幽兰2.wav,已认可来源·同目录,,keep,用户指定：1–400 待判断均可用,,
185,管平湖,幽兰3,CD第1册\CD19\管平湖-幽兰3.wav,已认可来源·同目录,,keep,用户指定：1–400 待判断均可用,,
186,管平湖,潇湘水云,CD第1册\CD19\管平湖-潇湘水云.wav,已认可来源·同目录,,keep,用户指定：1–400 待判断均可用,,
187,管平湖,阳关三叠,CD第1册\CD19\管平湖-阳关三叠.wav,已认可来源·同目录,,keep,用户指定：1–400 待判断均可用,,
188,管平湖,阳春,CD第1册\CD19\管平湖-阳春.wav,已认可来源·同目录,reject,reject,明确评分,,
189,翁瘦苍,平沙落雁,CD第4册\61\翁瘦苍-平沙落雁.wav,已认可来源·同目录,,keep,用户指定：1–400 待判断均可用,,
190,翁瘦苍,高山,CD第4册\61\翁瘦苍-高山.wav,已认可来源·同目录,,keep,用户指定：1–400 待判断均可用,,
191,胡兰,普庵咒,CD第3册\55\胡兰-普庵咒.wav,已认可来源·同目录,,keep,用户指定：1–400 待判断均可用,,
192,胡斗东,平沙落雁-残,CD第3册\54\胡斗东-平沙落雁-残.wav,已认可来源·同目录,,keep,用户指定：1–400 待判断均可用,,
193,莫尚德,忆故人,CD第3册\56\莫尚德-忆故人.wav,已认可来源·同目录,,keep,用户指定：1–400 待判断均可用,,
194,许光毅,关山月,CD第3册\55\许光毅-关山月.wav,已认可来源·同目录,,keep,用户指定：1–400 待判断均可用,,
195,许光毅,凤求凰,CD第3册\55\许光毅-凤求凰.wav,已认可来源·同目录,reject,reject,明确评分,,
196,许光毅,古琴吟,CD第3册\55\许光毅-古琴吟.wav,已认可来源·同目录,,keep,用户指定：1–400 待判断均可用,,
197,许光毅,平沙落雁,CD第3册\55\许光毅-平沙落雁.wav,已认可来源·同目录,,keep,用户指定：1–400 待判断均可用,,
198,许光毅,梅花三弄1,CD第3册\55\许光毅-梅花三弄1.wav,已认可来源·同目录,,keep,用户指定：1–400 待判断均可用,,
199,许光毅,梅花三弄2,CD第3册\55\许光毅-梅花三弄2.wav,已认可来源·同目录,,keep,用户指定：1–400 待判断均可用,,
200,许光毅,醉渔唱晚,CD第3册\55\许光毅-醉渔唱晚.wav,已认可来源·同目录,,keep,用户指定：1–400 待判断均可用,,
201,许光毅,阳关三叠,CD第3册\55\许光毅-阳关三叠.wav,已认可来源·同目录,,keep,用户指定：1–400 待判断均可用,,
202,邓文权,平沙落雁,CD第4册\72\邓文权-平沙落雁.wav,已认可来源·同目录,,keep,用户指定：1–400 待判断均可用,,
203,邓文权,忆故人,CD第4册\72\邓文权-忆故人.wav,已认可来源·同目录,,keep,用户指定：1–400 待判断均可用,,
204,邓文权,渔樵问答,CD第4册\72\邓文权-渔樵问答.wav,已认可来源·同目录,,keep,用户指定：1–400 待判断均可用,,
205,邓文权,秋风词,CD第4册\72\邓文权-秋风词.wav,已认可来源·同目录,,keep,用户指定：1–400 待判断均可用,,
206,邓文权,良宵引,CD第4册\72\邓文权-良宵引.wav,已认可来源·同目录,,keep,用户指定：1–400 待判断均可用,,
207,邓文权,醉渔唱晚,CD第4册\72\邓文权-醉渔唱晚.wav,已认可来源·同目录,,keep,用户指定：1–400 待判断均可用,,
208,邓文权,静观吟,CD第4册\72\邓文权-静观吟.wav,已认可来源·同目录,,keep,用户指定：1–400 待判断均可用,,
209,陈天乐,四大景,CD第4册\62\陈天乐-四大景.wav,已认可来源·同目录,,keep,用户指定：1–400 待判断均可用,,
210,陈心园,凤求凰,CD第3册\48\陈心园-凤求凰.wav,已认可来源·同目录,,keep,用户指定：1–400 待判断均可用,,
211,陈心园,平沙落雁,CD第3册\48\陈心园-平沙落雁.wav,已认可来源·同目录,,keep,用户指定：1–400 待判断均可用,,
212,陈心园,搔首问天,CD第3册\48\陈心园-搔首问天.wav,已认可来源·同目录,,keep,用户指定：1–400 待判断均可用,,
213,陈心园,玉楼春晓,CD第3册\48\陈心园-玉楼春晓.wav,已认可来源·同目录,,keep,用户指定：1–400 待判断均可用,,
214,陈心园,秋江夜泊,CD第3册\48\陈心园-秋江夜泊.wav,已认可来源·同目录,,keep,用户指定：1–400 待判断均可用,,
215,陈心园,秋风词,CD第3册\48\陈心园-秋风词.wav,已认可来源·同目录,,keep,用户指定：1–400 待判断均可用,,
216,陈心园,长门怨,CD第3册\48\陈心园-长门怨.wav,已认可来源·同目录,,keep,用户指定：1–400 待判断均可用,,
217,陈心园,风雷引,CD第3册\48\陈心园-风雷引.wav,已认可来源·同目录,,keep,用户指定：1–400 待判断均可用,,
218,陈蕾士,乌夜啼,CD第4册\61\陈蕾士-乌夜啼.wav,已认可来源·同目录,,keep,用户指定：1–400 待判断均可用,,
219,陈阅聪,平沙落雁,CD第4册\62\陈阅聪-平沙落雁.wav,已认可来源·同目录,,keep,用户指定：1–400 待判断均可用,,
220,陈阅聪,归去来辞,CD第4册\62\陈阅聪-归去来辞.wav,已认可来源·同目录,,keep,用户指定：1–400 待判断均可用,,
221,陈阅聪,捣衣,CD第4册\62\陈阅聪-捣衣.wav,已认可来源·同目录,,keep,用户指定：1–400 待判断均可用,,
222,陈阅聪,长门怨,CD第4册\62\陈阅聪-长门怨.wav,已认可来源·同目录,,keep,用户指定：1–400 待判断均可用,,
223,陈阅聪,阳关三叠,CD第4册\62\陈阅聪-阳关三叠.wav,已认可来源·同目录,,keep,用户指定：1–400 待判断均可用,,
224,顾梅羹,墨子悲丝,CD第2册\24\顾梅羹-墨子悲丝.wav,已认可来源·同目录,,keep,用户指定：1–400 待判断均可用,,
225,顾梅羹,平沙落雁1,CD第2册\24\顾梅羹-平沙落雁1.wav,已认可来源·同目录,,keep,用户指定：1–400 待判断均可用,,
226,顾梅羹,平沙落雁2,CD第2册\24\顾梅羹-平沙落雁2.wav,已认可来源·同目录,,keep,用户指定：1–400 待判断均可用,,
227,顾梅羹,平沙落雁3,CD第2册\24\顾梅羹-平沙落雁3.wav,已认可来源·同目录,,keep,用户指定：1–400 待判断均可用,,
228,顾梅羹,普庵咒,CD第2册\24\顾梅羹-普庵咒.wav,已认可来源·同目录,,keep,用户指定：1–400 待判断均可用,,
229,顾梅羹,梅花三弄1,CD第2册\24\顾梅羹-梅花三弄1.wav,已认可来源·同目录,,keep,用户指定：1–400 待判断均可用,,
230,顾梅羹,梅花三弄2,CD第2册\24\顾梅羹-梅花三弄2.wav,已认可来源·同目录,,keep,用户指定：1–400 待判断均可用,,
231,高仲钧,广寒游,CD第4册\64\高仲钧-广寒游.wav,已认可来源·同目录,,keep,用户指定：1–400 待判断均可用,,
232,高松如,平沙落雁,CD第2册\32\高松如-平沙落雁.wav,已认可来源·同目录,reject,reject,明确评分,,
233,高松如,归去来辞,CD第2册\32\高松如-归去来辞.wav,已认可来源·同目录,reject,reject,明确评分,,
234,高松如,梧叶舞秋风,CD第2册\32\高松如-梧叶舞秋风.wav,已认可来源·同目录,reject,reject,明确评分,,
235,高松如,流水,CD第2册\32\高松如-流水.wav,已认可来源·同目录,reject,reject,明确评分,,
236,高松如,渔樵问答,CD第2册\32\高松如-渔樵问答.wav,已认可来源·同目录,,keep,用户指定：1–400 待判断均可用,,
237,高松如,秋江夜泊,CD第2册\32\高松如-秋江夜泊.wav,已认可来源·同目录,reject,reject,明确评分,,
238,高松如,良宵引,CD第2册\32\高松如-良宵引.wav,已认可来源·同目录,reject,reject,明确评分,,
239,高松如,长门怨,CD第2册\32\高松如-长门怨.wav,已认可来源·同目录,reject,reject,明确评分,,
240,黄雪辉,忆故人,CD第2册\22\黄雪辉-忆故人.wav,已认可来源·同目录,,keep,用户指定：1–400 待判断均可用,,
241,黄雪辉,白雪,CD第2册\22\黄雪辉-白雪.wav,已认可来源·同目录,,keep,用户指定：1–400 待判断均可用,,
242,黄雪辉,秋江夜泊,CD第2册\22\黄雪辉-秋江夜泊.wav,已认可来源·同目录,,keep,用户指定：1–400 待判断均可用,,
243,龙琴舫,捣衣,CD第1册\CD05\龙琴舫-捣衣.wav,已认可来源·同目录,,keep,用户指定：1–400 待判断均可用,,
244,龙琴舫,观音咒,CD第1册\CD05\龙琴舫-观音咒.wav,已认可来源·同目录,reject,reject,明确评分,,
245,乐瑛,岳阳三醉,CD第3册\41\乐瑛-岳阳三醉.wav,已认可来源·其他目录,,keep,用户指定：1–400 待判断均可用,,
246,乐瑛,岳阳三醉-残,CD第3册\41\乐瑛-岳阳三醉-残.wav,已认可来源·其他目录,reject,reject,明确评分,,
247,乐瑛,渔樵问答1,CD第3册\41\乐瑛-渔樵问答1.wav,已认可来源·其他目录,,keep,用户指定：1–400 待判断均可用,,
248,乐瑛,渔樵问答2,CD第3册\41\乐瑛-渔樵问答2.wav,已认可来源·其他目录,reject,reject,明确评分,,
249,乐瑛,阳关三叠,CD第3册\41\乐瑛-阳关三叠.wav,已认可来源·其他目录,reject,reject,明确评分,,
250,乐瑛,韦编三绝1,CD第3册\41\乐瑛-韦编三绝1.wav,已认可来源·其他目录,,keep,用户指定：1–400 待判断均可用,,
251,乐瑛,韦编三绝2,CD第3册\41\乐瑛-韦编三绝2.wav,已认可来源·其他目录,reject,reject,明确评分,,
252,吴兆基,忆故人1,CD第3册\52\吴兆基-忆故人1.wav,已认可来源·其他目录,,keep,用户指定：1–400 待判断均可用,,
253,吴兆基,忆故人2,CD第3册\52\吴兆基-忆故人2.wav,已认可来源·其他目录,,keep,用户指定：1–400 待判断均可用,,
254,吴兆基,梅花三弄1,CD第3册\50\吴兆基-梅花三弄1.wav,已认可来源·其他目录,,keep,用户指定：1–400 待判断均可用,,
255,吴兆基,梅花三弄2,CD第3册\50\吴兆基-梅花三弄2.wav,已认可来源·其他目录,,keep,用户指定：1–400 待判断均可用,,
256,吴兆基,渔樵问答,CD第3册\53\吴兆基-渔樵问答.wav,已认可来源·其他目录,,keep,用户指定：1–400 待判断均可用,,
257,吴兆基,渔歌1,CD第3册\53\吴兆基-渔歌1.wav,已认可来源·其他目录,,keep,用户指定：1–400 待判断均可用,,
258,吴兆基,渔歌2,CD第3册\53\吴兆基-渔歌2.wav,已认可来源·其他目录,,keep,用户指定：1–400 待判断均可用,,
259,吴兆基,渔歌3,CD第3册\53\吴兆基-渔歌3.wav,已认可来源·其他目录,,keep,用户指定：1–400 待判断均可用,,
260,吴兆基,潇湘水云1,CD第3册\52\吴兆基-潇湘水云1.wav,已认可来源·其他目录,,keep,用户指定：1–400 待判断均可用,,
261,吴兆基,潇湘水云2,CD第3册\52\吴兆基-潇湘水云2.wav,已认可来源·其他目录,,keep,用户指定：1–400 待判断均可用,,
262,吴兆基,白雪,CD第3册\50\吴兆基-白雪.wav,已认可来源·其他目录,,keep,用户指定：1–400 待判断均可用,,
263,吴兆基,胡笳十八拍1,CD第3册\50\吴兆基-胡笳十八拍1.wav,已认可来源·其他目录,,keep,用户指定：1–400 待判断均可用,,
264,吴兆基,胡笳十八拍2,CD第3册\50\吴兆基-胡笳十八拍2.wav,已认可来源·其他目录,,keep,用户指定：1–400 待判断均可用,,
265,吴兆基,良宵引1,CD第3册\50\吴兆基-良宵引1.wav,已认可来源·其他目录,,keep,用户指定：1–400 待判断均可用,,
266,吴兆基,良宵引2,CD第3册\50\吴兆基-良宵引2.wav,已认可来源·其他目录,,keep,用户指定：1–400 待判断均可用,,
267,吴兆基,阳关三叠1,CD第3册\52\吴兆基-阳关三叠1.wav,已认可来源·其他目录,,keep,用户指定：1–400 待判断均可用,,
268,吴兆基,阳关三叠2,CD第3册\52\吴兆基-阳关三叠2.wav,已认可来源·其他目录,,keep,用户指定：1–400 待判断均可用,,
269,吴兆基,阳春,CD第3册\52\吴兆基-阳春.wav,已认可来源·其他目录,,keep,用户指定：1–400 待判断均可用,,
270,吴兆基,鸥鹭忘机1,CD第3册\50\吴兆基-鸥鹭忘机1.wav,已认可来源·其他目录,,keep,用户指定：1–400 待判断均可用,,
271,吴兆基,鸥鹭忘机2,CD第3册\50\吴兆基-鸥鹭忘机2.wav,已认可来源·其他目录,,keep,用户指定：1–400 待判断均可用,,
272,喻绍泽,关山月,CD第2册\36\喻绍泽-关山月.wav,已认可来源·其他目录,,keep,用户指定：1–400 待判断均可用,,
273,喻绍泽,幽兰,CD第2册\38\喻绍泽-幽兰.wav,已认可来源·其他目录,,keep,用户指定：1–400 待判断均可用,,
274,喻绍泽,春山听杜鹃1,CD第2册\36\喻绍泽-春山听杜鹃1.wav,已认可来源·其他目录,,keep,用户指定：1–400 待判断均可用,,
275,喻绍泽,春山听杜鹃2,CD第2册\36\喻绍泽-春山听杜鹃2.wav,已认可来源·其他目录,,keep,用户指定：1–400 待判断均可用,,
276,喻绍泽,桃李园序,CD第2册\38\喻绍泽-桃李园序.wav,已认可来源·其他目录,reject,reject,明确评分,,
277,喻绍泽,梧叶舞秋风,CD第2册\38\喻绍泽-梧叶舞秋风.wav,已认可来源·其他目录,reject,reject,明确评分,,
278,喻绍泽,欢乐的除夕,CD第2册\36\喻绍泽-欢乐的除夕.wav,已认可来源·其他目录,,keep,用户指定：1–400 待判断均可用,,
279,喻绍泽,流水1,CD第2册\36\喻绍泽-流水1.wav,已认可来源·其他目录,,keep,用户指定：1–400 待判断均可用,,
280,喻绍泽,流水2,CD第2册\36\喻绍泽-流水2.wav,已认可来源·其他目录,,keep,用户指定：1–400 待判断均可用,,
281,喻绍泽,秋水1,CD第2册\38\喻绍泽-秋水1.wav,已认可来源·其他目录,,keep,用户指定：1–400 待判断均可用,,
282,喻绍泽,秋水2,CD第2册\38\喻绍泽-秋水2.wav,已认可来源·其他目录,,keep,用户指定：1–400 待判断均可用,,
283,喻绍泽,胡笳十八拍,CD第2册\36\喻绍泽-胡笳十八拍.wav,已认可来源·其他目录,,keep,用户指定：1–400 待判断均可用,,
284,喻绍泽,跃进歌声1,CD第2册\38\喻绍泽-跃进歌声1.wav,已认可来源·其他目录,,keep,用户指定：1–400 待判断均可用,,
285,喻绍泽,跃进歌声2,CD第2册\38\喻绍泽-跃进歌声2.wav,已认可来源·其他目录,,keep,用户指定：1–400 待判断均可用,,
286,喻绍泽,酒狂,CD第2册\36\喻绍泽-酒狂.wav,已认可来源·其他目录,,keep,用户指定：1–400 待判断均可用,,
287,喻绍泽,醉渔晚唱1,CD第2册\38\喻绍泽-醉渔晚唱1.wav,已认可来源·其他目录,,keep,用户指定：1–400 待判断均可用,,
288,喻绍泽,醉渔晚唱2,CD第2册\38\喻绍泽-醉渔晚唱2.wav,已认可来源·其他目录,reject,reject,明确评分,,
289,喻绍泽,阳春,CD第2册\38\喻绍泽-阳春.wav,已认可来源·其他目录,reject,reject,明确评分,,
290,喻绍泽,高山1,CD第2册\36\喻绍泽-高山1.wav,已认可来源·其他目录,reject,reject,明确评分,,
291,喻绍泽,高山2,CD第2册\36\喻绍泽-高山2.wav,已认可来源·其他目录,,keep,用户指定：1–400 待判断均可用,,
292,姚丙炎,乌夜啼1,CD第4册\68\姚丙炎-乌夜啼1.wav,已认可来源·其他目录,reject,reject,明确评分,,
293,姚丙炎,乌夜啼2,CD第4册\68\姚丙炎-乌夜啼2.wav,已认可来源·其他目录,,keep,用户指定：1–400 待判断均可用,,
294,姚丙炎,古怨,CD第4册\66\姚丙炎-古怨.wav,已认可来源·其他目录,,keep,用户指定：1–400 待判断均可用,,
295,姚丙炎,古风操,CD第4册\66\姚丙炎-古风操.wav,已认可来源·其他目录,,keep,用户指定：1–400 待判断均可用,,
296,姚丙炎,大胡笳,CD第4册\65\姚丙炎-大胡笳.wav,已认可来源·其他目录,,keep,用户指定：1–400 待判断均可用,,
297,姚丙炎,孤馆遇神1,CD第4册\65\姚丙炎-孤馆遇神1.wav,已认可来源·其他目录,,keep,用户指定：1–400 待判断均可用,,
298,姚丙炎,孤馆遇神2,CD第4册\65\姚丙炎-孤馆遇神2.wav,已认可来源·其他目录,,keep,用户指定：1–400 待判断均可用,,
299,姚丙炎,孤馆遇神3,CD第4册\65\姚丙炎-孤馆遇神3.wav,已认可来源·其他目录,,keep,用户指定：1–400 待判断均可用,,
300,姚丙炎,小胡笳,CD第4册\69\姚丙炎-小胡笳.wav,已认可来源·其他目录,,keep,用户指定：1–400 待判断均可用,,
301,姚丙炎,屈原问渡,CD第4册\68\姚丙炎-屈原问渡.wav,已认可来源·其他目录,reject,reject,明确评分,,
302,姚丙炎,平沙落雁1,CD第4册\68\姚丙炎-平沙落雁1.wav,已认可来源·其他目录,,keep,用户指定：1–400 待判断均可用,,
303,姚丙炎,平沙落雁2,CD第4册\68\姚丙炎-平沙落雁2.wav,已认可来源·其他目录,reject,reject,明确评分,,
304,姚丙炎,幽兰,CD第4册\69\姚丙炎-幽兰.wav,已认可来源·其他目录,,keep,用户指定：1–400 待判断均可用,,
305,姚丙炎,广陵散,CD第4册\66\姚丙炎-广陵散.wav,已认可来源·其他目录,,keep,用户指定：1–400 待判断均可用,,
306,姚丙炎,忆故人-残,CD第4册\69\姚丙炎-忆故人-残.wav,已认可来源·其他目录,reject,reject,明确评分,,
307,姚丙炎,忘忧1,CD第4册\68\姚丙炎-忘忧1.wav,已认可来源·其他目录,reject,reject,明确评分,,
308,姚丙炎,忘忧2,CD第4册\68\姚丙炎-忘忧2.wav,已认可来源·其他目录,,keep,用户指定：1–400 待判断均可用,,
309,姚丙炎,楚歌1,CD第4册\65\姚丙炎-楚歌1.wav,已认可来源·其他目录,,keep,用户指定：1–400 待判断均可用,,
310,姚丙炎,楚歌2,CD第4册\65\姚丙炎-楚歌2.wav,已认可来源·其他目录,reject,reject,明确评分,,
311,姚丙炎,潇湘水云1,CD第4册\69\姚丙炎-潇湘水云1.wav,已认可来源·其他目录,,keep,用户指定：1–400 待判断均可用,,
312,姚丙炎,潇湘水云2,CD第4册\69\姚丙炎-潇湘水云2.wav,已认可来源·其他目录,,keep,用户指定：1–400 待判断均可用,,
313,姚丙炎,秋宵步月,CD第4册\68\姚丙炎-秋宵步月.wav,已认可来源·其他目录,,keep,用户指定：1–400 待判断均可用,,
314,姚丙炎,阳春,CD第4册\69\姚丙炎-阳春.wav,已认可来源·其他目录,,keep,用户指定：1–400 待判断均可用,,
315,姚丙炎,高山1,CD第4册\65\姚丙炎-高山1.wav,已认可来源·其他目录,,keep,用户指定：1–400 待判断均可用,,
316,姚丙炎,高山2,CD第4册\65\姚丙炎-高山2.wav,已认可来源·其他目录,,keep,用户指定：1–400 待判断均可用,,
317,姚丙炎,鸥鹭忘机,CD第4册\68\姚丙炎-鸥鹭忘机.wav,已认可来源·其他目录,,keep,用户指定：1–400 待判断均可用,,
318,孙毓芹,忆故人1,CD第4册\60\孙毓芹-忆故人1.wav,已认可来源·其他目录,,keep,用户指定：1–400 待判断均可用,,
319,孙毓芹,忆故人2,CD第4册\60\孙毓芹-忆故人2.wav,已认可来源·其他目录,,keep,用户指定：1–400 待判断均可用,,
320,孙毓芹,渔樵问答1,CD第4册\60\孙毓芹-渔樵问答1.wav,已认可来源·其他目录,,keep,用户指定：1–400 待判断均可用,,
321,孙毓芹,渔樵问答2,CD第4册\60\孙毓芹-渔樵问答2.wav,已认可来源·其他目录,,keep,用户指定：1–400 待判断均可用,,
322,孙毓芹,潇湘水云1,CD第4册\60\孙毓芹-潇湘水云1.wav,已认可来源·其他目录,,keep,用户指定：1–400 待判断均可用,,
323,孙毓芹,潇湘水云2,CD第4册\60\孙毓芹-潇湘水云2.wav,已认可来源·其他目录,,keep,用户指定：1–400 待判断均可用,,
324,孙毓芹,玉楼春晓1,CD第4册\60\孙毓芹-玉楼春晓1.wav,已认可来源·其他目录,,keep,用户指定：1–400 待判断均可用,,
325,孙毓芹,玉楼春晓2,CD第4册\60\孙毓芹-玉楼春晓2.wav,已认可来源·其他目录,,keep,用户指定：1–400 待判断均可用,,
326,孙毓芹,醉渔唱晚,CD第4册\60\孙毓芹-醉渔唱晚.wav,已认可来源·其他目录,reject,reject,明确评分,,
327,孙毓芹,醉渔晚唱,CD第4册\60\孙毓芹-醉渔晚唱.wav,已认可来源·其他目录,reject,reject,明确评分,,
328,孙毓芹,阳关三叠,CD第4册\60\孙毓芹-阳关三叠.wav,已认可来源·其他目录,reject,reject,明确评分,,
329,徐元白,渔樵问答1-残,CD第1册\CD10\徐元白-渔樵问答1-残.wav,已认可来源·其他目录,reject,reject,明确评分,,
330,徐元白,渔樵问答2,CD第1册\CD10\徐元白-渔樵问答2.wav,已认可来源·其他目录,,keep,用户指定：1–400 待判断均可用,,
331,徐元白,渔歌,CD第1册\CD10\徐元白-渔歌.wav,已认可来源·其他目录,,keep,用户指定：1–400 待判断均可用,,
332,徐元白,潇湘水云,CD第1册\CD10\徐元白-潇湘水云.wav,已认可来源·其他目录,,keep,用户指定：1–400 待判断均可用,,
333,徐立孙,平沙落雁,CD第2册\21\徐立孙-平沙落雁.wav,已认可来源·其他目录,,keep,用户指定：1–400 待判断均可用,,
334,徐立孙,幽兰,CD第2册\21\徐立孙-幽兰.wav,已认可来源·其他目录,,keep,用户指定：1–400 待判断均可用,,
335,徐立孙,广陵散,CD第2册\21\徐立孙-广陵散.wav,已认可来源·其他目录,,keep,用户指定：1–400 待判断均可用,,
336,徐立孙,广陵散-残,CD第2册\21\徐立孙-广陵散-残.wav,已认可来源·其他目录,,keep,用户指定：1–400 待判断均可用,,
337,徐立孙,搔首问天1,CD第2册\21\徐立孙-搔首问天1.wav,已认可来源·其他目录,,keep,用户指定：1–400 待判断均可用,,
338,徐立孙,搔首问天2,CD第2册\21\徐立孙-搔首问天2.wav,已认可来源·其他目录,reject,reject,明确评分,,
339,杨葆元,桃源春晓,CD第2册\27\杨葆元-桃源春晓.wav,已认可来源·其他目录,,keep,用户指定：1–400 待判断均可用,,
340,杨葆元,水仙操1,CD第2册\27\杨葆元-水仙操1.wav,已认可来源·其他目录,,keep,用户指定：1–400 待判断均可用,,
341,杨葆元,水仙操2,CD第2册\27\杨葆元-水仙操2.wav,已认可来源·其他目录,,keep,用户指定：1–400 待判断均可用,,
342,杨葆元,渔樵问答,CD第2册\27\杨葆元-渔樵问答.wav,已认可来源·其他目录,,keep,用户指定：1–400 待判断均可用,,
343,查阜西,关山月,CD第1册\CD11\查阜西-关山月.wav,已认可来源·其他目录,,keep,用户指定：1–400 待判断均可用,,
344,查阜西,凯歌,CD第1册\CD11\查阜西-凯歌.wav,已认可来源·其他目录,,keep,用户指定：1–400 待判断均可用,,
345,查阜西,大江东去,CD第1册\CD11\查阜西-大江东去.wav,已认可来源·其他目录,reject,reject,明确评分,,
346,查阜西,普庵咒,CD第1册\CD11\查阜西-普庵咒.wav,已认可来源·其他目录,reject,reject,明确评分,,
347,查阜西,梅花三弄,CD第1册\CD11\查阜西-梅花三弄.wav,已认可来源·其他目录,,keep,用户指定：1–400 待判断均可用,,
348,查阜西,洞庭秋思,CD第1册\CD11\查阜西-洞庭秋思.wav,已认可来源·其他目录,,keep,用户指定：1–400 待判断均可用,,
349,查阜西,长门怨,CD第1册\CD11\查阜西-长门怨.wav,已认可来源·其他目录,,keep,用户指定：1–400 待判断均可用,,
350,查阜西,鸥鹭忘机,CD第1册\CD11\查阜西-鸥鹭忘机.wav,已认可来源·其他目录,,keep,用户指定：1–400 待判断均可用,,
351,管平湖,关山月,CD第1册\CD14\管平湖-关山月.wav,已认可来源·其他目录,,keep,用户指定：1–400 待判断均可用,,
352,管平湖,回忆,CD第1册\CD16\管平湖-回忆.wav,已认可来源·其他目录,,keep,用户指定：1–400 待判断均可用,,
353,管平湖,大胡笳,CD第1册\CD14\管平湖-大胡笳.wav,已认可来源·其他目录,,keep,用户指定：1–400 待判断均可用,,
354,管平湖,平沙落雁1,CD第1册\CD18\管平湖-平沙落雁1.wav,已认可来源·其他目录,,keep,用户指定：1–400 待判断均可用,,
355,管平湖,平沙落雁2,CD第1册\CD18\管平湖-平沙落雁2.wav,已认可来源·其他目录,,keep,用户指定：1–400 待判断均可用,,
356,管平湖,广陵散1,CD第1册\CD15\管平湖-广陵散1.wav,已认可来源·其他目录,,keep,用户指定：1–400 待判断均可用,,
357,管平湖,广陵散2,CD第1册\CD15\管平湖-广陵散2.wav,已认可来源·其他目录,,keep,用户指定：1–400 待判断均可用,,
358,管平湖,广陵散3,CD第1册\CD15\管平湖-广陵散3.wav,已认可来源·其他目录,,keep,用户指定：1–400 待判断均可用,,
359,管平湖,春晓吟,CD第1册\CD14\管平湖-春晓吟.wav,已认可来源·其他目录,,keep,用户指定：1–400 待判断均可用,,
360,管平湖,梅花三弄,CD第1册\CD17\管平湖-梅花三弄.wav,已认可来源·其他目录,,keep,用户指定：1–400 待判断均可用,,
361,管平湖,欸乃,CD第1册\CD14\管平湖-欸乃.wav,已认可来源·其他目录,,keep,用户指定：1–400 待判断均可用,,
362,管平湖,水仙操1,CD第1册\CD18\管平湖-水仙操1.wav,已认可来源·其他目录,,keep,用户指定：1–400 待判断均可用,,
363,管平湖,水仙操2,CD第1册\CD18\管平湖-水仙操2.wav,已认可来源·其他目录,,keep,用户指定：1–400 待判断均可用,,
364,管平湖,流水1,CD第1册\CD17\管平湖-流水1.wav,已认可来源·其他目录,,keep,用户指定：1–400 待判断均可用,,
365,管平湖,流水2,CD第1册\CD17\管平湖-流水2.wav,已认可来源·其他目录,,keep,用户指定：1–400 待判断均可用,,
366,管平湖,流水3,CD第1册\CD17\管平湖-流水3.wav,已认可来源·其他目录,,keep,用户指定：1–400 待判断均可用,,
367,管平湖,流水4,CD第1册\CD17\管平湖-流水4.wav,已认可来源·其他目录,,keep,用户指定：1–400 待判断均可用,,
368,管平湖,白雪1,CD第1册\CD14\管平湖-白雪1.wav,已认可来源·其他目录,,keep,用户指定：1–400 待判断均可用,,
369,管平湖,白雪2,CD第1册\CD14\管平湖-白雪2.wav,已认可来源·其他目录,,keep,用户指定：1–400 待判断均可用,,
370,管平湖,离骚1,CD第1册\CD16\管平湖-离骚1.wav,已认可来源·其他目录,,keep,用户指定：1–400 待判断均可用,,
371,管平湖,离骚2,CD第1册\CD16\管平湖-离骚2.wav,已认可来源·其他目录,,keep,用户指定：1–400 待判断均可用,,
372,管平湖,秋鸿,CD第1册\CD18\管平湖-秋鸿.wav,已认可来源·其他目录,reject,reject,明确评分,,
373,管平湖,胡笳十八拍,CD第1册\CD16\管平湖-胡笳十八拍.wav,已认可来源·其他目录,,keep,用户指定：1–400 待判断均可用,,
374,管平湖,胡笳十八拍-残,CD第1册\CD16\管平湖-胡笳十八拍-残.wav,已认可来源·其他目录,,keep,用户指定：1–400 待判断均可用,,
375,管平湖,良宵引,CD第1册\CD17\管平湖-良宵引.wav,已认可来源·其他目录,,keep,用户指定：1–400 待判断均可用,,
376,管平湖,获麟1,CD第1册\CD16\管平湖-获麟1.wav,已认可来源·其他目录,reject,reject,明确评分,,
377,管平湖,获麟2,CD第1册\CD16\管平湖-获麟2.wav,已认可来源·其他目录,,keep,用户指定：1–400 待判断均可用,,
378,管平湖,获麟3,CD第1册\CD16\管平湖-获麟3.wav,已认可来源·其他目录,,keep,用户指定：1–400 待判断均可用,,
379,管平湖,长清,CD第1册\CD14\管平湖-长清.wav,已认可来源·其他目录,,keep,用户指定：1–400 待判断均可用,,
380,管平湖,长门怨,CD第1册\CD14\管平湖-长门怨.wav,已认可来源·其他目录,,keep,用户指定：1–400 待判断均可用,,
381,管平湖,风雷引,CD第1册\CD14\管平湖-风雷引.wav,已认可来源·其他目录,,keep,用户指定：1–400 待判断均可用,,
382,管平湖,鸥鹭忘机,CD第1册\CD17\管平湖-鸥鹭忘机.wav,已认可来源·其他目录,,keep,用户指定：1–400 待判断均可用,,
383,管平湖,龙翔操,CD第1册\CD17\管平湖-龙翔操.wav,已认可来源·其他目录,,keep,用户指定：1–400 待判断均可用,,
384,顾梅羹,关山月,CD第2册\23\顾梅羹-关山月.wav,已认可来源·其他目录,,keep,用户指定：1–400 待判断均可用,,
385,顾梅羹,孔子读易1,CD第2册\23\顾梅羹-孔子读易1.wav,已认可来源·其他目录,,keep,用户指定：1–400 待判断均可用,,
386,顾梅羹,孔子读易2,CD第2册\23\顾梅羹-孔子读易2.wav,已认可来源·其他目录,,keep,用户指定：1–400 待判断均可用,,
387,顾梅羹,忆故人1,CD第2册\25\顾梅羹-忆故人1.wav,已认可来源·其他目录,,keep,用户指定：1–400 待判断均可用,,
388,顾梅羹,忆故人2,CD第2册\25\顾梅羹-忆故人2.wav,已认可来源·其他目录,,keep,用户指定：1–400 待判断均可用,,
389,顾梅羹,汉宫秋月-残,CD第2册\23\顾梅羹-汉宫秋月-残.wav,已认可来源·其他目录,,keep,用户指定：1–400 待判断均可用,,
390,顾梅羹,流水1,CD第2册\23\顾梅羹-流水1.wav,已认可来源·其他目录,,keep,用户指定：1–400 待判断均可用,,
391,顾梅羹,流水2,CD第2册\23\顾梅羹-流水2.wav,已认可来源·其他目录,,keep,用户指定：1–400 待判断均可用,,
392,顾梅羹,流水3,CD第2册\23\顾梅羹-流水3.wav,已认可来源·其他目录,,keep,用户指定：1–400 待判断均可用,,
393,顾梅羹,潇湘水云,CD第2册\25\顾梅羹-潇湘水云.wav,已认可来源·其他目录,,keep,用户指定：1–400 待判断均可用,,
394,顾梅羹,离骚,CD第2册\23\顾梅羹-离骚.wav,已认可来源·其他目录,reject,reject,明确评分,,
395,顾梅羹,秋塞吟,CD第2册\25\顾梅羹-秋塞吟.wav,已认可来源·其他目录,reject,reject,明确评分,,
396,顾梅羹,醉渔唱晚1,CD第2册\25\顾梅羹-醉渔唱晚1.wav,已认可来源·其他目录,,keep,用户指定：1–400 待判断均可用,,
397,顾梅羹,醉渔唱晚2,CD第2册\25\顾梅羹-醉渔唱晚2.wav,已认可来源·其他目录,,keep,用户指定：1–400 待判断均可用,,
398,顾梅羹,醉渔唱晚3,CD第2册\25\顾梅羹-醉渔唱晚3.wav,已认可来源·其他目录,,keep,用户指定：1–400 待判断均可用,,
399,顾梅羹,长侧,CD第2册\23\顾梅羹-长侧.wav,已认可来源·其他目录,,keep,用户指定：1–400 待判断均可用,,
400,顾梅羹,高山,CD第2册\23\顾梅羹-高山.wav,已认可来源·其他目录,,keep,用户指定：1–400 待判断均可用,,
401,Hsuh LuYuan,四大景,CD第1册\CD01\Hsuh LuYuan-四大景.wav,其他候选,reject,reject,明确评分,,
402,刘毅志,归去来辞,CD第4册\70\刘毅志-归去来辞.wav,其他候选,reject,reject,明确评分,,
403,北京古琴研究会,古琴历史录音,CD第4册\74\北京古琴研究会-古琴历史录音.wav,其他候选,reject,reject,明确评分,,
404,向笙阶,春闺怨,CD第1册\CD10\向笙阶-春闺怨.wav,其他候选,keep,keep,明确评分,,
405,吴宗汉,关山月,CD第3册\39\吴宗汉-关山月.wav,其他候选,reject,reject,明确评分,,
406,吴宗汉,平沙落雁,CD第3册\39\吴宗汉-平沙落雁.wav,其他候选,reject,reject,明确评分,,
407,吴宗汉,挟仙游,CD第3册\39\吴宗汉-挟仙游.wav,其他候选,reject,reject,明确评分,,
408,吴宗汉,梅花三弄,CD第3册\39\吴宗汉-梅花三弄.wav,其他候选,reject,reject,明确评分,,
409,吴宗汉,梧叶舞秋风,CD第3册\39\吴宗汉-梧叶舞秋风.wav,其他候选,reject,reject,明确评分,,
410,吴宗汉,玉楼春晓,CD第3册\39\吴宗汉-玉楼春晓.wav,其他候选,reject,reject,明确评分,,
411,吴宗汉,秋夜长,CD第3册\39\吴宗汉-秋夜长.wav,其他候选,reject,reject,明确评分,,
412,吴宗汉,良宵引,CD第3册\39\吴宗汉-良宵引.wav,其他候选,reject,reject,明确评分,,
413,吴宗汉,长门怨,CD第3册\39\吴宗汉-长门怨.wav,其他候选,reject,reject,明确评分,,
414,吴宗汉,风雷引,CD第3册\39\吴宗汉-风雷引.wav,其他候选,keep,keep,明确评分,,
415,吴振平,屈原问渡,CD第3册\46\吴振平-屈原问渡.wav,其他候选,reject,reject,明确评分,,
416,吴振平,幽兰,CD第3册\46\吴振平-幽兰.wav,其他候选,keep,keep,明确评分,,
417,吴振平,梅花三弄-残,CD第3册\46\吴振平-梅花三弄-残.wav,其他候选,reject,reject,明确评分,,
418,吴振平,电影李时珍,CD第3册\46\吴振平-电影李时珍.wav,其他候选,keep,keep,明确评分,,
419,吴振平,苏门长啸,CD第3册\46\吴振平-苏门长啸.wav,其他候选,keep,keep,明确评分,,
420,孙培章,良宵引,CD第4册\62\孙培章-良宵引.wav,其他候选,keep,keep,明确评分,,
421,孙培章,阳关三叠,CD第4册\62\孙培章-阳关三叠.wav,其他候选,keep,keep,明确评分,,
422,庄剑丞,潇湘水云-残,CD第3册\44\庄剑丞-潇湘水云-残.wav,其他候选,reject,reject,明确评分,,
423,张友鹤,平沙落雁,CD第1册\CD13\张友鹤-平沙落雁.wav,其他候选,reject,reject,明确评分,,
424,张子谦,天风环珮1,CD第2册\30\张子谦-天风环珮1.wav,其他候选,reject,reject,明确评分,,
425,张子谦,天风环珮2,CD第2册\30\张子谦-天风环珮2.wav,其他候选,keep,keep,明确评分,,
426,张子谦,平沙落雁,CD第2册\29\张子谦-平沙落雁.wav,其他候选,reject,reject,明确评分,,
427,张子谦,忆故人,CD第2册\31\张子谦-忆故人.wav,其他候选,keep,keep,明确评分,,
428,张子谦,梅花三弄1,CD第2册\29\张子谦-梅花三弄1.wav,其他候选,keep,keep,明确评分,,
429,张子谦,梅花三弄2,CD第2册\29\张子谦-梅花三弄2.wav,其他候选,keep,keep,明确评分,,
430,张子谦,梅花三弄3,CD第2册\29\张子谦-梅花三弄3.wav,其他候选,keep,keep,明确评分,,
431,张子谦,楚歌1,CD第2册\28\张子谦-楚歌1.wav,其他候选,keep,keep,明确评分,,
432,张子谦,楚歌2,CD第2册\28\张子谦-楚歌2.wav,其他候选,keep,keep,明确评分,,
433,张子谦,樵歌,CD第2册\30\张子谦-樵歌.wav,其他候选,reject,reject,明确评分,,
434,张子谦,泛沧浪,CD第2册\28\张子谦-泛沧浪.wav,其他候选,reject,reject,明确评分,,
435,张子谦,渔歌,CD第2册\31\张子谦-渔歌.wav,其他候选,keep,keep,明确评分,,
436,张子谦,潇湘水云-残,CD第2册\31\张子谦-潇湘水云-残.wav,其他候选,reject,reject,明确评分,,
437,张子谦,秋塞吟-残,CD第2册\30\张子谦-秋塞吟-残.wav,其他候选,reject,reject,明确评分,,
438,张子谦,秋鸿1,CD第2册\30\张子谦-秋鸿1.wav,其他候选,reject,reject,明确评分,,
439,张子谦,秋鸿2,CD第2册\30\张子谦-秋鸿2.wav,其他候选,keep,keep,明确评分,,
440,张子谦,良宵引1,CD第2册\28\张子谦-良宵引1.wav,其他候选,keep,keep,明确评分,,
441,张子谦,良宵引2,CD第2册\28\张子谦-良宵引2.wav,其他候选,keep,keep,明确评分,,
442,张子谦,酒狂1,CD第2册\28\张子谦-酒狂1.wav,其他候选,keep,keep,明确评分,,
443,张子谦,酒狂2,CD第2册\28\张子谦-酒狂2.wav,其他候选,keep,keep,明确评分,,
444,张子谦,长清1,CD第2册\28\张子谦-长清1.wav,其他候选,keep,keep,明确评分,,
445,张子谦,长清2,CD第2册\28\张子谦-长清2.wav,其他候选,reject,reject,明确评分,,
446,张子谦,飞鸣吟,CD第2册\28\张子谦-飞鸣吟.wav,其他候选,keep,keep,明确评分,,
447,张子谦,龙翔操1-残,CD第2册\28\张子谦-龙翔操1-残.wav,其他候选,reject,reject,明确评分,,
448,张子谦,龙翔操2,CD第2册\28\张子谦-龙翔操2.wav,其他候选,keep,keep,明确评分,,
449,张子谦,龙翔操3,CD第2册\28\张子谦-龙翔操3.wav,其他候选,keep,keep,明确评分,,
450,张子谦,龙翔操4,CD第2册\28\张子谦-龙翔操4.wav,其他候选,keep,keep,明确评分,,
451,朱龙庵,平沙落雁,CD第3册\47\朱龙庵-平沙落雁.wav,其他候选,keep,keep,明确评分,,
452,朱龙庵,忆故人,CD第3册\47\朱龙庵-忆故人.wav,其他候选,reject,reject,明确评分,,
453,朱龙庵,普庵咒,CD第3册\47\朱龙庵-普庵咒.wav,其他候选,reject,reject,明确评分,,
454,朱龙庵,梧叶舞秋风,CD第3册\47\朱龙庵-梧叶舞秋风.wav,其他候选,keep,keep,明确评分,,
455,朱龙庵,渔樵问答,CD第3册\47\朱龙庵-渔樵问答.wav,其他候选,reject,reject,明确评分,,
456,朱龙庵,秋江夜泊,CD第3册\47\朱龙庵-秋江夜泊.wav,其他候选,keep,keep,明确评分,,
457,朱龙庵,长门怨,CD第3册\47\朱龙庵-长门怨.wav,其他候选,keep,keep,明确评分,,
458,朱龙庵,鸥鹭忘机1,CD第3册\47\朱龙庵-鸥鹭忘机1.wav,其他候选,reject,reject,明确评分,,
459,朱龙庵,鸥鹭忘机2,CD第3册\47\朱龙庵-鸥鹭忘机2.wav,其他候选,keep,keep,明确评分,,
460,李传爱,潇湘水云,CD第4册\61\李传爱-潇湘水云.wav,其他候选,reject,reject,明确评分,,
461,李璠,平沙落雁1,CD第4册\57\李璠-平沙落雁1.wav,其他候选,keep,keep,明确评分,,
462,李璠,平沙落雁2,CD第4册\57\李璠-平沙落雁2.wav,其他候选,reject,reject,明确评分,,
463,李璠,潇湘水云,CD第4册\57\李璠-潇湘水云.wav,其他候选,reject,reject,明确评分,,
464,李璠,长门怨,CD第4册\57\李璠-长门怨.wav,其他候选,reject,reject,明确评分,,
465,李璠,高山1,CD第4册\57\李璠-高山1.wav,其他候选,keep,keep,明确评分,,
466,李璠,高山2,CD第4册\57\李璠-高山2.wav,其他候选,reject,reject,明确评分,,
467,李璠,鸥鹭忘机,CD第4册\57\李璠-鸥鹭忘机.wav,其他候选,reject,reject,明确评分,,
468,杨新伦,乌夜啼,CD第2册\22\杨新伦-乌夜啼.wav,其他候选,keep,keep,明确评分,,
469,杨新伦,怀古,CD第2册\22\杨新伦-怀古.wav,其他候选,keep,keep,明确评分,,
470,杨新伦,渔樵问答,CD第2册\22\杨新伦-渔樵问答.wav,其他候选,reject,reject,明确评分,,
471,杨新伦,玉树临风,CD第2册\22\杨新伦-玉树临风.wav,其他候选,keep,keep,明确评分,,
472,杨新伦,碧涧流泉,CD第2册\22\杨新伦-碧涧流泉.wav,其他候选,keep,keep,明确评分,,
473,杨新伦,高山,CD第2册\22\杨新伦-高山.wav,其他候选,keep,keep,明确评分,,
474,杨新伦,鸥鹭忘机,CD第2册\22\杨新伦-鸥鹭忘机.wav,其他候选,keep,keep,明确评分,,
475,王凤襄,秋江夜泊,CD第3册\56\王凤襄-秋江夜泊.wav,其他候选,reject,reject,明确评分,,
476,王凤襄,秋风词,CD第3册\56\王凤襄-秋风词.wav,其他候选,reject,reject,明确评分,,
477,王凤襄,良宵引,CD第3册\56\王凤襄-良宵引.wav,其他候选,reject,reject,明确评分,,
478,王绍舜,关山月,CD第4册\73\王绍舜-关山月.wav,其他候选,keep,keep,明确评分,,
479,王绍舜,梧叶舞秋风,CD第4册\73\王绍舜-梧叶舞秋风.wav,其他候选,keep,keep,明确评分,,
480,王绍舜,渔樵问答,CD第4册\73\王绍舜-渔樵问答.wav,其他候选,keep,keep,明确评分,,
481,王绍舜,潇湘水云,CD第4册\73\王绍舜-潇湘水云.wav,其他候选,keep,keep,明确评分,,
482,王绍舜,胡笳十八拍,CD第4册\73\王绍舜-胡笳十八拍.wav,其他候选,reject,reject,明确评分,,
483,王绍舜,阳关三叠,CD第4册\73\王绍舜-阳关三叠.wav,其他候选,reject,reject,明确评分,,
484,程独清,归去来辞,CD第1册\CD10\程独清-归去来辞.wav,其他候选,reject,reject,明确评分,,
485,章志荪,客窗夜话,CD第1册\CD05\章志荪-客窗夜话.wav,其他候选,keep,keep,明确评分,,
486,胡莹堂,平沙落雁1,CD第1册\CD13\胡莹堂-平沙落雁1.wav,其他候选,keep,keep,明确评分,,
487,胡莹堂,平沙落雁2,CD第1册\CD13\胡莹堂-平沙落雁2.wav,其他候选,reject,reject,明确评分,,
488,胡莹堂,忆故人,CD第1册\CD13\胡莹堂-忆故人.wav,其他候选,keep,keep,明确评分,,
489,胡莹堂,普庵咒-残,CD第1册\CD13\胡莹堂-普庵咒-残.wav,其他候选,reject,reject,明确评分,,
490,胡莹堂,渔歌,CD第1册\CD10\胡莹堂-渔歌.wav,其他候选,reject,reject,明确评分,,
491,胡莹堂,醉渔唱晚,CD第1册\CD13\胡莹堂-醉渔唱晚.wav,其他候选,keep,keep,明确评分,,
492,胡莹堂,长门怨,CD第1册\CD13\胡莹堂-长门怨.wav,其他候选,keep,keep,明确评分,,
493,胥桐华,平沙落雁,CD第3册\44\胥桐华-平沙落雁.wav,其他候选,reject,reject,明确评分,,
494,胥桐华,渔樵问答,CD第3册\44\胥桐华-渔樵问答.wav,其他候选,reject,reject,明确评分,,
495,胥桐华,盘州,CD第3册\44\胥桐华-盘州.wav,其他候选,reject,reject,明确评分,,
496,胥桐华,耕莘钓渭,CD第3册\44\胥桐华-耕莘钓渭.wav,其他候选,reject,reject,明确评分,,
497,胥桐华,醉渔唱晚-残,CD第3册\44\胥桐华-醉渔唱晚-残.wav,其他候选,reject,reject,明确评分,,
498,蔡德允,关山月,CD第3册\42\蔡德允-关山月.wav,其他候选,keep,keep,明确评分,,
499,蔡德允,古琴吟,CD第3册\42\蔡德允-古琴吟.wav,其他候选,keep,keep,明确评分,,
500,蔡德允,平沙落雁1,CD第3册\42\蔡德允-平沙落雁1.wav,其他候选,keep,keep,明确评分,,
501,蔡德允,平沙落雁2,CD第3册\42\蔡德允-平沙落雁2.wav,其他候选,keep,keep,明确评分,,
502,蔡德允,忆故人,CD第3册\43\蔡德允-忆故人.wav,其他候选,keep,keep,明确评分,,
503,蔡德允,慨古吟,CD第3册\42\蔡德允-慨古吟.wav,其他候选,keep,keep,明确评分,,
504,蔡德允,普庵咒,CD第3册\42\蔡德允-普庵咒.wav,其他候选,reject,reject,明确评分,,
505,蔡德允,梅花三弄,CD第3册\42\蔡德允-梅花三弄.wav,其他候选,keep,keep,明确评分,,
506,蔡德允,梧叶舞秋风,CD第3册\43\蔡德允-梧叶舞秋风.wav,其他候选,keep,keep,明确评分,,
507,蔡德允,水仙操,CD第3册\42\蔡德允-水仙操.wav,其他候选,keep,keep,明确评分,,
508,蔡德允,渔樵问答,CD第3册\43\蔡德允-渔樵问答.wav,其他候选,keep,keep,明确评分,,
509,蔡德允,湘江怨,CD第3册\43\蔡德允-湘江怨.wav,其他候选,keep,keep,明确评分,,
510,蔡德允,潇湘水云1,CD第3册\43\蔡德允-潇湘水云1.wav,其他候选,keep,keep,明确评分,,
511,蔡德允,潇湘水云2,CD第3册\43\蔡德允-潇湘水云2.wav,其他候选,keep,keep,明确评分,,
512,蔡德允,玉楼春晓,CD第3册\43\蔡德允-玉楼春晓.wav,其他候选,keep,keep,明确评分,,
513,蔡德允,精忠词,CD第3册\42\蔡德允-精忠词.wav,其他候选,keep,keep,明确评分,,
514,蔡德允,胡笳十八拍,CD第3册\42\蔡德允-胡笳十八拍.wav,其他候选,keep,keep,明确评分,,
515,蔡德允,良宵引,CD第3册\42\蔡德允-良宵引.wav,其他候选,keep,keep,明确评分,,
516,蔡德允,醉渔唱晚1,CD第3册\43\蔡德允-醉渔唱晚1.wav,其他候选,keep,keep,明确评分,,
517,蔡德允,醉渔唱晚2,CD第3册\43\蔡德允-醉渔唱晚2.wav,其他候选,keep,keep,明确评分,,
518,蔡德允,长门怨,CD第3册\42\蔡德允-长门怨.wav,其他候选,keep,keep,明确评分,,
519,蔡德允,阳关三叠,CD第3册\43\蔡德允-阳关三叠.wav,其他候选,keep,keep,明确评分,,
520,蔡德允,阳春,CD第3册\43\蔡德允-阳春.wav,其他候选,keep,keep,明确评分,,
521,蔡德允,龙翔操,CD第3册\42\蔡德允-龙翔操.wav,其他候选,keep,keep,明确评分,,
522,詹澄秋,听泉吟1,CD第1册\CD07\詹澄秋-听泉吟1.wav,其他候选,reject,reject,明确评分,,
523,詹澄秋,听泉吟2,CD第1册\CD07\詹澄秋-听泉吟2.wav,其他候选,keep,keep,明确评分,,
524,詹澄秋,平沙落雁1,CD第1册\CD07\詹澄秋-平沙落雁1.wav,其他候选,reject,reject,明确评分,,
525,詹澄秋,平沙落雁2,CD第1册\CD07\詹澄秋-平沙落雁2.wav,其他候选,reject,reject,明确评分,,
526,詹澄秋,归去来辞,CD第1册\CD06\詹澄秋-归去来辞.wav,其他候选,reject,reject,明确评分,,
527,詹澄秋,挟仙游,CD第1册\CD07\詹澄秋-挟仙游.wav,其他候选,reject,reject,明确评分,,
528,詹澄秋,捣衣,CD第1册\CD06\詹澄秋-捣衣.wav,其他候选,reject,reject,明确评分,,
529,詹澄秋,水仙操,CD第1册\CD07\詹澄秋-水仙操.wav,其他候选,reject,reject,明确评分,,
530,詹澄秋,流水,CD第1册\CD06\詹澄秋-流水.wav,其他候选,reject,reject,明确评分,,
531,詹澄秋,渔樵问答,CD第1册\CD07\詹澄秋-渔樵问答.wav,其他候选,reject,reject,明确评分,,
532,詹澄秋,潇湘水云,CD第1册\CD07\詹澄秋-潇湘水云.wav,其他候选,keep,keep,明确评分,,
533,詹澄秋,石上流泉,CD第1册\CD07\詹澄秋-石上流泉.wav,其他候选,reject,reject,明确评分,,
534,詹澄秋,秋江夜泊,CD第1册\CD07\詹澄秋-秋江夜泊.wav,其他候选,reject,reject,明确评分,,
535,詹澄秋,良宵引,CD第1册\CD06\詹澄秋-良宵引.wav,其他候选,reject,reject,明确评分,,
536,詹澄秋,释谈章,CD第1册\CD07\詹澄秋-释谈章.wav,其他候选,reject,reject,明确评分,,
537,詹澄秋,长门怨,CD第1册\CD06\詹澄秋-长门怨.wav,其他候选,reject,reject,明确评分,,
538,詹澄秋,高山1,CD第1册\CD06\詹澄秋-高山1.wav,其他候选,reject,reject,明确评分,,
539,詹澄秋,高山2,CD第1册\CD06\詹澄秋-高山2.wav,其他候选,keep,keep,明确评分,,
540,詹澄秋,鹤舞洞天,CD第1册\CD06\詹澄秋-鹤舞洞天.wav,其他候选,reject,reject,明确评分,,
541,邵元复,关山月,CD第4册\70\邵元复-关山月.wav,其他候选,keep,keep,明确评分,,
542,邵元复,凤求凰,CD第4册\70\邵元复-凤求凰.wav,其他候选,keep,keep,明确评分,,
543,邵元复,平沙落雁,CD第4册\70\邵元复-平沙落雁.wav,其他候选,reject,reject,明确评分,,
544,邵元复,忆故人,CD第4册\71\邵元复-忆故人.wav,其他候选,keep,keep,明确评分,,
545,邵元复,挟仙游,CD第4册\71\邵元复-挟仙游.wav,其他候选,reject,reject,明确评分,,
546,邵元复,捣衣,CD第4册\70\邵元复-捣衣.wav,其他候选,reject,reject,明确评分,,
547,邵元复,极乐吟,CD第4册\70\邵元复-极乐吟.wav,其他候选,keep,keep,明确评分,,
548,邵元复,梅花三弄,CD第4册\70\邵元复-梅花三弄.wav,其他候选,keep,keep,明确评分,,
549,邵元复,渔樵问答,CD第4册\71\邵元复-渔樵问答.wav,其他候选,reject,reject,明确评分,,
550,邵元复,潇湘水云,CD第4册\71\邵元复-潇湘水云.wav,其他候选,reject,reject,明确评分,,
551,邵元复,玉楼春晓,CD第4册\71\邵元复-玉楼春晓.wav,其他候选,keep,keep,明确评分,,
552,邵元复,秋夜长,CD第4册\71\邵元复-秋夜长.wav,其他候选,keep,keep,明确评分,,
553,邵元复,秋江夜泊,CD第4册\71\邵元复-秋江夜泊.wav,其他候选,reject,reject,明确评分,,
554,邵元复,秋风词,CD第4册\71\邵元复-秋风词.wav,其他候选,reject,reject,明确评分,,
555,邵元复,长门怨,CD第4册\70\邵元复-长门怨.wav,其他候选,reject,reject,明确评分,,
556,邵元复,阳关三叠,CD第4册\71\邵元复-阳关三叠.wav,其他候选,reject,reject,明确评分,,
557,邵元复,风雷引,CD第4册\70\邵元复-风雷引.wav,其他候选,reject,reject,明确评分,,
558,郑颖孙,长门怨,CD第1册\CD10\郑颖孙-长门怨.wav,其他候选,reject,reject,明确评分,,
559,郭同甫,山居吟,CD第1册\CD04\郭同甫-山居吟.wav,其他候选,reject,reject,明确评分,,
560,郭同甫,平沙落雁,CD第1册\CD04\郭同甫-平沙落雁.wav,其他候选,reject,reject,明确评分,,
561,郭同甫,水仙操,CD第1册\CD04\郭同甫-水仙操.wav,其他候选,reject,reject,明确评分,,
562,金致淇,平沙落雁,CD第1册\CD13\金致淇-平沙落雁.wav,其他候选,reject,reject,明确评分,,
563,金致淇,鹿鸣操,CD第1册\CD13\金致淇-鹿鸣操.wav,其他候选,reject,reject,明确评分,,
564,陈维斌,普庵咒,CD第1册\CD05\陈维斌-普庵咒.wav,其他候选,keep,keep,明确评分,,
565,马景洛,凤鸣朝阳,CD第1册\CD01\马景洛-凤鸣朝阳.wav,其他候选,keep,keep,明确评分,,
566,马景洛,双鹤听泉,CD第1册\CD01\马景洛-双鹤听泉.wav,其他候选,keep,keep,明确评分,,
567,马景洛,客窗夜话,CD第1册\CD01\马景洛-客窗夜话.wav,其他候选,keep,keep,明确评分,,
568,马景洛,梧叶舞秋风,CD第1册\CD01\马景洛-梧叶舞秋风.wav,其他候选,reject,reject,明确评分,,
569,马景洛,渔樵问答,CD第1册\CD01\马景洛-渔樵问答.wav,其他候选,reject,reject,明确评分,,
570,马景洛,风云际会,CD第1册\CD01\马景洛-风云际会.wav,其他候选,keep,keep,明确评分,,
571,黄渔仙,平沙落雁,CD第1册\CD05\黄渔仙-平沙落雁.wav,其他候选,reject,reject,明确评分,,
